paper_id,doi,title,year,journal,authors,abstract_keywords
1,10.1002/(sici)1521-3765(19980710)4:7<1312::aid-chem1312>3.0.co;2-k,"Synthesis, Structure, and Physicochemical and Catalytic Characterization of the Novel High‐Silica Large‐Pore Zeolite SSZ‐42",1998,,,
2,10.1002/(sici)1521-3773(19980817)37:15<2122::aid-anie2122>3.0.co;2-6,SSZ‐23: An Odd Zeolite with Pore Openings of Seven and Nine Tetrahedral Atoms,1998,,,
3,10.1002/(sici)1521-3773(19990301)38:5<653::aid-anie653>3.0.co;2-c,An Open-Framework Germanate with Polycubane-Like Topology,1999,,,
4,10.1002/(sici)1521-3773(19990503)38:9<1269::aid-anie1269>3.0.co;2-3,SSZ‐35 and SSZ‐44: Two Related Zeolites Containing Pores Circumscribed by Ten‐ and Eighteen‐Membered Rings,1999,,,
5,10.1002/(sici)1521-3773(19990712)38:13/14<1997::aid-anie1997>3.0.co;2-u,ITQ‐7: A New Pure Silica Polymorph with a Three‐Dimensional System of Large Pore Channels,1999,,,
6,10.1002/(sici)1521-3773(19991004)38:19<2891::aid-anie2891>3.0.co;2-x,Combinatorial Methods for the Synthesis of Aluminophosphate Molecular Sieves,1999,,,
7,10.1002/1099-0682(200105)2001:5<1167::aid-ejic1167>3.0.co;2-z,Synthesis and Characterization of Epitaxial FAU‐on‐EMT Zeolite Overgrowth Materials,2001,,,"['29si magic angle spinning', 'appropriate synthesis parameters made', 'epitaxial fau zeolite films']"
8,10.1002/1439-7641(20021018)3:10<892::aid-cphc892>3.0.co;2-h,New Insights into the Spatial Distribution of Aluminium in Various Mesoporous Aluminosilicates,2002,,,"['external surface catalyse', 'mms supported catalysts', 'pore wall surfaces']"
9,10.1002/1521-3765(20010401)7:7<1437::aid-chem1437>3.0.co;2-m,"One‐Step Synthesis of a Highly Active, Mesoporous, Titanium‐Containing Silica by Using Bifunctional Templating",2001,,,"['free triethanolamine form meso', 'template mesopores upon increasing', 'triethanolamine easily forms complexes']"
10,10.1002/1521-3765(20010504)7:9<1990::aid-chem1990>3.0.co;2-g,Studies of the Synthesis of SSZ‐25 Zeolite in a “Mixed‐Template” System,2001,,,
11,10.1002/1521-3765(20010903)7:17<3722::aid-chem3722>3.0.co;2-j,"Cationic Host–Guest Polymerization of N‐Vinylcarbazole and Vinyl Ethers in MCM‐41, MCM‐48, and Nanoporous Glasses",2001,,,"['dynamic glass transition ).', 'adjusted within certain limits', 'lower molecular weight systems']"
12,10.1002/1521-3765(20021004)8:19<4549::aid-chem4549>3.0.co;2-z,Incommensurate Modulation in the Microporous Silica SSZ‐24,2002,,,"['29si mas nmr experiments', 'several phonon branches soften', 'incommensurate structural modulation along']"
13,10.1002/1521-3765(20021018)8:20<4708::aid-chem4708>3.0.co;2-u,Selective and Shape‐Selective Baeyer–Villiger Oxidations of Aromatic Aldehydes and Cyclic Ketones with Sn‐Beta Zeolites and H2O2,2002,,,"['different molecular shapes', '18o labeling experiments', 'corresponding hydrolyzed product']"
14,10.1002/1521-3765(20021115)8:22<5153::aid-chem5153>3.0.co;2-e,Mechanism of CIT‐6 and VPI‐8 Crystallization from Zincosilicate Gels,2002,,,"['whereas crystal growth involves', '8 crystalline phase appears', 'tea +), li']"
15,10.1002/1521-3773(20000703)39:13<2346::aid-anie2346>3.0.co;2-b,"Synthesis, Characterization, and Catalytic Activity of a Large‐Pore Tridirectional Zeolite, H‐ITQ‐7",2000,,,
16,10.1002/1521-3773(20001002)39:19<3419::aid-anie3419>3.0.co;2-r,Spectroscopy of the Formation of Microporous Transition Metal Ion Containing Aluminophosphates under Hydrothermal Conditions,2000,,,
17,10.1002/1521-3773(20010601)40:11<2166::aid-anie2166>3.0.co;2-c,A Large 24‐Membered‐Ring Germanate Zeolite‐Type Open‐Framework Structure with Three‐Dimensional Intersecting Channels,2001,,,
18,10.1002/1521-3773(20010618)40:12<2277::aid-anie2277>3.0.co;2-o,Pure Polymorph C of Zeolite Beta Synthesized by Using Framework Isomorphous Substitution as a Structure‐Directing Mechanism,2001,,,"['germanium preferentially occupies positions', 'zeolite beta allows', 'secondary building units']"
19,10.1002/1521-3773(20020201)41:3<469::aid-anie469>3.0.co;2-k,Direct Evidence for the Nonrandom Nature of Al Substitution in Zeolite ZSM‐5: An Investigation by 27Al MAS and MQ MAS NMR,2002,,,"['27al mas nmr measurements', '27al mqmas spectra', 'ray diffraction data']"
20,10.1002/1521-3773(20020201)41:3<476::aid-anie476>3.0.co;2-s,Hydrothermal Synthesis of Molecular Sieve Fibers: Using Microemulsions To Control Crystal Morphology,2002,,,"['aluminophosphate molecular sieve alpo4', '200 nm thick fibers', 'scale 1 mm']"
21,10.1002/1521-4079(200208)37:8<803::aid-crat803>3.0.co;2-q,Synthesis and Crystal Structure of Open Framework Zinc‐Cobalt Phosphate with Zeolite DFT Topology,2002,,,
22,10.1002/1521-4125(200203)25:3<273::aid-ceat273>3.0.co;2-4,Template‐Free Synthesis of Zeolite Ferrierite and Characterization of its Acid Sites,2002,,,
23,10.1002/adfm.200901226,Osteoconductive and Osteoinductive Properties of Zeolite MFI Coatings on Titanium Alloys,2009,,,"['indicating higher osteoinductive properties', 'zeolite crystal microstructure appears', 'resistant zeolite mfi coatings']"
24,10.1002/adfm.200902205,Interplay of Properties and Functions upon Introduction of Mesoporosity in ITQ‐4 Zeolite,2010,,,"['recently introduced hierarchy factor', 'overall catalytic performance without', 'appropriately relate porosity changes']"
25,10.1002/adfm.201102734,The Performance of Small‐Pore Microporous Aluminophosphates in Low‐Temperature Solar Energy Storage: The Structure–Property Relationship,2012,,,"['highly ordered water clusters', 'maximum water sorption capacity', 'stored energy density']"
26,10.1002/adfm.201700864,Sub‐Micrometer Zeolite Films on Gold‐Coated Silicon Wafers with Single‐Crystal‐Like Dielectric Constant and Elastic Modulus,2017,,,"['silicon wafer processing technology', 'optimized secondary growth conditions', 'coated silicon wafer']"
27,10.1002/adma.201404628,Synthesis of Single Crystal Nanoreactor Materials with Multiple Catalytic Functions by Incipient Wetness Impregnation and Ion Exchange,2015,,,"['metal oxide particles within', 'multiple catalytic sites', 'bronsted acid sites']"
28,10.1002/admi.201500848,Zeolite Crystals Embedded Nanotextured Coating with Hydrophobic Surface: An Innovation Toward Next Generation Solar Cover Glass for Efficient Light‐Harvesting,2016,,,"['elevated visual transparency along', 'electrical power generation capability', 'cleanable coatings exhibiting antidazzle']"
29,10.1002/admi.202001288,Nanosponge TS‐1: A Fully Crystalline Hierarchical Epoxidation Catalyst,2021,,,"['titanosilicates activate hydrogen peroxide', 'thereby potentially reducing costs', 'linalool conversion linearly increases']"
30,10.1002/admi.202002029,Hierarchical SAPO‐34 Preparation Based on the Crystal Metastability in Mother Liquor Solution,2021,,,"['effective etching strategy based', 'obtained conveniently via', 'dissolution process controlled']"
31,10.1002/adsc.201000571,Retro‐Diels–Alder Reactions of Masked Cyclopentadienones Catalyzed by Heterogeneous Brønsted Acids,2010,,,"['optimum reaction conditions established', 'diels – alder reactions', 'diels – alder reaction']"
32,10.1002/aenm.201601815,Superior Performance of Microporous Aluminophosphate with LTA Topology in Solar‐Energy Storage and Heat Reallocation,2017,,,"['nuclear magnetic resonance measurements', 'high predicted pore volume', 'exhibits superior water uptake']"
33,10.1002/aic.10217,Transient permeation of butanes through ZSM‐5 and ZSM‐11 zeolite membranes,2004,,,"['porous tubular supports affected', 'driven flow (< 10', 'apparently significantly less constrained']"
34,10.1002/aic.10695,Durability of hydrophilic and antimicrobial zeolite coatings under water immersion,2006,,,"['independent water separation within', 'using hydrophilic fin surfaces', 'coating must also']"
35,10.1002/aic.11409,Hydrophilic zeolite coatings for improved heat transfer: A quantitative analysis,2008,,,"['different initial surface temperatures', 'initial surface temperatures studied', 'maximum heat transfer coefficients']"
36,10.1002/aic.12622,Effects of water vapor on gas permeation and separation properties of MFI zeolite membranes at high temperatures,2012,,,"['separation involving water vapor', 'water vapor lowers h2', 'hydrophobic silicalite membrane']"
37,10.1002/aic.12805,Technico‐economical assessment of MFI‐type zeolite membranes for CO2 capture from postcombustion flue gases,2012,,,"['standard flue gases emitted', 'molar composition 1 sio2', 'e ., co2 recovery']"
38,10.1002/aic.13822,A new catalytic process for high‐efficiency synthesis of p‐xylene by methylation of toluene with CH3Br,2013,,,"['economic standpoint since ch4', 'good industrial potential', 'optimal reaction conditions']"
39,10.1002/aic.13851,High‐performance zeolite T membrane for dehydration of organics by a new varying temperature hot‐dip coating method,2013,,,"['free asymmetric seed layer', 'secondary hydrothermal growth', 'corresponding separation factor']"
40,10.1002/aic.14671,Ion‐exchange adsorption of calcium ions from water and geothermal water with modified zeolite A,2015,,,"['high adsorption capacity indicates', 'calcium ion concentration less', 'calcium ion adsorption capacity']"
41,10.1002/aic.15011,Mixed matrix membranes based on 6FDA polyimide with silica and zeolite microsphere dispersed phases,2015,,,"['50 vol %) selectivities', 'besides single gas h2', 'show enhancements vs']"
42,10.1002/aic.15434,Krypton‐xenon separation properties of SAPO‐34 zeolite materials and membranes,2017,,,"['used nuclear fuel recycling', 'also highlight competing effects', 'membrane transport measurements reveal']"
43,10.1002/aic.15521,Hydrocarbon steam reforming using Silicalite‐1 zeolite encapsulated Ni‐based catalyst,2017,,,"['uncoated sr catalyst deactivated', 'composite catalyst demonstrated stability', 'size selective steam reforming']"
44,10.1002/aic.16200,One‐pot synthesis of binderless zeolite A spheres via in situ hydrothermal conversion of silica gel precursors,2018,,,"['al species could contact', 'released si species', 'pore structure analyses']"
45,10.1002/aic.16503,A quantitative study of the structure–activity relationship in hierarchical zeolites using liquid‐phase reactions,2019,,,"['sized characteristic diffusion lengths', 'observed performance remains elusive', 'reactions involving bulky reactants']"
46,10.1002/aic.16917,Selective steam reforming of n‐dodecane over stable subnanometric NiPt clusters encapsulated in Silicalite‐1 zeolite,2020,,,"['suppressed methanation reaction based', 'highly exposed active sites', 'xylene could hardly diffuse']"
47,10.1002/aic.17130,Core‐shell structured HZSM‐5@mesoSiO2 catalysts with tunable shell thickness for efficient n‐butane catalytic cracking,2021,,,"['chemical reaction kinetic analysis', 'positive linear correlation', 'diffusional time constant']"
48,10.1002/aic.17177,Integrating pore interconnectivity and adaptability in a single crystal hierarchical zeolite for liquid alkylation,2021,,,"['zeolite exhibits superior activity', 'stability toward alkylation', 'small micropore size']"
49,10.1002/ajoc.201700120,"Sustainable Catalytic Process with a High Eco‐Scale Score for the Synthesis of Five‐, Six‐, and Seven‐Membered Heterocyclic Compounds Using Nanocrystalline Zeolites",2017,,,"['first reported systematic assessment', 'dependent 1h nmr experiments', 'five -, six -,']"
50,10.1002/anie.198900811,A Silicogermanate with a Si : Ge Ratio ≥ 2—an MFI Zeolite of Novel Composition,1989,,,
51,10.1002/anie.199406391,A Novel Open‐Framework Cobalt Phosphate Containing a Tetrahedrally Coordinated Cobalt(II) Center: CoPO4 · 0.5 C2H10N2,1994,,,
52,10.1002/anie.199500631,A New Zincosilicate Zeolite with Nine‐Ring Channels,1995,,,
53,10.1002/anie.199628691,A Layer Silicate: Synthesis and Structure of the Zeolite Precursor RUB‐15—[N(CH3)4]8[Si24O52(OH)4]·20 H2O,1996,,,
54,10.1002/anie.199726591,"Synthesis and Structure of ITQ‐3, the First Pure Silica Polymorph with a Two‐Dimensional System of Straight Eight‐Ring Channels",1997,,,
55,10.1002/anie.199726751,Synthesis of a Small‐Pore Microporous Material Using a Computationally Designed Template,1997,,,
56,10.1002/anie.200219900,In Situ Incorporation of 2‐(2‐Hydroxyphenyl)benzothiazole within FAU Colloidal Crystals,2003,,,"['state intramolecular proton', 'raman data reveal', 'absorption spectrum depicted']"
57,10.1002/anie.200250076,Open‐Framework Materials Synthesized in the TMA+/TEA+ Mixed‐Template System: The New Low Si/Al Ratio Zeolites UZM‐4 and UZM‐5,2003,,,"['new framework topology related', 'large surface cups capable', 'tea +) ions']"
58,10.1002/anie.200250351,Mechanistic Insights into the Conversion of Cyclohexene to Adipic Acid by H2O2 in the Presence of a TAPO‐5 Catalyst,2003,,,"['containing aluminophosphate molecular sieve', 'good heterogeneous catalyst', 'cyclohexanediol intermediate plays']"
59,10.1002/anie.200290028,"Preferential Location of Ge Atoms in Polymorph C of Beta Zeolite (ITQ‐17) and Their Structure‐Directing Effect: A Computational, XRD, and NMR Spectroscopic Study",2002,,,"['see picture ).', 'forcefield atomic simulations', 'ge containing itq']"
60,10.1002/anie.200353502,Nanoporous Metal‐Containing Nickel Phosphates: A Class of Shape‐Selective Catalyst,2004,,,"['offers promising catalytic properties', 'nanoporous nickel phosphate vsb', '1 exhibits zeolitic properties']"
61,10.1002/anie.200390304,A Zeolite Structure (ITQ‐13) with Three Sets of Medium‐Pore Crossing Channels Formed by9‐ and 10‐Rings,2003,,,"['see picture ).', 'ring pore apertures', 'introduce acid sites']"
62,10.1002/anie.200460085,Crystal Structure Determination of Zeolite Nu‐6(2) and Its Layered Precursor Nu‐6(1),2004,,,"['combining high resolution x', 'two independent sets', 'ray powder pattern']"
63,10.1002/anie.200460146,Preparation of Higher‐Order Zeolite Materials by Using Dextran Templating,2004,,,"['prepare elaborate porous frameworks', 'directed processes involving polysaccharide', 'crystallographically aligned silicalite nanocrystals']"
64,10.1002/anie.200460168,The Topotactic Conversion of a Novel Layered Silicate into a New Framework Zeolite,2004,,,"['density silicate sheets made', 'porelike interlayer space', 'novel zeolite cds']"
65,10.1002/anie.200461403,Microwave Fabrication of MFI Zeolite Crystals with a Fibrous Morphology and Their Applications,2005,,,"['enhanced catalytic properties', 'mfi zeolite ).', 'microwave irradiation result']"
66,10.1002/anie.200461911,SU‐16: A Three‐Dimensional Open‐Framework Borogermanate with a Novel Zeolite Topology,2005,,,"['new secondary building unit', 'ring channels may make', 'unusual elliptical 12']"
67,10.1002/anie.200461912,,,,,
68,10.1002/anie.200461913,,,,,
69,10.1002/anie.200461914,,,,,
70,10.1002/anie.200503011,Uniformly a‐Oriented MFI Zeolite Films by Secondary Growth,2006,,,"['uniformly oriented zeolite films', 'oriented films along', 'zigzag channels perpendicular']"
71,10.1002/anie.200602974,,,,,
72,10.1002/anie.200602975,,2006,,,
73,10.1002/anie.200602976,,,,,
74,10.1002/anie.200602977,,2007,,,
75,10.1002/anie.200602978,,,,,
76,10.1002/anie.200602979,,2007,,,
77,10.1002/anie.200602980,,,,,
78,10.1002/anie.200602981,,,,,
79,10.1002/anie.200602982,,,,,
80,10.1002/anie.200602983,,,,,
81,10.1002/anie.200602984,,,,,
82,10.1002/anie.200602985,,,,,
83,10.1002/anie.200602986,,2006,,,
84,10.1002/anie.200602987,,2006,,,
85,10.1002/anie.200602988,,,,,
86,10.1002/anie.200602989,,,,,
87,10.1002/anie.200602990,,,,,
88,10.1002/anie.200602991,,,,,
89,10.1002/anie.200602992,,,,,
90,10.1002/anie.200602993,,2006,,,
91,10.1002/anie.200602994,,,,,
92,10.1002/anie.200602995,,,,,
93,10.1002/anie.200602996,,2006,,,
94,10.1002/anie.200602997,,,,,
95,10.1002/anie.200602998,,,,,
96,10.1002/anie.200602999,,2006,,,
97,10.1002/anie.200603000,,,,,
98,10.1002/anie.200603001,,,,,
99,10.1002/anie.200603002,,,,,
100,10.1002/anie.200603003,,,,,
101,10.1002/anie.200603004,,,,,
102,10.1002/anie.200603005,,,,,
103,10.1002/anie.200603006,,,,,
104,10.1002/anie.200603007,,,,,
105,10.1002/anie.200603008,,,,,
106,10.1002/anie.200603009,,2006,,,
107,10.1002/anie.200603010,,,,,
108,10.1002/anie.200603011,,,,,
109,10.1002/anie.200603012,,,,,
110,10.1002/anie.200603013,,2006,,,
111,10.1002/anie.200603014,,,,,
112,10.1002/anie.200603015,,,,,
113,10.1002/anie.200603016,,2006,,,
114,10.1002/anie.200603017,,,,,
115,10.1002/anie.200603018,,,,,
116,10.1002/anie.200603019,,2007,,,
117,10.1002/anie.200603020,,,,,
118,10.1002/anie.200603021,,,,,
119,10.1002/anie.200603027,Synthesis and Characterization of the All‐Silica Pure Polymorph C and an Enriched Polymorph B Intergrowth of Zeolite Beta,2006,,,"['silica pure polymorph c', 'silicon atoms favors', 'cationic organic structure']"
120,10.1002/anie.200604513,Monitoring the Nucleation of Zeolites by Mass Spectrometry,2007,,,"['see picture ).', 'dynamic light scattering', 'crystals involves hydrolysis']"
121,10.1002/anie.200604921,In2Ge6O15(OH)2(H2dien): An Open‐Framework Indate Germanate with One‐Dimensional 12‐Ring Channels,2007,,,"['see picture ).', 'mild solvothermal conditions', 'microporous indate germanate']"
122,10.1002/anie.200701634,Zeolite SSZ‐53: An Extra‐Large‐Pore Zeolite with Interesting Catalytic Properties,2007,,,"['open channel system render', 'using ethylbenzene disproportionation', 'high activity together']"
123,10.1002/anie.200701676,Length‐Dependent Band‐Gap Shift of TiO32− Molecular Wires Embedded in Zeolite ETS‐10,2007,,,"['nanoscale electronic devices', 'confined semiconductor materials', 'quantum confinement region']"
124,10.1002/anie.200702239,Ionothermal Synthesis of Unusual Choline‐Templated Cobalt Aluminophosphates,2007,,,"['prepare cobalt aluminophosphate analogues', 'terminal co cl bond', 'cobalt atom forms']"
125,10.1002/anie.200704003,Ionothermal Synthesis of Oriented Zeolite AEL Films and Their Application as Corrosion‐Resistant Coatings,2008,,,"['toxic chromate conversion coating', '11 coating', 'zeolite coatings']"
126,10.1002/anie.200704222,A Multi‐Dimensional Microporous Silicate That Is Isomorphous to Zeolite MCM‐68,2008,,,"['significant site defects', 'see picture ).', '68 typically obtained']"
127,10.1002/anie.200801375,A Germanate Built from a 68126 Cavity Cotemplated by an (H2O)16 Cluster and 2‐Methylpiperazine,2008,,,
128,10.1002/anie.200802941,Indirect Observation of Structured Incipient Zeolite Nanoparticles in Clear Precursor Solutions,2008,,,"['see picture ).', 'diffraction pattern exist', 'clear precursor solutions']"
129,10.1002/anie.200803007,Detection of Structural Elements of Different Zeolites in Nucleating Solutions by Electrospray Ionization Mass Spectrometry,2008,,,"['silicate towards specific structures', 'containing zeolites zsm', 'characteristic structural elements']"
130,10.1002/anie.200803103,Nanoscale Reactor Engineering: Hydrothermal Synthesis of Uniform Zeolite Particles in Massively Parallel Reaction Chambers,2008,,,"['micro -, meso -,', 'massively parallel reaction chambers', 'hierarchically structured zeolite catalysts']"
131,10.1002/anie.200803578,Heteroatom‐Stabilized Chiral Framework of Aluminophosphate Molecular Sieves,2009,,,"['structure contains one', 'ring channels enclosed', 'new zeotype structure']"
132,10.1002/anie.200804167,Microcontainers with Fluorescent Anisotropic Zeolite L Cores and Isotropic Silica Shells,2009,,,"['loaded zeolite l crystals', 'fluorescence microscopy images ).', 'silica coating procedure']"
133,10.1002/anie.200900461,On‐Wafer Crystallization of Ultralow‐κ Pure Silica Zeolite Films,2009,,,"['prepare pure silica zeolite', 'previously used hydrothermal process', 'wafer crystallization process']"
134,10.1002/anie.200903001,Nucleotide‐Catalyzed Conversion of Racemic Zeolite‐Type Zincophosphate into Enantioenriched Crystals,2009,,,"['see picture ).', 'absolute chirality control', 'type material']"
135,10.1002/anie.200903601,In Situ UV Raman Spectroscopic Study on the Synthesis Mechanism of AlPO‐5,2009,,,"['situ uv raman spectroscopy', 'results reveal molecular', 'synthesis mechanism']"
136,10.1002/anie.200904876,Probing Photocatalytic Active Sites on a Single Titanosilicate Zeolite with a Redox‐Responsive Fluorescent Dye,2010,,,"['photocatalytic activity among crystals', 'situ fluorescence imaging', 'responsive fluorescent dye']"
137,10.1002/anie.200905214,Diversification of RTH‐Type Zeolite and Its Catalytic Application,2009,,,"['thus prepared al', 'remarkable catalytic performance', 'type zeolites exhibited']"
138,10.1002/anie.201000304,A Rational Approach to the Ionothermal Synthesis of an AlPO4 Molecular Sieve with an LTA‐Type Framework,2010,,,
139,10.1002/anie.201000320,Ionothermal Synthesis of an Aluminophosphate Molecular Sieve with 20‐Ring Pore Openings,2010,,,"['first aluminophosphate molecular sieve', 'synthesized ionothermally using', 'ring pore openings']"
140,10.1002/anie.201001506,The Synthesis of an Extra‐Large‐Pore Zeolite with Double Three‐Ring Building Units and a Low Framework Density,2010,,,"['18x12x12 ring pore system', 'great wide open', 'lowest framework density']"
141,10.1002/anie.201006500,A Gallogermanate Zeolite Constructed Exclusively by Three‐Ring Building Units,2011,,,
142,10.1002/anie.201101237,Evidence for F−/SiO− Anion Exchange in the Framework of As‐Synthesized All‐Silica Zeolites,2011,,,"['silica d4r units', 'see picture ).', 'fluoride ions play']"
143,10.1002/anie.201107725,Tailoring Silicalite‐1 Crystal Morphology with Molecular Modifiers,2012,,,"['zeolite crystal morphology', 'tuning zeolite properties', 'facile approach offers']"
144,10.1002/anie.201108753,A Pure Silica Chiral Polymorph with Helical Pores,2012,,,"['free pure sio2 composition', 'previously considered unfeasible', 'hydrothermal stability upon']"
145,10.1002/anie.201200101,Ionothermal Synthesis of Aluminophosphate Molecular Sieve Membranes through Substrate Surface Conversion,2012,,,"['lta structure types could', 'aluminophosphate molecular sieve membranes', 'directing agent ).']"
146,10.1002/anie.201300846,A Gallogermanate Zeolite with Eleven‐Membered‐Ring Channels,2013,,,
147,10.1002/anie.201301265,Uniform Si‐CHA Zeolite Layers Formed by a Selective Sonication‐Assisted Deposition Method,2013,,,"['broad size distribution', 'cha particles cosynthesized', 'cubic particles']"
148,10.1002/anie.201306527,Post‐Synthesis Treatment gives Highly Stable Siliceous Zeolites through the Isomorphous Substitution of Silicon for Germanium in Germanosilicates,2014,,,"['facile stabilization method thus', 'substitute isomorphously ge atoms', 'unstable ge atoms']"
149,10.1002/anie.201306744,Quasi All‐Silica Zeolite Obtained by Isomorphous Degermanation of an As‐Made Germanium‐Containing Precursor,2014,,,"['stable acid catalysts', 'almost completely degermanated', 'degermanated framework enabled']"
150,10.1002/anie.201309766,A Germanosilicate Structure with 11×11×12‐Ring Channels Solved by Electron Crystallography,2014,,,"['zeolite b polymorph c', 'dimensional rotation electron diffraction', 'first germanosilicate zeolite']"
151,10.1002/anie.201311324,A Uniformly Oriented MFI Membrane for Improved CO2 Separation,2014,,,"['preparing silica mfi membranes', 'resulting membrane straight channels', 'uniformly vertically aligned']"
152,10.1002/anie.201400600,The Assembly‐Disassembly‐Organization‐Reassembly Mechanism for 3D‐2D‐3D Transformation of Germanosilicate IWW Zeolite,2014,,,
153,10.1002/anie.201402495,An Aluminophosphate Molecular Sieve with 36 Crystallographically Distinct Tetrahedral Sites,2014,,,"['contain bridging hydroxy groups', 'rotation electron diffraction tomography', 'another new aluminophosphate material']"
154,10.1002/anie.201404076,"Synthesis of a Specified, Silica Molecular Sieve by Using Computationally Predicted Organic Structure‐Directing Agents",2014,,,"['recently developed computational method', 'create stw may lead', 'constructs chemically synthesizable osdas']"
155,10.1002/anie.201404608,"An Extra‐Large‐Pore Zeolite with Intersecting 18‐, 12‐, and 10‐Membered Ring Channels",2014,,,"['small aromatic organic cations', 'nanjing university du', 'despite much progress']"
156,10.1002/anie.201406344,Multipore Zeolites: Synthesis and Catalytic Applications,2015,,,"['allowing unique catalytic activities', 'different sizes would favor', 'different dimensions within']"
157,10.1002/anie.201411791,2D Zeolite Coatings: Langmuir–Schaefer Deposition of 3 nm Thick MFI Zeolite Nanosheets,2015,,,"['ethanol following acid treatment', 'preferentially oriented thin films', 'silicon wafers using langmuir']"
158,10.1002/anie.201412482,Fabrication of b‐Oriented MFI Zeolite Films under Neutral Conditions without the Use of Hydrogen Fluoride,2015,,,"['neutral synthesis route promising', 'assisted neutral synthesis route', 'successfully synthesize highly b']"
159,10.1002/anie.201501718,A Crystalline Mesoporous Germanate with 48‐Ring Channels for CO2 Separation,2015,,,
160,10.1002/anie.201503782,"Growth of High‐Quality, Thickness‐Reduced Zeolite Membranes towards N2/CH4 Separation Using High‐Aspect‐Ratio Seeds",2015,,,"['membranes showed n2 permeances', 'greatly improved zeolite membranes', 'thinner continuous sapo']"
161,10.1002/anie.201504416,A Family of Molecular Sieves Containing Framework‐Bound Organic Structure‐Directing Agents,2015,,,
162,10.1002/anie.201506183,In Situ Electrochemical Synthesis of Oriented and Defect‐Free AEL Molecular‐Sieve Films Using Ionic Liquids,2015,,,"['situ electrochemical ionothermal method', 'early works focus', 'controllable electric field']"
163,10.1002/anie.201506678,Synthesis of Silicate Zeolite Analogues Using Organic Sulfonium Compounds as Structure‐Directing Agents,2015,,,"['ray powder diffraction data', 'microporous crystalline silica zeolite', 'new zeolite structure depending']"
164,10.1002/anie.201506822,Direct Dual‐Template Synthesis of MWW Zeolite Monolayers,2015,,,"['structured external surface area', 'step synthetic route', 'resultant material consists']"
165,10.1002/anie.201510726,Targeted Synthesis of Two Super‐Complex Zeolites with Embedded Isoreticular Structures,2016,,,
166,10.1002/anie.201600146,"EU‐12: A Small‐Pore, High‐Silica Zeolite Containing Sinusoidal Eight‐Ring Channels",2016,,,
167,10.1002/anie.201610547,Fully Copper‐Exchanged High‐Silica LTA Zeolites as Unrivaled Hydrothermally Stable NH3‐SCR Catalysts,2017,,,"['vehicle simulated conditions even', 'one major technical hurdle', 'meet tighter co2 regulations']"
168,10.1002/anie.201700590,Expansion of the ADOR Strategy for the Synthesis of Zeolites: The Synthesis of IPC‐12 from Zeolite UOV,2017,,,"['haadf electron microscopy', 'first successful application', 'experiments using x']"
169,10.1002/anie.201707452,CIT‐9: A Fault‐Free Gmelinite Zeolite,2017,,,"['gme 12x8x8 pore architecture', 'specific organic structure', 'k +- exchanged']"
170,10.1002/anie.201712885,"A Zeolite Family Nonjointly Built from the 1,3‐Stellated Cubic Building Unit",2018,,,
171,10.1002/anie.201713308,Directing Aluminum Atoms into Energetically Favorable Tetrahedral Sites in a Zeolite Framework by Using Organic Structure‐Directing Agents,2018,,,"['finding thus provides evidence', 'computational calculations suggest', 'specific crystallographic sites']"
172,10.1002/anie.201801386,An Extra‐Large‐Pore Zeolite with 24×8×8‐Ring Channels Using a Structure‐Directing Agent Derived from Traditional Chinese Medicine,2018,,,"['235 known zeolite structures', '51 ), pure silicates', 'five zeolite types']"
173,10.1002/anie.201813533,Preferential Siting of Aluminum Heteroatoms in the Zeolite Catalyst Al‐SSZ‐70,2019,,,"['al atoms locate preferentially', 'relative occupancies quantified', 'pore interlayer channels']"
174,10.1002/anie.201814248,Template‐Free Synthesis of Highly b‐Oriented MFI‐Type Zeolite Thin Films by Seeded Secondary Growth,2019,,,"['secondary growth solutions', 'secondary growth solution', 'mfi zeolite films']"
175,10.1002/anie.201900106,Zeolite‐Type Metal Oxalate Frameworks,2019,,,"['highly desirable zeolite features', 'many metal oxalate salts', 'indium oxalate salts']"
176,10.1002/anie.201909336,Targeted Synthesis of a Zeolite with Pre‐established Framework Topology,2019,,,"['rationally couple computational predictions', 'although innumerable theoretical frameworks', 'targeted aluminosilicate zeolite structure']"
177,10.1002/anie.201912488,3D Electron Diffraction Unravels the New Zeolite ECNU‐23 from the “Pure” Powder Sample of ECNU‐21,2020,,,"['resolution tem images', 'predicted daughter structures', '3d ed investigation']"
178,10.1002/anie.201915232,An Extra‐Large‐Pore Pure Silica Zeolite with 16×8×8‐Membered Ring Pore Channels Synthesized using an Aromatic Organic Directing Agent,2020,,,"['pore pure silica zeolites', 'large pore silica zeolites', 'pore silica zeolite']"
179,10.1002/anie.202005715,Organic‐Free Synthesis of Zeolite Y with High Si/Al Ratios: Combined Strategy of In Situ Hydroxyl Radical Assistance and Post‐Synthesis Treatment,2020,,,"['hydroxyl radicals preferentially enhanced', 'hydroxyl radical assisted route', 'fluidized catalytic cracking processes']"
180,10.1002/aoc.1015,Synthesis of Fe‐loaded MFI zeolite using silatrane as precursor and its CO activity,2006,,,
181,10.1002/aoc.3115,Direct synthesis of hierarchically porous TS‐1 through a solvent‐evaporation route and its application as an oxidation catalyst,2014,,,"['visible diffusive reflectance spectroscopy', 'synthesize hierarchically porous titanosilicalite', '1 exhibits improved activity']"
182,10.1002/aoc.4594,"Green synthesis and characterization of palladium nanoparticles supported on zeolite Y by sonochemical method, powerful and efficient catalyst for Suzuki‐Miyaura coupling of aryl halides with phenylboronic acid",2018,,,"['environmental compatible ultrasound method', 'ray diffraction ), sem', 'ray ), bet']"
183,10.1002/aoc.4711,The success of dual‐functional templating for synthesizing hierarchical analcime zeolite,2019,,,"['innovative hierarchical analcime zeolites', 'hierarchical analcime zeolites', 'hierarchical analcime zeolite']"
184,10.1002/aoc.5932,Highly shape‐selective Zn‐P/HZSM‐5 zeolite catalyst for methanol conversion to light aromatics,2020,,,"['weight hourly space velocity', 'lower outer surface acidity', 'lower strong acid sites']"
185,10.1002/app.24041,Enhanced gas separation properties by using nanostructured PES‐Zeolite 4A mixed matrix membranes,2006,,,"['zeolite 4a nanocrystals', 'crosized zeolite 4a', 'using sem']"
186,10.1002/app.25976,Preparation and characterization of zeolite beta–polyurethane composite membranes,2007,,,"['higher stability towards thermal', 'two different loading contents', 'calcined zeolite beta particles']"
187,10.1002/app.29361,Preparation and permeation characterization of β‐zeolite‐incorporated composite membranes,2009,,,"['30 wt %, respectively', 'gas permeation results demonstrated', 'incorporated polymer composite membranes']"
188,10.1002/app.40679,"Effect of gas permeation temperature and annealing procedure on the performance of binary and ternary mixed matrix membranes of polyethersulfone, SAPO‐34, and 2‐hydroxy 5‐methyl aniline",2014,,,"['34 binary mmms exhibited', 'highest ideal selectivity', 'gas separation performance']"
189,10.1002/app.42460,Preparation and characterization of Silicalite‐1/PDMS surface sieving pervaporation membrane for separation of ethanol/water mixture,2015,,,"['section view sem images', 'whereas permeation flux decreases', 'pdms surface sieving membranes']"
190,10.1002/app.47640,Low‐methoxyl pectin–zeolite hydrogels controlling drug release promote in vitro wound healing,2019,,,"['good oxygen transmission rate', 'controlled drug delivery properties', 'effective wound dressing materials']"
191,10.1002/app.48561,Functionalized faujasite zeolite immobilized on poly(lactic acid) composite fibers to remove dyes from aqueous media,2020,,,"['produced increasing pla concentration', 'fau particles concentration effect', 'pla composite fibers allowed']"
192,10.1002/asia.200900048,Reverse‐Selective Microporous Membrane for Gas Separation,2009,,,"['bigger molecules selectively permeate', 'bigger polar molecules', 'na cation occluded']"
193,10.1002/asia.201700303,Targeted Synthesis of Ultrastable High‐Silica RHO Zeolite Through Alkali Metal–Crown Ether Interaction,2017,,,
194,10.1002/asia.201800178,"Organic‐Free, ZnO‐Assisted Synthesis of Zeolite FAU with Tunable SiO2/Al2O3 Molar Ratio",2018,,,"['lower co2 adsorption heat', 'zinc species may suppress', 'zinc species contributes']"
195,10.1002/asia.201800596,Selectivity Control on Hydrogenation of Substituted Nitroarenes through End‐On Adsorption of Reactants in Zeolite‐Encapsulated Platinum Nanoparticles,2018,,,"['exhibit excellent catalytic selectivity', 'separately adsorbed nitro group', 'adsorbed chloro group']"
196,10.1002/asia.201800930,Rational Synthesis of Chabazite (CHA) Zeolites with Controlled Si/Al Ratio and Their CO2/CH4/N2 Adsorptive Separation Performances,2018,,,"['ideal adsorbed solution theory', 'ideal selectivities calculated', 'equilibrium selectivities predicted']"
197,10.1002/asia.201801069,Assembly of Sub‐Crystals on the Macroscale and Construction of Composite Building Units on the Microscale for SAPO‐34,2018,,,"['different crystallization times revealed', 'different crystallization stages', 'resolved characterization methods']"
198,10.1002/asia.201801904,Ionothermal Synthesis of Germanosilicate Zeolites Constructed with Double‐Four‐Ring Structure‐Building Units in the Presence of Organic Base,2019,,,
199,10.1002/bkcs.11716,Design and Synthesis of Acid‐resistant Zeolite T/NaY Composite Membrane for Water/Ethanol Separation,2019,,,"['9 wt %, whereas', 'composite membrane reaches 4', 'nay composite membrane']"
200,10.1002/cctc.200900152,Highly Enhanced Phenol Hydroxylation in [h0h]‐Oriented Fe–ZSM‐5 Membranes,2009,,,"['new seeded growth method', 'two important diphenol isomers', 'h0h ]- oriented fe']"
201,10.1002/cctc.201000113,Plasma Synthesis of Highly Dispersed Metal Clusters Confined in Nanosized Zeolite,2010,,,"['operando ftir study confirms', 'bea zeolite results', 'bea zeolite pores']"
202,10.1002/cctc.201000213,The Effect of Organic Impurities Originating from the Incomplete Combustion of Organic Templates on the Methanol‐to‐Olefins Reaction over SAPO‐46,2010,,,"['see figure ),', 'hydrocarbon pool mechanism', 'organic template']"
203,10.1002/cctc.201000372,Highly Efficient Alcohol Oxidation on Nanoporous VSB‐5 Nickel Phosphate Catalyst Functionalized by NaOH Treatment,2011,,,"['simple naoh treatment generates', 'free heterogeneous catalyst', '5 nickel phosphate']"
204,10.1002/cctc.201100107,High‐Temperature Produced Catalytic Sites Selective for n‐Alkane Dehydrogenation in Acid Zeolites: The Case of HZSM‐5,2011,,,"['form stable radical cations', 'new sites activate propane', 'ray powder diffraction']"
205,10.1002/cctc.201100281,Synthesis of Titanium Chabazite: A New Shape Selective Oxidation Catalyst with Small Pore Openings and Application in the Production of Methyl Formate from Methanol,2011,,,"['small pore openings', 'dimensional channel system', 'cha material facilitates']"
206,10.1002/cctc.201300141,Efficient One‐Pot Preparation of Cu‐SSZ‐13 Materials using Cooperative OSDAs for their Catalytic Application in the SCR of NOx,2013,,,"['different synthetic variables permitted', '13 molecular sieves synthesized', 'selective catalytic reduction']"
207,10.1002/cctc.201402048,NH3 Oxidation Mechanism over Cu/SAPO‐34 Catalysts Prepared by Different Methods,2014,,,"['diverse nh3 oxidation degree', 'cu2 +/ cuo ratio', 'scanning electron microscopy']"
208,10.1002/cctc.201500440,Enhanced Catalytic Performance of Titanium Silicalite‐1 in Tuning the Crystal Size in the Range 1200–200 nm in a Tetrapropylammonium Bromide System,2015,,,"['tetrapropylammonium bromide hydrothermal system', 'less important role', '05 wt %.']"
209,10.1002/cctc.201500617,Atomic Observations of Microporous Materials Highly Unstable under the Electron Beam: The Cases of Ti‐Doped AlPO4‐5 and Zn–MOF‐74,2015,,,"['highest resolution micrographs reported', 'ti substitution mechanism could', 'sensitive microporous materials']"
210,10.1002/cctc.201500771,Template Design and Economical Strategy for the Synthesis of SSZ‐13 (CHA‐Type) Zeolite as an Excellent Catalyst for the Selective Catalytic Reduction of NOx by Ammonia,2015,,,"['attracted wide attention recently', 'synthesized using choline chloride', 'potential energy distribution calculations']"
211,10.1002/cctc.201500837,OSDA‐Free Zeolite Beta with High Aluminum Content Efficiently Catalyzes a Tandem Reaction for Conversion of Glucose to 5‐Hydroxymethylfurfural,2015,,,"['showed superior catalytic performance', 'original bronsted acid sites', 'sufficient lewis acid sites']"
212,10.1002/cctc.201501426,Ullmann Coupling Reaction of Nitro‐Substituted Aryl Halides with Phenols under Mild Conditions: Micro‐/Mesoporous Hierarchical LaAlPO‐5 Zeolite Catalyst,2016,,,"['attractive ullmann coupling reactions', 'ullmann coupling reactions', 'substituted aryl halides']"
213,10.1002/cctc.201601127,Construction of Acid–Base Synergetic Sites on Mg‐bearing BEA Zeolites Triggers the Unexpected Low‐Temperature Alkylation of Phenol,2017,,,"['preliminary mechanistic analysis reveals', 'basic synergetic catalytic sites', 'uniform microporous channels']"
214,10.1002/cctc.201601159,The Potential of Cu‐SAPO‐44 in the Selective Catalytic Reduction of NOx with NH3,2016,,,"['selective catalytic reduction', 'exhibits excellent activity', 'wide temperature window']"
215,10.1002/cctc.201601236,MFI Acid Catalysts with Different Crystal Sizes and Porosity for the Conversion of Furanic Compounds in Alcohol Media,2017,,,"['materials featuring different morphological', 'fairly good catalytic stability', 'benchmark solid acid catalyst']"
216,10.1002/cctc.201601294,"Renewable p‐Xylene from 2,5‐Dimethylfuran and Ethylene Using Phosphorus‐Containing Zeolite Catalysts",2017,,,"['solid phosphoric acid catalysts', 'major commodity chemical used', 'highest yields reported previously']"
217,10.1002/cctc.201601627,Iron‐Containing SSZ‐39 (AEI) Zeolite: An Active and Stable High‐Temperature NH3‐SCR Catalyst,2017,,,
218,10.1002/cctc.201700062,Biomass‐assisted Zeolite Syntheses as a Tool for Designing New Acid Catalysts,2017,,,"['using biomass residues', 'modified chemical composition', 'mainly ), aluminas']"
219,10.1002/cctc.201700162,Baeyer–Villiger Oxidation of Cyclic Ketones by Using Tin–Silica Pillared Catalysts,2017,,,"['mesoporous ordered silica catalysts', 'ms 37 %, ipc', 'aqueous hydrogen peroxide']"
220,10.1002/cctc.201700916,"On the Role of Acidity in Bulk and Nanosheet [T]MFI (T=Al3+, Ga3+, Fe3+, B3+) Zeolites in the Methanol‐to‐Hydrocarbons Reaction",2017,,,"['substituted zeolite samples displayed', 'lower tendency toward coking', 'containing mfi zeolite exhibited']"
221,10.1002/cctc.201701848,Direct Production of Iso‐Paraffins from Syngas over Hierarchical Cobalt‐ZSM‐5 Nanocomposites Synthetized by using Carbon Nanotubes as Sacrificial Templates,2018,,,"['enhanced diffusion favoring removal', 'tropsch reaction rates normalized', 'zeolite mesoporous volume increased']"
222,10.1002/cctc.201800040,Pd Nanoparticles Encapsulated in FER Zeolite through a Layer Reassembling Strategy as Shape‐selective Hydrogenation Catalyst,2018,,,"['zeolites bearing distinct shape', 'dimensional layered zeolite systems', 'dimensional zeolites followed']"
223,10.1002/cctc.201800169,Selective Catalytic Reduction of NOx with Ammonia over Copper Ion Exchanged SAPO‐47 Zeolites in a Wide Temperature Range,2018,,,"['confirmed using synchrotron x', 'active lewis acid sites', 'bronsted acid sites']"
224,10.1002/cctc.201800650,Ethylene Oligomerization to Select Oligomers on Ni‐ETS‐10,2018,,,"['load divalent transition metal', '2 charge per zn', 'divalent transition metal cations']"
225,10.1002/cctc.201801234,A New Insight into Active Cu2+ Species Properties in One‐Pot Synthesized Cu‐SSZ‐13 Catalysts for NOx Reduction by NH3,2018,,,"['xrd rietveld refinement coupled', 'gas hourly space velocity', '490 degc ), adaptability']"
226,10.1002/cctc.201900054,Efficient Production of Furanic Diether in a Continuous Fixed Bed Reactor,2019,,,"['bemf selectivity via suppressing', 'three commercial catalysts', 'outstanding catalytic performance']"
227,10.1002/cctc.201900298,Mordenite Nanorods Prepared by an Inexpensive Pyrrolidine‐based Mesoporogen for Alkane Hydroisomerization,2019,,,"['like crystals oriented along', 'optimized hierarchical mordenite prepared', 'bulk mor prepared solely']"
228,10.1002/cctc.201900412,Enhanced Performance for Selective Catalytic Reduction of NOx with NH3 over Nanosized Cu/SAPO‐34 Catalysts,2019,,,"['situ prepared nanosized cu', 'situ method maintain', 'situ hydrothermal method']"
229,10.1002/cctc.201900596,Evolution of Zn Species on Zn/HZSM‐5 Catalyst under H2 Pretreated and its Effect on Ethylene Aromatization,2019,,,"['ray absorption fine structure', '300 degc ), zn', 'edge extended x']"
230,10.1002/cctc.201901042,Effect of Si/Al Ratio on the Catalytic Activity of Two‐Dimensional MFI Nanosheets in Aromatic Alkylation and Alcohol Etherification,2019,,,"['single component adsorption isotherms', 'benzyl alcohol takes place', '2d mfi nanosheet materials']"
231,10.1002/cctc.201901556,Selective Self‐Condensation of Butanal over Zr‐BEA Zeolites,2020,,,"['formed via cannizzaro disproportionation', 'fully condensed closed sites', 'partially hydrolyzed open zr']"
232,10.1002/cctc.201901567,Insights into Redox Dynamics of Vanadium Species Impregnated in Layered Siliceous Zeolitic Structures during Methanol Oxidation Reactions,2020,,,"['supported transition metal catalysts', 'oxidation state dynamic behavior', 'developing improved heterogeneous catalysts']"
233,10.1002/cctc.201901819,Flash Catalytic Pyrolysis of Polyethylene over (Alumino)silicate Materials,2020,,,"['25 wt .%', 'light liquid fractions', 'al containing catalyst']"
234,10.1002/cctc.201902036,Spotlight on Large Surface Copper Cluster Role of Cu‐SAPO‐34 Catalyst in Standard NH3‐SCR Performances,2020,,,"['different copper cluster configurations', 'copper incorporation method', 'two preparation methods']"
235,10.1002/cctc.202000024,In Situ Spectroscopic Studies on the Redox Cycle of NH3−SCR over Cu−CHA Zeolites,2020,,,"['2 ]+ complex coexist', 'oxidant feed gas demonstrate', 'reoxidation using different mixtures']"
236,10.1002/cctc.202001241,Confining Pore‐mouth: an Efficient Way to Increase the Selectivity to Ethylene in the MTO Reaction,2020,,,"['chemical liquid deposition modification', 'chemical liquid deposition', 'pore aperture size']"
237,10.1002/cctc.202001533,Stability of Cobalt Particles In and Outside HZSM‐5 under CO Hydrogenation Conditions Studied by ex situ and in situ Electron Microscopy,2021,,,"['sinter stable catalysts suitable', 'situ environmental tem experiments', 'co hydrogenation conditions indicate']"
238,10.1002/ceat.202000066,Structural Effects of HZSM‐5 Zeolite on Methanol‐to‐Propylene Reaction,2020,,,"['initial gel composition', 'external surface area', 'synthesized using n']"
239,10.1002/ceat.202000087,Practical Application of Hierarchical Beta Zeolite in a Vacuum Gas Oil Hydrocracking Catalyst,2020,,,"['containing microporous beta zeolite', 'scale hierarchical beta zeolite', 'hierarchical beta zeolite']"
240,10.1002/celc.201500095,Nanocrystalline Titanosilicate–Acetylcholinesterase Electrochemical Biosensor for the Ultra‐Trace Detection of Toxic Organophosphate Pesticides,2015,,,"['based acetylcholinesterase biosensor exhibited', 'electrochemical biosensors based', 'based biosensors investigated']"
241,10.1002/celc.201801148,Size Tunable Zeolite‐Templated Carbon as Microporous Sulfur Host for Lithium‐Sulfur Batteries,2019,,,"['smaller ztc particles lead', 'smaller ztc particle delivers', 'uniform li2s deposition']"
242,10.1002/chem.200305238,SSZ‐53 and SSZ‐59: Two Novel Extra‐Large Pore Zeolites,2003,,,"['dimensional channel system delimited', 'constraint index tests ),', 'trimethyl ammonium cation']"
243,10.1002/chem.200306064,"Fine Structures of Zeolite‐Linde‐L (LTL): Surface Structures, Growth Unit and Defects",2004,,,"['atomistic computer simulation concur', 'rotational defect structures reveals', 'slightly energetically unfavourable']"
244,10.1002/chem.200390095,"Synthesis and Crystal Structure of IM‐6, a New Open Framework Cobalt–Gallium Phosphate with Ten‐ and Twelve‐Membered Pore Openings",2003,,,
245,10.1002/chem.200400343,Zeolite Nanocrystals Inside Mesoporous TUD‐1: A High‐Performance Catalytic Composite,2004,,,"['hierarchically structured composite material', 'pure nanosized zeolite beta', 'zeolite beta shows']"
246,10.1002/chem.200500166,Co‐TUD‐1: A Ketone‐Selective Catalyst for Cyclohexane Oxidation,2006,,,"['direct hydrothermal treatment method', 'n2 sorption measurements', 'mas )- nmr']"
247,10.1002/chem.200500858,Selective Catalytic Oxidation of Organosulfur Compounds with tert‐Butyl Hydroperoxide,2006,,,"['sequential oxidation pathways prevalent', 'oxidation cycles using h2', 'homogeneous co acetate catalysts']"
248,10.1002/chem.200500932,Anchoring Dyes into Multidimensional Large‐Pore Zeolites: A Prospective Use as Chromogenic Sensing Materials,2006,,,"['teos ), tetraethylammonium hydroxide', 'selective molecular sensing processes', 'involve electrophilic aromatic substitution']"
249,10.1002/chem.200501295,Multiple‐Functional Capsule Catalysts: A Tailor‐Made Confined Reaction Environment for the Direct Synthesis of Middle Isoparaffins from Syngas,2006,,,"['selectively synthesize specified distillates', 'various consecutive reaction systems', 'made confined reaction environment']"
250,10.1002/chem.200700485,Monomers That Form Conducting Polymers as Structure‐Directing Agents: Synthesis of Microporous Molecular Sieves Encapsulating Poly‐para‐phenylenevinylene,2007,,,"['amorphous molecular sieves depending', 'template microporous molecular sieves', 'microporous molecular sieves']"
251,10.1002/chem.200700961,,2008,,,
252,10.1002/chem.200700962,,,,,
253,10.1002/chem.200700963,,2007,,,
254,10.1002/chem.200700964,,,,,
255,10.1002/chem.200700965,,2007,,,
256,10.1002/chem.200700966,,,,,
257,10.1002/chem.200700967,Formation of ZSM‐22 Zeolite Catalytic Particles by Fusion of Elementary Nanorods,2007,,,"['12 +- 4 nm', 'characterized using various techniques', 'crystallization process nanorods align']"
258,10.1002/chem.200800416,The Role of Crystallization Parameters for the Synthesis of Germanosilicate with UTL Topology,2008,,,"['22 cm3 g', '10s )- 6', 'utl zeolite crystallizes']"
259,10.1002/chem.200801383,Ionothermal Synthesis of Magnesium‐Containing Aluminophosphate Molecular Sieves and their Catalytic Performance,2008,,,
260,10.1002/chem.200801458,Insights into Structure Direction of Microporous Aluminophosphates: Competition between Organic Molecules and Water,2009,,,"['strongly interacting methanol groups', 'preferential occupation exists', 'experimental characterisation techniques']"
261,10.1002/chem.200801916,From Molecular Fragments to Crystals: A UV Raman Spectroscopic Study on the Mechanism of Fe‐ZSM‐5 Synthesis,2009,,,"['uv resonance raman spectroscopy', 'exchanged zeolite fe', 'final fe']"
262,10.1002/chem.200901982,Template‐Synthesized Porous Silicon Carbide as an Effective Host for Zeolite Catalysts,2009,,,"['exhibited improved catalytic activity', 'resulting porous sic could', 'novel catalytic material']"
263,10.1002/chem.200902101,Evolution of Surface Morphology with Introduction of Stacking Faults in Zeolites,2010,,,"['nominal zeolite single crystal', 'extensive frustrated intergrowth structures', 'subtle crystal growth changes']"
264,10.1002/chem.201001083,Micro‐ to Macroscopic Observations of MnAlPO‐5 Nanocrystal Growth in Ionic‐Liquid Media,2010,,,"['state magic angle spinning', 'crystals become fully detached', 'octahedral al species linked']"
265,10.1002/chem.201100098,UV–Raman and NMR Spectroscopic Studies on the Crystallization of Zeolite A and a New Synthetic Route,2011,,,"['raw materials water glass', 'single 4r building units', 'without additional water']"
266,10.1002/chem.201101361,"The Porosity, Acidity, and Reactivity of Dealuminated Zeolite ZSM‐5 at the Single Particle Level: The Influence of the Zeolite Architecture",2011,,,"['resolution scanning electron microscopy', 'beam scanning electron microscopy', 'coking upon catalytic testing']"
267,10.1002/chem.201101594,Well‐Organized Zeolite Nanocrystal Aggregates with Interconnected Hierarchically Micro–Meso–Macropore Systems Showing Enhanced Catalytic Performance,2011,,,"['three length scales incorporated', '29si nmr spectra showed', 'highly crystalline nanosized zeolites']"
268,10.1002/chem.201102505,Exploring Meso‐/Microporous Composite Molecular Sieves with Core–Shell Structures,2012,,,"['time kinetic diffusion efficiency', 'probe catalytic cracking reaction', 'obtained composite molecular sieves']"
269,10.1002/chem.201200875,“Extracting” the Key Fragment in ETS‐10 Crystallization and Its Application in AM‐6 Assembly,2012,,,"['raman spectroscopy combined', 'new synthesis route', 'membered ring species']"
270,10.1002/chem.201201319,A Thorough Investigation of the Active Titanium Species in TS‐1 Zeolite by In Situ UV Resonance Raman Spectroscopy,2012,,,"['new titanium species', 'characteristic raman band', 'active titanium species']"
271,10.1002/chem.201202592,Hydrothermal Synthesis of Pencil‐like SAPO‐5 and Observation of Its Reversed Crystal‐Growth Process,2013,,,"['scanning electron microscopy', 'dependent growth process', 'novel hexagonal pencil']"
272,10.1002/chem.201300096,A New Family of Two‐Dimensional Zeolites Prepared from the Intermediate Layered Precursor IPC‐3P Obtained during the Synthesis of TUN Zeolite,2013,,,"['apparently layered transient product', 'layered zeolite precursor ipc', 'zeolite tun']"
273,10.1002/chem.201300125,Rapid Synthesis of an Aluminum‐Rich MSE‐Type Zeolite by the Hydrothermal Conversion of an FAU‐Type Zeolite,2013,,,"['type zeolite', 'successfully synthesized', 'rich mse']"
274,10.1002/chem.201402887,Atomic Force Microscopy of Novel Zeolitic Materials Prepared by Top‐Down Synthesis and ADOR Mechanism,2014,,,"['ray diffraction determined d200', 'utl layers remain intact', 'layers remained intact']"
275,10.1002/chem.201405449,A 3D 12‐Ring Zeolite with Ordered 4‐Ring Vacancies Occupied by (H2O)2 Dimers,2014,,,"['ordered ge4o4 vacancies inside', 'ordered framework vacancies', 'resolution powder x']"
276,10.1002/chem.201503136,Effects of Coke Deposits on the Catalytic Performance of Large Zeolite H‐ZSM‐5 Crystals during Alcohol‐to‐Hydrocarbon Reactions as Investigated by a Combination of Optical Spectroscopy and Microscopy,2015,,,"['situ single crystal uv', 'vis spectroscopy results observed', 'confocal fluorescence micro']"
277,10.1002/chem.201504717,"Facile Synthesis, Characterization, and Catalytic Behavior of a Large‐Pore Zeolite with the IWV Framework",2016,,,"['reported herein using simple', 'dimensional pore system bounded', 'sections containing 14 mrs']"
278,10.1002/chem.201600511,"Zeolite Beta Formation from Clear Sols: Silicate Speciation, Particle Formation and Crystallization Monitored by Complementary Analysis Methods",2016,,,"['organic template within nas', 'nanoaggregate silicate condensation results', 'weakly restricted rotational']"
279,10.1002/chem.201602419,A Stable Extra‐Large‐Pore Zeolite with Intersecting 14‐ and 10‐Membered‐Ring Channels,2016,,,"['highly stable siliceous zeolite', 'simple aromatic organic cations', 'pore zeolite synthesized']"
280,10.1002/chem.201602653,Synthesis Strategies for Ultrastable Zeolite GIS Polymorphs as Sorbents for Selective Separations,2016,,,"['density functional theory calculations', 'achieve commercially viable methods', 'zeolite synthesis typically requires']"
281,10.1002/chem.201603434,"Post‐Synthesis Stabilization of Germanosilicate Zeolites ITH, IWW, and UTL by Substitution of Ge for Al",2016,,,"['low hydrothermal stability due', 'germanosilicate zeolites often suffer', 'large pore zeolite utl']"
282,10.1002/chem.201605685,TNU‐9 Zeolite: Aluminum Distribution and Extra‐Framework Sites of Divalent Cations,2017,,,"['newly developed approach involving', 'extensive periodic dft calculations', 'tun straight channel wall']"
283,10.1002/chem.201701742,"Fe‐Containing Zeolites for NH3‐SCR of NOx: Effect of Structure, Synthesis Procedure, and Chemical Composition on Catalytic Performance and Stability",2017,,,"['showed excellent catalytic activity', 'also high hydrothermal stability', 'around 13 showed high']"
284,10.1002/chem.201703361,Synthesis and Structure Determination of Large‐Pore Zeolite SCM‐14,2017,,,"['new stable germanosilicate zeolite', 'ring channels running perpendicular', 'three known zeolites']"
285,10.1002/chem.201704668,A Facile and Green Method for the Synthesis of SFE Borosilicate Zeolite and Its Heteroatom‐Substituted Analogues with Promising Catalytic Performances,2018,,,"['fe )- substituted sfe', 'water contents within', 'type zeolite analogues']"
286,10.1002/chem.201705038,Co‐Structure‐Directing Effect in Ionothermal Synthesis of Extra‐Large‐Pore Aluminophosphate Zeotype with −CLO Topology,2018,,,
287,10.1002/chem.201705277,Synthesis of New Microporous Zincosilicates with CHA Zeolite Topology as Efficient Platforms for Ion‐Exchange of Divalent Cations,2018,,,"['present finding would provide', 'cu2 +, fe2 +,', 'several important catalytic reactions']"
288,10.1002/chem.201705784,Template‐Free Synthesis of Hierarchical SSZ‐13 Microspheres with High MTO Catalytic Activity,2018,,,"['13 exhibits high crystallinity', 'zeolite crystal sizes', 'also significantly decreases']"
289,10.1002/chem.201706176,In Situ Fabrication of Hierarchical MTW Zeolite via Nanoparticle Assembly by a Tailored Simple Organic Molecule,2018,,,"['quasi -- spherical particles', 'long hydrophobic alkyl chain', 'hierarchical mtw zeolites generated']"
290,10.1002/chem.201801185,A Topotactic Synthetic Methodology for the Synthesis of Nanosized MFI Zeolites with Hierarchical Structures,2018,,,"['nanocomposites show exceptional activity', 'new topotactic synthetic strategy', 'including independent acid catalysis']"
291,10.1002/chem.201802014,Hierarchical Shell‐Like ZSM‐5 with Tunable Porosity Synthesized by using a Dissolution–Recrystallization Approach,2018,,,"['shows higher catalytic activity', 'imposing hierarchical pore systems', 'small pore size']"
292,10.1002/chem.201802087,Crystallization of a Novel Germanosilicate ECNU‐16 Provides Insights into the Space‐Filling Effect on Zeolite Crystal Symmetry,2018,,,"['methylimidazolium selectively direct different', 'comprehensive computational study reveals', 'zeolite phase selectivity']"
293,10.1002/chem.201802255,Breaking Structural Energy Constraints: Hydrothermal Crystallization of High‐Silica Germanosilicates by a Building‐Unit Self‐Growth Approach,2018,,,"['various tetrahedral element compositions', 'strategy provides new opportunities', 'unusual double four']"
294,10.1002/chem.201802769,"Investigating the Low Temperature Formation of CuII‐(N,O) Species on Cu‐CHA Zeolites for the Selective Catalytic Reduction of NOx",2018,,,"['zeolite bronsted site concentration', 'one negative framework charge', 'cu exchanged chabazite zeolites']"
295,10.1002/chem.201803136,Tuning Zeolite Properties for a Highly Efficient Synthesis of Propylene from Methanol,2018,,,"['larger external surface area', 'different external surface', 'shorter diffusion path']"
296,10.1002/chem.201803774,A Complex Zeolite Containing Multiple Ring Sizes in a Single Channel: One‐Dimensional Zeolite UZM‐55,2018,,,"['porous aluminosilicate materials utilized', 'discovery opens new opportunities', 'small hydrocarbon molecules']"
297,10.1002/chem.201804269,Unraveling the Twin and Tunability of the Crystal Domain Sizes in the Medium‐Pore Zeolite ZSM‐57 by Electron Crystallography,2018,,,"['tunable twin domain size', 'distinct crystal growth mechanisms', 'pentagonal nanoprisms ), respectively']"
298,10.1002/chem.201804973,Synthesis of Pure Silica MWW Zeolite in Fluoride Medium by Using an Imidazolium‐Based Long Dication,2019,,,"['interlayer space without disturbing', 'first reported fluoride synthesis', 'molecular mechanics calculations showed']"
299,10.1002/chem.201805187,Synthesis and Structure Determination of SCM‐15: A 3D Large Pore Zeolite with Interconnected Straight 12×12×10‐Ring Channels,2019,,,"['large pore hypothetical zeolites', 'synthesized using neutral 4', 'unique open framework structure']"
300,10.1002/chem.201900193,One‐Pot Synthesis and Formation Mechanism of Hollow ZSM‐5,2019,,,"['intrinsic density variation inside', 'using tetrapropylammonium bromide', 'suitable crystallization temperature']"
301,10.1002/chem.202001050,Synthesis of Aluminophosphate Molecular Sieves in Alkaline Media,2020,,,"['different quaternary ammonium cations', 'synthesizing various types', 'past three decades']"
302,10.1002/chem.202003183,"Synthesis, Structure and Properties of an Extra‐Large‐Pore Aluminosilicate Zeolite NUD‐6",2020,,,"['sharing q3 si2o7 units', 'severe structural distortions due', '27al mas nmr studies']"
303,10.1002/chem.202004865,Combined Ex and In Situ Measurements Elucidate the Dynamics of Retained Species in ZSM‐5 and SAPO‐18 Catalysts Used in the Methanol‐to‐Olefins Reaction,2021,,,"['situ ftir spectroscopic measurements', 'spectroscopic cell reactors', 'tetracyclic aromatic islands']"
304,10.1002/cite.201700128,IR Microimaging of Direction‐Dependent Uptake in MFI‐Type Crystals,2017,,,"['external zeolite crystal impermeable', 'type zeolite crystals', 'crystal certain faces']"
305,10.1002/cite.201800189,Sequential Template Decomposition to Adjust the Performance of Imperfect Zeolite BEA Membranes,2019,,,"['zeolitic membrane layer', 'situ crystallization technique', 'prepare completely defect']"
306,10.1002/cjce.22247,Catalytic Pyrolysis of Low Rank Canadian Boundary Dam Coal over ZSM‐5 and LTL Zeolites,2015,,,"['boundary dam lignite coal', 'zeolite ltl potassium content', 'zeolite socony mobil']"
307,10.1002/cjce.22467,Effect of temperature Ramp on hydrocarbon desorption profiles from zeolite ZSM‐12,2016,,,"['strong lewis acid sites', 'atmospheric pressure chemical ionization', 'fourier transform infrared spectroscopy']"
308,10.1002/cjce.23352,Characteristics of zeolite‐modified NiMo/Al2O3 catalysts and their hydrotreating performance for light cycled oil,2019,,,"['three different modified zeolites', 'widely used commercial catalyst', 'catalyst surface area increased']"
309,10.1002/cjoc.20030211217,,2010,,,
310,10.1002/cnma.201500038,Sn‐Beta Zeolite Catalysts with High Sn Contents Prepared from Sn–Si Mixed Oxide Composites,2015,,,"['lewis acidic features even', 'gained much attention due', 'water solvent conditions']"
311,10.1002/cphc.200500363,Fluorescent Hydroxyflavone–Zeolite Nanoparticles: Ship‐in‐a‐Bottle Synthesis and Photophysical Properties,2006,,,"['state intramolecular proton transfer', 'loaded zeolite colloids enabled', 'ohf molecules exhibit excited']"
312,10.1002/cphc.200600496,"In Situ SAXS/WAXS of Zeolite Microwave Synthesis: NaY, NaA, and Beta Zeolites",2007,,,"['microwave heating also led', 'also studied using x', 'microwave heating shifts']"
313,10.1002/cphc.200800491,Microwave Synthesis of SAPO‐11 and AlPO‐11: Aspects of Reactor Engineering,2008,,,"['using wider geometry vessel', 'following order cem mars', 'synthesized using microwave heating']"
314,10.1002/cphc.201700968,"Optimized Synthesis of ZSM‐11 Catalysts using 1,8‐Diaminooctane as a Structure‐Directing Agent",2018,,,
315,10.1002/cphc.201700973,In Situ Flow MAS NMR Spectroscopy and Synchrotron PDF Analyses of the Local Response of the Brønsted Acidic Site in SAPO‐34 during Hydration at Elevated Temperatures,2018,,,"['ray scattering measurements analyzed', 'based pair distribution function', 'pdf showed clear changes']"
316,10.1002/cphc.201900953,"Zeolite Structure Direction: Identification, Strength and Involvement of Weak CH⋅⋅⋅O Hydrogen Bonds",2020,,,"['organic structure directing agent', 'evidenced along dynamics simulation', 'cage containing f atoms']"
317,10.1002/cphc.202000822,Hot‐Electron Photodynamics in Silver‐Containing BEA‐Type Nanozeolite Studied by Femtosecond Transient Absorption Spectroscopy,2020,,,"['bea samples upon photoexcitation', 'small ag nanoparticles favors', 'highly dispersed ag0 nanoparticles']"
318,10.1002/cplu.201100020,Versatile Photoactive Materials Based on Zeolite L Doped with Laser Dyes,2012,,,"['resulting doped material', 'resolved photophysical techniques', 'organized photoactive material']"
319,10.1002/cplu.201200048,Ethanol Recovery from Water Using Silicalite‐1 Membrane: An Operando Infrared Spectroscopic Study,2012,,,"['high reproducibility resists cracking', 'high porosity thus leading', 'possesses high mechanical stability']"
320,10.1002/cplu.201200089,Adsorption of Carbon Dioxide on Sodium and Potassium Forms of STI Zeolite,2012,,,"['approximately 8 kj mol', 'ring channel systems', 'ray powder diffraction']"
321,10.1002/cplu.201200236,Synthesis of Transition‐Metal Exchanged Nanocrystalline ZSM‐5 and Their Application in Electrochemical Oxidation of Glucose and Methanol,2012,,,"['large specific surface area', 'enzymatic electrochemical sensor based', 'adult human blood serum']"
322,10.1002/cplu.201402346,Fabrication of Hybrid Organic–Inorganic Materials with Tunable Porosity for Catalytic Application,2015,,,"['1p precursor preliminarily pillared', 'functionalized hybrid materials synthesized', 'dimensional zeolitic precursor']"
323,10.1002/crat.201100547,Synthesis of zeolite ZSM‐5: Effect of emulsifiers,2012,,,"['longer hydrothermal period', 'whereas anionic emuisifier', 'pure crystalline zsm']"
324,10.1002/crat.201300434,Application of D‐optimal experimental design in nano‐sized ZSM‐5 synthesis for obtaining higher crystallinity,2014,,,"['fischer test results showed', 'achieve relative maximum crystallinity', 'way interaction variable']"
325,10.1002/crat.201800132,Dual Templating Fabrication of Hollow SAPO‐34 Molecular Sieves for Enhanced MTO Catalytic Activity and Selectivity,2019,,,"['slightly stronger acid strength', 'first prepared using triethylamine', 'obtained zeolites change significantly']"
326,10.1002/crat.202000027,Cocrystalline Synthesis of ZSM‐5/ZSM‐11 and Catalytic Activity for Methanol to Propylene,2020,,,"['strong bronsted acid amount', 'increasing al distribution', 'framework al distribution']"
327,10.1002/cssc.201000256,Aluminophosphates for CO2 Separation,2011,,,"['n2 uptakes strongly indicated', 'relatively hydrophobic nature', 'less energy costly']"
328,10.1002/cssc.201200339,ZK‐5: A CO2‐Selective Zeolite with High Working Capacity at Ambient Temperature and Pressure,2012,,,"['increased carbon dioxide concentration', 'global climate change', 'framework type code']"
329,10.1002/cssc.201200907,Synthesis of DNL‐6 with a High Concentration of Si (4 Al) Environments and its Application in CO2 Separation,2013,,,"['simple gas purging operation', 'pressure swing adsorption processes', 'large co2 uptake capacity']"
330,10.1002/cssc.201300160,Highly Active and Recyclable Sn‐MWW Zeolite Catalyst for Sugar Conversion to Methyl Lactate and Lactic Acid,2013,,,"['also demonstrate good performance', 'water ).', 'triose sugars']"
331,10.1002/cssc.201300408,Adsorption of HMF from Water/DMSO Solutions onto Hydrophobic Zeolites: Experiment and Simulation,2014,,,"['grand canonical monte carlo', 'using literature force fields', 'solvation free energy']"
332,10.1002/cssc.201402555,Molecular Basis for the High CO2 Adsorption Capacity of Chabazite Zeolites,2014,,,"['6 ,= 12 ),', 'two co2 adsorption sites', '6 samples due']"
333,10.1002/cssc.201500443,Titanium(IV) in the Organic‐Structure‐Directing‐Agent‐Free Synthesis of Hydrophobic and Large‐Pore Molecular Sieves as Redox Catalysts,2015,,,"['causes environmental problems owing', 'industrially important organic molecules', 'type molecular sieves synthesized']"
334,10.1002/cssc.201700338,Zeolites as sustainable catalysts for the selective synthesis of renewable bisphenols from lignin‐derived monomers,2017,,,"['unrecyclable thermolabile sulfonated resins', 'thermally stable solid acids', 'selectively produce renewable bisphenols']"
335,10.1002/cssc.201700667,Intensified Biobutanol Recovery by using Zeolites with Complementary Selectivity,2017,,,"['offering several advantages compared', 'zeolites show opposite selectivities', 'zeolites allow easy elimination']"
336,10.1002/cssc.201701162,Enhanced Trace Carbon Dioxide Capture on Heteroatom‐Substituted RHO Zeolites under Humid Conditions,2017,,,"['larger micropore surface areas', 'weaker electric fields', 'thermally regenerated rapidly']"
337,10.1002/cssc.201800864,Nanocrystalline H‐RTH Zeolite: An Efficient Catalyst for the Low‐Temperature Dehydration of Ethanol to Ethene,2018,,,"['environmentally benign routes based', 'basic chemical building blocks', 'vicinal proton ).']"
338,10.1002/cssc.201801486,Mesoporogen‐Free Synthesis of Hierarchical SAPO‐34 with Low Template Consumption and Excellent Methanol‐to‐Olefin Conversion,2018,,,"['intracrystalline meso -/ macropores', 'tea )/ h2o system', 'tunable hierarchical structures']"
339,10.1002/cssc.201801504,"Excellent Performances of Dealuminated H‐Beta Zeolites from Organotemplate‐Free Synthesis in Conversion of Biomass‐derived 2,5‐Dimethylfuran to Renewable p‐Xylene",2018,,,"['five successive regeneration cycles', 'catalyst shows better regeneration', 'beta zeolite prepared using']"
340,10.1002/cssc.201802577,Green Hydrogen Separation from Nitrogen by Mixed‐Matrix Membranes Consisting of Nanosized Sodalite Crystals,2019,,,"['organic structural directing agent', 'organic phases greatly improved', 'selectivity factor increased significantly']"
341,10.1002/cssc.201900958,Selective Transformation of CO2 and H2 into Lower Olefins over In2O3‐ZnZrOx/SAPO‐34 Bifunctional Catalysts,2019,,,"['c2 =- c4 =)', 'bifunctional catalysts containing in2o3', 'high c2 =- c4']"
342,10.1002/cssc.201903571,Gelless Secondary Growth of Zeolitic Aluminophosphate Membranes on Porous Supports with High Performance in CO2/CH4 Separation,2020,,,"['cost kaolin porous substrates', 'gelless seed growth method', 'environmentally friendly method']"
343,10.1002/ejic.200300154,Investigation of the Crystallization Stages of LTA‐Type Zeolite by Complementary Characterization Techniques,2003,,,"['27al mas nmr spectroscopy', 'crystallization process takes place', 'amorphous aluminosilicate units formed']"
344,10.1002/ejic.200400566,[Ge9O14(OH)12](C6N2H16)2·H2O: A Novel Germanate with Ge−O Helical Chains Formed by Hydrothermal Synthesis that Can Separate trans and cis Isomers in Situ,2004,,,"['vch verlag gmbh', 'space group p21', '12 ]( c6n2h16']"
345,10.1002/ejic.200400743,Incorporation of Aluminium and Iron into the Zeolite MCM‐58,2005,,,
346,10.1002/ejic.200500707,Mu‐34: a New Porous Layered Fluorogallophosphate Material Obtained by in Situ Generation of Ethylamine,2006,,,"['triclinic space group p', 'following unit cell parameters', 'single crystal xrd data']"
347,10.1002/ejic.200700262,Mu‐35: A Fluorogallophosphate Obtained by In Situ Generation of the Template,2007,,,"['three -, five -,', 'orthorhombic space group pbcn', 'following unit cell parameters']"
348,10.1002/ejic.200800682,Controlling the Crystal Growth of Dodecasil 3C by Buffering with DL‐Histidine,2008,,,"['vch verlag gmbh', 'phase hydrothermal synthesis', 'amino acid exerts']"
349,10.1002/ejic.200801194,“One‐Pot” Ion‐Exchange and Mesopore Formation During Desilication,2009,,,"['obtained directly upon calcination', 'vch verlag gmbh', 'treatment steps allowing']"
350,10.1002/ejic.201100152,"Synthesis, Swelling, and Exfoliation of Microporous Lamellar Titanosilicate AM‐4",2011,,,"['layered porous titanosilicate built', 'vis characterization highlighting', 'reducing synthesis time']"
351,10.1002/ejic.201200476,Antibacterial Activity of Silver‐Loaded “Green Zeolites”,2012,,,"['transmission electron microscopy', 'dimensionally interconnected pores', 'commercial product shows']"
352,10.1002/ejic.201402060,Compressed CO2 Accelerated the Synthesis of Mesoporous Heteroatom‐Substituted Aluminophosphates for Enhanced Catalytic Activity,2014,,,"['displayed much higher activities', 'compressed co2 method provides', 'water emulsions acting']"
353,10.1002/ejic.201501223,Organotemplate‐Free Synthesis of a High‐Silica Zeolite with a TON Structure in the Absence of Zeolite Seeds,2016,,,"['crystallization time strongly influence', 'ton structure designated', 'starting aluminosilicate gels']"
354,10.1002/ejic.201601106,Large Single Crystals of Heterosubstituted Titanosilicate JDF‐L1 Grown Orthogonally in a Regular Levo‐Spiral Mode,2016,,,"['15 x 15 um', 'tetrahedral si sites', 'regularly orthogonal levo']"
355,10.1002/ejic.201601398,Preparation of an MCM‐22/Hydrotalcite Framework Composite and Its Catalytic Application,2017,,,"['simple coprecipitation method', 'mas nmr spectroscopy', 'mamcm ), possessing']"
356,10.1002/ejic.201700023,On the Porous Silicate HPM‐5,2017,,,"['29si mas nmr spectroscopy', 'density layers profusely decorated', 'withstand reactions characteristic']"
357,10.1002/ejic.201701002,"Organic Structure‐Directing Agents in SAPO Synthesis: The Case of 2‐Ethyl‐1,3,4‐trimethylimidazolium",2018,,,"['1x )], aluminium atoms', 'fluoride medium also directs', 'synthesis time also influenced']"
358,10.1002/ejic.201800729,Synthesis of ATN‐Type FeAPO‐39 Molecular Sieves without Solvent using the Additional Structure‐Directing Effect of the Iron Source,2018,,,"['vis diffuse reflectance spectroscopy', 'chn elemental analysis indicate', 'resultant relatively pure feapo']"
359,10.1002/ejic.201901165,TEAOH‐Templated SAPO‐34 Zeolite with Different Crystallization Processes and Silicon Sources: Crystallization Mechanism and MTO Performance,2020,,,"['), basic silica sol', 'one -, two -,', 'dispersed small size sapo']"
360,10.1002/ejic.202000183,Synthesis of SAPO‐34 Zeolite from Laponite and Its Application in the MTO Reaction,2020,,,"['laponite exhibited higher selectivity', 'primary building units', 'high catalytic activity']"
361,10.1002/elan.201200475,Application of Different Zeolites for Improvement of the Characteristics of a pH‐FET Biosensor Based on Immobilized Urease,2013,,,"['zeolites na +- beta', 'zeolites h +- beta30', 'zeolite h +- beta30']"
362,10.1002/elan.201400171,"Selective, Nanomolar Electrochemical Determination of Environmental Contaminants Dihydroxybenzene Isomers Found in Water Bodies Using Nanocrystalline Zeolite Modified Carbon Paste Electrodes",2014,,,"['suitable structure directing agents', 'different environmental water samples', 'different framework structures']"
363,10.1002/ente.201900214,On the Feasibility of Using Hierarchical ZSM‐5 and Beta Zeolites as Supports of Metal Phosphides for Catalytic Hydrodeoxygenation of Phenol,2019,,,"['model compound typically present', 'almost full phenol conversion', '5 exhibits outstanding results']"
364,10.1002/ep.11940,Green synthesis of nano‐silicalite‐1: Biomass fly ash as a silica source and mother liquid recycling,2015,,,"['clear gel solution method', 'first synthesis batch increased', 'considerable crystal size reduction']"
365,10.1002/ep.12322,Zn‐HZSM‐5 catalysts for methane dehydroaromatization,2016,,,"['metallic zn0 nanoclusters inside', 'dispersed metal species inside', 'get irreversible loss']"
366,10.1002/ep.12325,Fabrication and performance evaluation of Faujasite zeolite composite ultrafiltration membrane by separation of trivalent ions from aqueous solution,2016,,,"['pure water permeation test', 'aqueous solution using faujasite', 'facile uniaxial compaction method']"
367,10.1002/ep.13570,Iron modified zeolite carrier for efficiently pharmaceutical pollutant degradation in heterogeneous electro‐Fenton: Influence factors and kinetic,2021,,,"['high specific surface area', 'different operating conditions', '2 g l']"
368,10.1002/fuce.201500118,Electrocatalytic Oxidation of Formaldehyde onto Carbon Paste Electrode Modified with Nickel Decorated Nanoporous Cobalt‐Nickel Phosphate Molecular Sieve for Fuel Cell,2016,,,"['nickel phosphate vsb', 'improve catalytic efficiency', 'catalytic rate constant']"
369,10.1002/hlca.19690520712,Synthese und Kristallstruktur von Tetramethylammonium‐Sodalith,1969,,,"['indicate strong ch ...', 'methyl groups point', 'short methyl']"
370,10.1002/hlca.19740570608,"Formation and Properties of Losod, a New Sodium Zeolite",1974,,,"['crystalline hydrated sodium aluminosilicate', 'low sodium content', 'necessary cations built']"
371,10.1002/hlca.201600234,Identifying Sn Site Heterogeneities Prevalent Among Sn‐Beta Zeolites,2016,,,"['accurately compare materials prepared', 'reproducible synthesis procedure compared', 'individual synthesis parameters within']"
372,10.1002/jctb.1022,Synthesis of ZSM‐5 from diatomite: a case of zeolite synthesis from a natural material,2004,,,"['scanning electron microscopy', 'natural raw material', 'differential thermal analysis']"
373,10.1002/jctb.1689,Epoxidation of allyl chloride and hydrogen peroxide over titanium silicalite‐1 film on SiO2 pellet support,2007,,,"['situ hydrothermal synthesis method', 'sio2 pellet supports via', 'si mas nmr ).']"
374,10.1002/jctb.1938,Production of silver‐doped analcime by isomorphous substitution technique,2008,,,"['producing silver doped analcime', 'doped analcime samples', 'inductively coupled plasma']"
375,10.1002/jctb.2291,Separation of p‐xylene from ternary xylene mixture using silicalite‐1 membrane: process optimization studies,2009,,,"['px feed partial pressure', 'dimensional response surface plots', 'two separation process variables']"
376,10.1002/jctb.4134,Solvothermal conversion of magadiite into zeolite omega in a glycerol–water system,2014,,,"['refractory gas oil hydrocracking', 'deficient clinoptilolite tuff without', 'extra pure precipitated silica']"
377,10.1002/jctb.4686,The synthesis of new coke‐resistant support and its application in propane dehydrogenation to propene,2016,,,"['requires relatively high temperature', 'important chemical raw material', 'achieve high yield']"
378,10.1002/jctb.5130,Conversion of methanol to light olefins over H‐MCM‐22 dealuminated with different methods,2017,,,"['various solid acid materials', 'coworkers proposed successive methylation', 'complicated reaction network influenced']"
379,10.1002/jctb.801,Synthesis of mordenite from diatomite: a case of zeolite synthesis from natural material,2003,,,"['scanning electron microscopy', 'natural raw material', 'high mordenite product']"
380,10.1002/kin.21359,"Investigating the kinetics of liquid‐free, OSDA‐free ZSM‐5 zeolite synthesis from iron ore tailings",2020,,,"['uses iron ore tailings', 'avrami exponent indicates three', '5 crystallization mechanism demonstrates']"
381,10.1002/mrc.4748,NMR crystallography of zeolites: How far can we go without diffraction data?,2019,,,"['templated octadecasil clathrasil material', '1d 29si nmr spectrum', 'nmr crystallography strategies like']"
382,10.1002/ppsc.201300275,Microwave Synthesis of LTL Zeolites with Tunable Size and Morphology: An Optimal Support for Metal‐Catalyzed Hydrogen Production from Biogas Reforming Processes,2014,,,"['obtained using conventional ovens', 'oxidative biogas reforming processes', 'synthesized ltl zeolites make']"
383,10.1002/ppsc.201800125,Ionothermal Synthesis of Hollow Aluminophosphate Molecular Sieves,2018,,,"['shell thicknesses significantly increase', 'alkyl chain length increases', 'ostwald ripening theory']"
384,10.1002/qsar.200620064,Prediction of ITQ‐21 Zeolite Phase Crystallinity: Parametric Versus Non‐parametric Strategies,2007,,,
385,10.1002/slct.201800475,Nickel Doped Aluminophosphate‐5 as an Efficient Heterogeneous Catalyst for Imine Synthesis by Direct Condensation of Alcohols and Amines at Room Temperature,2018,,,
386,10.1002/slct.201801971,"Hierarchical Zr‐MTW Zeolites Doped with Copper as Catalysts of Ethanol Conversion into 1,3‐Butadiene",2018,,,"['lewis acidic sites determined', 'directed agent like gemini', 'prepared using nh4f']"
387,10.1002/smll.201100959,Bioconjugated Fluorescent Zeolite L Nanocrystals as Labels in Protein Microarrays,2011,,,"['dynamic light scattering technique', 'diverse analyte detection owing', 'good universal binding pair']"
388,10.1002/zaac.200801341,Synthesis of Aluminum‐Rich Analcime Using an Ethylene Diamine Derivative as Template,2009,,,
389,10.1002/zaac.200900415,Static and Ultrasonic‐assisted Aging Effects on the Synthesis of Analcime Zeolite,2010,,,"['scanning electron microscopy', 'reaction mixture prior', 'static hydrothermal conditions']"
390,10.1002/zaac.201400103,Ionic Liquid assisted Synthesis of Zeolite‐TON,2014,,,
391,10.1002/zaac.202000078,Thickness‐controlled Growth of Silicalite Membranes on Cerium Oxide Supports,2020,,,"['transmission electron microscopy ((', 'cerium oxide porous disks', 'scanning electron microscopy']"
392,10.1006/jcat.1998.2039,The Transformations of n-Butane over Platinum-Promoted Mn-Aluminophosphate Molecular Sieves,1998,,,
393,10.1006/jcat.1998.2127,"H2O2 oxidation and epoxidation of hydrocarbons and alcohols over titanium aluminophosphates TAPO-5, TAPO-11, and TAPO-36",1998,,,
394,10.1006/jcat.1998.2195,Structural and Catalytic Properties of Zeolite EMT Containing NiMo Sulfide,1998,,,
395,10.1006/jcat.1999.2476,Comparative Evaluation of the Catalytic Properties of SAPO-31 and ZSM-48 for the Hydroisomerization of N-Octane: Effect of the Acidity,1999,,,
396,10.1006/jcat.1999.2774,Characterization and Catalytic Activity of MCM-22 and MCM-56 Compared with ITQ-2,2000,,,
397,10.1006/jcat.2000.3031,Synthesis of Zeolite ZSM-57 and Its Catalytic Evaluation for the 1-Butene Skeletal Isomerization and n-Octane Cracking,2000,,,
398,10.1006/jcat.2001.3469,IM-5: A Highly Thermal and Hydrothermal Shape-Selective Cracking Zeolite,2002,,,
399,10.1006/jssc.1997.7680,Two Ethylenediamine-Templated Zeolite-Type Structures in Zinc Arsenate and Cobalt Phosphate Systems ☆,1998,,,
400,10.1006/jssc.1999.8322,Hydrothermal Synthesis and Characterization of Chabazite-Type Cobaltoaluminophosphate with an Encapsulated Cobalt Complex: Co3Al3(PO4)6Co(DETA)2 · (H2O)3,1999,,,
401,10.1006/jssc.1999.8597,A Hybrid Open-Framework Aluminum Phosphate-Oxalate Possessing Large Circular 12-Membered Channels,2000,,,
402,10.1006/jssc.2000.9027,Syntheses and Structures of Two Ammonium Zinc Gallophosphates: Analcime and Paracelsian analogs,2001,,,
403,10.1006/jssc.2001.9434,Crystallization and Spontaneous Phase Transformation of MTN-Type Zeolite with Tetragonal Symmetry,2002,,,
404,10.1006/jssc.2002.9549,Polymethylated [4.1.1] Octanes Leading to Zeolite SSZ-50,2002,,,
405,10.1007%2Fs10934-010-9421-1,,,,,
406,10.1007/978-3-662-47395-5_13,,2016,,,"['stimulated many application researches', 'many new preparation methods', 'investigated since 1992']"
407,10.1007/978-3-662-47395-5_2,,2016,,,"['molecular sieves ionothermally synthesized', 'various guest species', 'synthesize molecular sieves']"
408,10.1007/978-3-662-47395-5_5,,2016,,,"['recently reported structure determinations', 'crystals million times smaller', 'comprises several important advantages']"
409,10.1007/bf00655926,The synthesis and properties of zeolite CF-3,1986,,,
410,10.1007/bf00656161,"Studies on clathrasils VIII. Nonasils-[4158], 88SiO2 · 8M8 · 8M9 · 4M20: Synthesis, thermal properties, and crystal structure",1986,,,
411,10.1007/bf00665368,,1987,,,
412,10.1007/bf00708767,Physicochemical characterization of boro- and gallo-silicate isomorphs ofβ-zeolite,1995,,,
413,10.1007/bf00805573,Probing acid sites in MAPO-36 by solid state NMR,1996,,,
414,10.1007/bf00806053,Silicoaluminophosphate number eighteen (SAPO-18): a new microporous solid acid catalyst,1994,,,
415,10.1007/bf00806891,"The role of alkali cations in zeolite synthesis from silicate solutions containing N,N,N-trimethyl-1-adamantammonium cations",1996,,,
416,10.1007/bf00807188,"Synthesis, characterization and catalytic properties of two novel vanado-aluminosilicates with EU-1 and ZSM-22 structures",1995,,,
417,10.1007/bf00814240,"Sn-ZSM-12, a new, large pore MTW type tin-silicate molecular sieve: synthesis, characterization and catalytic properties in oxidation reactions",1995,,,
418,10.1007/bf01029659,"Synthesis of a gallosilicate analogue of high silica, large Port Mordenitel",1992,,,
419,10.1007/bf01042779,Synthesis and characterization of gallosilicate pentasil (MFI) framework zeolites,1992,,,"['hydrothermal system containing triethyl', '29si and71ga masnmr', 'framework containing ga3']"
420,10.1007/bf02707446,An improved process for the synthesis of VPI-5 molecular sieve,2003,,,
421,10.1007/s00214-015-1692-9,,2015,,,"['article number', 'article', 'cite']"
422,10.1007/s00706-011-0597-0,,2012,,,"['chemical monthly volume 143', 'monatshefte fur chemie', 'pages 409']"
423,10.1007/s10163-019-00873-x,,2019,,,"['waste management volume 21', 'pages 1188', 'material cycles']"
424,10.1007/s10450-012-9463-6,,2013,,,"['adsorption volume 19', 'pages 407', 'cite']"
425,10.1007/s10450-013-9528-1,,2013,,,"['adsorption volume 19', 'pages 1045', 'cite']"
426,10.1007/s10450-016-9809-6,,2016,,,"['adsorption volume 22', 'pages 1059', 'cite']"
427,10.1007/s10450-016-9828-3,,2017,,,"['adsorption volume 23', 'pages 101', 'cite']"
428,10.1007/s10450-016-9836-3,,2016,,,"['adsorption volume 22', 'pages 1129', 'cite']"
429,10.1007/s10450-018-9980-z,,2018,,,"['adsorption volume 24', 'pages 705', 'cite']"
430,10.1007/s10450-019-00113-6,,2019,,,"['adsorption volume 25', 'pages 1099', 'cite']"
431,10.1007/s10562-005-2128-2,,2005,,,"['catalysis letters volume 99', 'pages 231', 'cite']"
432,10.1007/s10562-006-0070-6,Performance of Pt/MgAPO-11 Catalysts in the Hydroisomerization of n-dodecane,2006,,,"['tpd ), differential thermogravimetric', 'varying mg contents synthesized', '5 wt .% pt']"
433,10.1007/s10562-007-9022-z,Ti-MCM-36: a new mesoporous epoxidation catalyst,2007,,,"['via surfactant swelling followed', 'oxidant demonstrated superior performance', 'bet surface area measurement']"
434,10.1007/s10562-007-9131-8,Friedel–Crafts acylation of anisole and toluene with acetic anhydride over nano-sized Beta zeolites,2007,,,"['sized zeolites may bring', 'sized zeolites allow', 'sized beta zeolites']"
435,10.1007/s10562-007-9138-1,"Synthesis, characterization and hydroisomerization catalytic performance of nanosize SAPO-11 molecular sieves",2007,,,"['larger specific surface area', 'new static hydrothermal method', 'spherical aggregates ranging']"
436,10.1007/s10562-007-9321-4,"n-Pentane Hydroisomerization on Pt Containing HZSM-5, HBEA and SAPO-11",2008,,,"['platinum promoted acids zeolites', 'high catalytic stability', 'hdbea catalyst showed']"
437,10.1007/s10562-007-9324-1,,2008,,,"['catalysis letters volume 122', 'pages 43', 'cite']"
438,10.1007/s10562-007-9348-6,Selectivity Enhancement to the Exclusive Formation of Ethyltoluenes and Hydrogen During Dehydroalkylation of Toluene with Ethane,2008,,,"['ethyltoluenes provide significant insight', '12 h side reactions', 'hydrogenolysis reactions dominate']"
439,10.1007/s10562-007-9387-z,Epoxidation of Propylene with Hydrogen Peroxide Over TS-1 Catalyst Synthesized in the Presence of Polystyrene,2008,,,"['high catalytic performance', 'enhanced hydrophobic property', 'characterization results showed']"
440,10.1007/s10562-008-9454-0,Direct Synthesis of a Fluidizable SAPO-34 Catalyst for a Fluidized Dimethyl Ether-to-Olefins Process,2008,,,"['high temperature steam treatment', 'ray diffraction characterization showed', '50 mm inner diameter']"
441,10.1007/s10562-008-9564-8,High Selectivity Production of Propylene from n-Butene: Thermodynamic and Experimental Study Using a Shape Selective Zeolite Catalyst,2008,,,"['weight hourly space velocity', 'weak external acidic sites', 'hydrocarbons whose dynamic diameters']"
442,10.1007/s10562-008-9626-y,Alkylation of Phenol with tert-Butanol Catalyzed by Mesoporous Material with Enhanced Acidity Synthesized from Zeolite MCM-22,2008,,,"['mesoporous material denoted', 'steadily catalytic properties', 'using zeolite mcm']"
443,10.1007/s10562-008-9676-1,Morphology Control of Silicalite/HZSM-5 Composite Catalysts for the Formation of Para-Xylene,2009,,,"['5 composite catalyst prepared', 'shell composite catalysts', 'low molar ratios']"
444,10.1007/s10562-008-9811-z,Textural Properties and Catalytic Applications of ZSM-5 Monolith Foam for Methanol Conversion,2009,,,"['higher feed flow rates', 'textural properties using sem', 'catalytic performance towards methanol']"
445,10.1007/s10562-009-0053-5,FTIR Study of Cobalt Containing Aluminophosphates with Chabasite Like Structure by Using CO and NO as Molecular Probes,2009,,,
446,10.1007/s10562-009-0186-6,"Synthesis, Characterization and Hydroisomerization Performance of SAPO-11 Molecular Sieves with Caverns by Polymer Spheres",2010,,,"['large mesopores ranging 5', '11 molecular sieves synthesized', '200 nm pore size']"
447,10.1007/s10562-009-9864-7,1-Butene Cracking to Propene on High Silica HMCM-22: Relations Between Product Distribution and Feed Conversion Under Various Temperatures,2009,,,"['could provide good guidance', 'c4 alkenes catalytic transforming', 'reaction pathways influenced']"
448,10.1007/s10562-009-9965-3,Lanthanum Oxides-Improved Catalytic Performance of ZSM-5 in Toluene Alkylation with Methanol,2009,,,"['lanthanum oxides significantly suppresses', 'real time modified', 'catalysis tests show']"
449,10.1007/s10562-010-0259-6,Dehydration of Xylose into Furfural in the Presence of Crystalline Microporous Silicoaluminophosphates,2010,,,"['three consecutive recycling runs', '4 h using sapo', 'solid acid catalysts']"
450,10.1007/s10562-010-0292-5,Characterizations and Catalytic Properties of Chromium Silicalite-2 Prepared by Direct Hydrothermal Synthesis and Impregnation,2010,,,"['high oxidation state', 'different catalytic behaviors', '2 molecular sieves']"
451,10.1007/s10562-010-0352-x,Selective Oxidation of Cyclohexane by Oxygen in a Solvent-Free System over Lanthanide-Containing AlPO-5,2010,,,"['high specific area', '4 h reaction', 'titled reaction system']"
452,10.1007/s10562-010-0367-3,Synthesis and Catalytic Performance of the Framework-Substituted Manganese β Zeolite,2010,,,"['substituted manganese b zeolite', 'unseeded hydrothermal method', 'optimized synthetic conditions']"
453,10.1007/s10562-010-0421-1,Light Olefins Synthesis from Methanol and Dimethylether over SAPO-34 Nanocrystals,2010,,,"['short residence time', 'longer catalyst lifetime', 'long catalyst lifetime']"
454,10.1007/s10562-011-0598-y,ETS-10 Supported Au Nanoparticles for Solvent-Free Oxidation of 1-Phenylethanol with Oxygen,2011,,,"['first introduced inside ets', 'cation exchange procedure', '10 titanosilicate using']"
455,10.1007/s10562-012-0797-1,Effect of Crystal Size on Acetone Conversion over SAPO-34 Crystals,2012,,,"['showed longer catalyst lifetime', 'longer catalyst lifetime', 'studied using coke']"
456,10.1007/s10562-013-1027-1,Evaluation of Iron-Containing Aluminophosphate Molecular Sieve Catalysts Prepared by Different Methods for Phenol Hydroxylation,2013,,,"['5 molecular sieve catalysts', 'aluminophosphate molecular sieve', 'vis analysis suggested']"
457,10.1007/s10562-014-1296-3,The Synthesis of Hierarchical SAPO-34 and its Enhanced Catalytic Performance in Chloromethane Conversion to Light Olefins,2014,,,"['total acid sites', 'total acid amounts', 'less carbon deposit']"
458,10.1007/s10562-014-1458-3,Catalytic Activity of Pt Modified Hierarchical ZSM-5 Catalysts in Benzene Alkylation with Methanol,2015,,,"['bed continuous flow reactor', 'avoiding pt particles sintering', '5 could successfully combine']"
459,10.1007/s10562-015-1554-z,Controlling Acidic Sites to Improve Hydroisomerization Performance of Pt/SAPO-11 Catalysts,2015,,,"['isomerization selectivity strongly depended', 'total pore volume', 'dominant crystal faces']"
460,10.1007/s10562-015-1607-3,Preparation and Evaluation of the Modified Nanoparticle SAPO-18 for Catalytic Conversion of Methanol to Light Olefins,2015,,,"['overall particle size', 'finally detailed investigations', 'stirring aging']"
461,10.1007/s10562-015-1683-4,Size-Controlled Synthesis of Metallosilicates with MTW Structure and Catalytic Performance for Methanol-to-Propylene Reaction,2016,,,"['achieved using tetraethylammonium bromide', 'sized crystals could', 'different crystal sizes']"
462,10.1007/s10562-016-1835-1,Improved Catalytic Performance of C-axis Oriented HZSM-5 Nanobunches Synthesized by Re-aging,2016,,,"['combination hydrothermal synthesis method', 'weak bronsted acid sites', 'shortened microporous channel']"
463,10.1007/s10562-016-1841-3,Effect of Particle Morphology for ZSM-5 Zeolite on the Catalytic Conversion of Methanol to Gasoline-Range Hydrocarbons,2016,,,"['sphere crystallite aggregated zsm', 'sphere crystallite aggregate zsm', 'rod crystallites aggregate zsm']"
464,10.1007/s10562-016-1847-x,One-Step Synthesis of Functionalized ZSM-12 Zeolite as a Hybrid Basic Catalyst,2016,,,"['12 zeolite substantially increased', 'polar protic solvents', 'crystalline silica phase']"
465,10.1007/s10562-016-1854-y,A Novel Preparation of SAPO-18 Molecular Sieve with Enhanced Stability for Dimethyl Ether to Olefins,2016,,,"['much lower coke deposition', 'synthesized hydrothermally using mixture', 'particle size appropriately become']"
466,10.1007/s10562-016-1867-6,Effect of Phosphorus Addition on the Performance of Hierarchical ZSM-11 Catalysts in Methanol to Propene Reaction,2016,,,"['maintained mel structure results', 'ftir analyses reveal', '35 wt %)']"
467,10.1007/s10562-017-1969-9,Nanosized Particles of X Zeolite Containing Ammonium Cations as Basic Catalysts,2017,,,"['work evaluates two faujasite', 'knoevenagel condensation reaction', 'best butyraldehyde conversions']"
468,10.1007/s10562-017-2004-x,Isomerization of Styrene Oxide to Phenyl Acetaldehyde over Different Modified Beta Zeolites,2017,,,"['obtained results also demonstrate', 'fourier transform infrared spectroscopy', 'xrd ), n2 adsorption']"
469,10.1007/s10562-017-2136-z,Mass Transfer Effect on the Oxidation of Alkenes and Phenol with Hydrogen Peroxide Using TS-1 Titanosilicate as a Catalyst,2017,,,"['reagent diffusion coefficients within', 'internal diffusion effects', 'particle sizes ranging']"
470,10.1007/s10562-018-2307-6,Transalkylation Properties of Hierarchical MFI and MOR Zeolites: Direct Synthesis over Modulating the Zeolite Grow Kinetics with Controlled Morphology,2018,,,"['mor zeolites enable zeolite', 'typical zeolite materials', 'tetrapropyl ammonium bromide']"
471,10.1007/s10562-018-2439-8,Synthesis and Characterization of Platinum Impregnated Zn-ZSM5 Nanocatalysts for Xylene Isomerization Reactions,2018,,,"['partial vacuum impregnation method', 'reducing weak acidity resulted', 'strong acid sites increased']"
472,10.1007/s10562-018-2496-z,"Ferrosilicate-Based Heterogeneous Fenton Catalysts: Influence of Crystallinity, Porosity, and Iron Speciation",2018,,,"['containing composite material consisting', 'three aforementioned parameters show', '180 nm ), fe']"
473,10.1007/s10562-018-2624-9,A Newly Designed Core-Shell-Like Zeolite Capsule Catalyst for Synthesis of Light Olefins from Syngas via Fischer–Tropsch Synthesis Reaction,2019,,,"['34 zeolite shell acted', 'simple mixture catalyst fe', 'zeolite capsule catalyst']"
474,10.1007/s10562-019-02687-w,,2019,,,"['catalysis letters volume 149', 'pages 942', 'cite']"
475,10.1007/s10562-019-02702-0,,2019,,,"['catalysis letters volume 149', 'pages 1965', 'cite']"
476,10.1007/s10562-019-02893-6,,2020,,,"['catalysis letters volume 150', 'pages 209', 'cite']"
477,10.1007/s10562-019-02901-9,,2019,,,"['catalysis letters volume 149', 'pages 3338', 'cite']"
478,10.1007/s10562-019-03026-9,,2020,,,"['catalysis letters', 'cite', 'article']"
479,10.1007/s10562-019-03040-x,,2020,,,"['catalysis letters', 'cite', 'article']"
480,10.1007/s10562-019-03064-3,,2020,,,"['catalysis letters', 'cite', 'article']"
481,10.1007/s10562-019-03068-z,,2020,,,"['catalysis letters', 'cite', 'article']"
482,10.1007/s10562-020-03211-1,,2020,,,"['catalysis letters', 'cite', 'article']"
483,10.1007/s10562-020-03262-4,,2020,,,"['catalysis letters', 'cite', 'article']"
484,10.1007/s10562-020-03269-x,,2020,,,"['catalysis letters volume 150', 'pages 3653', 'cite']"
485,10.1007/s10562-020-03333-6,,2021,,,"['catalysis letters volume 151', 'pages 787', 'cite']"
486,10.1007/s10562-020-03388-5,,2021,,,"['catalysis letters', 'cite', 'article']"
487,10.1007/s10562-020-03402-w,,2021,,,"['catalysis letters', 'cite', 'article']"
488,10.1007/s10562-020-03473-9,,2021,,,"['catalysis letters', 'cite', 'article']"
489,10.1007/s10562-020-03524-1,,2021,,,"['catalysis letters', 'cite', 'article']"
490,10.1007/s10570-020-03094-w,,2020,,,"['cellulose volume 27', 'pages 4637', 'cite']"
491,10.1007/s10847-009-9706-7,,2010,,,"['macrocyclic chemistry volume 67', 'pages 261', 'inclusion phenomena']"
492,10.1007/s10847-009-9733-4,,2010,,,"['macrocyclic chemistry volume 68', 'pages 65', 'inclusion phenomena']"
493,10.1007/s10853-006-0172-y,Synthesis of ZSM-5 zeolite of improved bulk and surface properties via mixed templates,2007,,,"['xy inside narrow pores', 'pyridine adsorption measurements showed', '5 zeolites using tetrapropyl']"
494,10.1007/s10853-007-2104-x,Synthesis of Ti-Beta via mechanochemical route,2008,,,"['planetary ball mill', 'titanosilicate samples obtained', 'thus obtained silica']"
495,10.1007/s10853-008-2560-y,,2008,,,"['materials science volume 43', 'pages 2499', 'journal']"
496,10.1007/s10853-009-3508-6,,2009,,,"['materials science volume 44', 'pages 3777', 'journal']"
497,10.1007/s10853-009-3694-2,Influence of chemical vapour infiltration conditions of acetylene on the structural and textural properties of EMT-type zeolite nanocasted carbon replica,2009,,,"['three xrd diffraction peaks', 'pore size distribution calculated', 'nanocasting process using emc']"
498,10.1007/s10853-011-6013-7,"SBE type cobalt-aluminophosphates (Co/Al ~ 1): synthesis aging effect, detemplation mechanism from coupled TGA/FTIR analyses, and structural stability after detemplation",2012,,,"['readily oxidize upon adsorption', 'employing different aging periods', 'detemplated microporous solid appears']"
499,10.1007/s10853-013-7428-0,Rapid synthesis of pure DD3R zeolite using ball-milled Sigma-1 seeds under static conditions,2013,,,
500,10.1007/s10853-013-7499-y,Synthesis of zeolite T powders by direct dissolution of rice husk ash: an agro-waste material,2013,,,"['fourier transform infrared spectroscopy', 'characteristic double six ring', 'fesem images showed ellipse']"
501,10.1007/s10853-014-8130-6,Synthesis and catalytic ammoxidation performance of hierarchical TS-1 prepared by steam-assisted dry gel conversion method: the effect of TPAOH amount,2014,,,"['tetrahedrally coordinated ti species', 'methyl ethyl ketone oxime', 'methyl ethyl ketone']"
502,10.1007/s10853-014-8635-z,Flexible-structured systems made of ceramic fibers containing Pt-NaY zeolite used as CO oxidation catalysts,2015,,,"['obtained using colloidal suspensions', 'necessary mechanical strength', 'corresponding traditional systems']"
503,10.1007/s10853-015-9201-z,Catalytic structure and reaction performance of PtSnK/ZSM-5 catalyst for propane dehydrogenation: influence of impregnation strategy,2015,,,"['wide metallic distribution', 'sn oxide together', 'relatively easy reduction']"
504,10.1007/s10853-015-9467-1,,2016,,,"['materials science volume 51', 'pages 1476', 'journal']"
505,10.1007/s10853-015-9624-6,Preparation of mesoporous silicoaluminophosphate using ammonium hydroxide as the base and its catalytic application in the trans-alkylation of aromatics,2016,,,"['subsequently stabilized via vapor', 'pyridine desorption studies revealed', 'successful framework incorporation']"
506,10.1007/s10853-015-9719-0,Low-temperature and alkali-free dual template synthesis of micro-mesoporous aluminosilicates based on precursors of zeolite ZSM-5,2016,,,"['state 29si mas nmr', 'polarization mas nmr spectroscopy', 'transmission electron microscopy']"
507,10.1007/s10853-016-0692-z,Low-temperature synthesis of hierarchical architectures of SAPO-11 zeolite as a good hydroisomerization support,2017,,,"['larger external surface area', 'external active sites', 'successfully synthesized without']"
508,10.1007/s10853-016-9799-5,"Synthesis and characterization of germanium, copper- and cobalt-substituted ITH-zeotype materials",2016,,,"['vis diffuse reflectance spectrum', 'structure refinement results show', 'scanning electron microscopy']"
509,10.1007/s10853-017-0769-3,Fluoride etching of mordenite and its influence on catalytic activity,2017,,,"['many industrially important reactions', 'resolution transmission electron microscopy', 'scanning electron microscopy']"
510,10.1007/s10853-017-1092-8,A new soft template-oriented method for the preparation of hollow analcime microspheres with nanosheets-assembled shells,2017,,,"['enhanced specific surface area', 'reversed crystal growth mechanism', 'uv raman results unraveled']"
511,10.1007/s10853-017-1171-x,One-pot synthesis of Ni-SSZ-13 zeolite using a nickel-amine complex as an efficient organic template,2017,,,"['investigated using different temperatures', 'n2 sorption isotherms', 'efficient organic template']"
512,10.1007/s10853-018-2952-6,,2019,,,"['materials science volume 54', 'pages 2049', 'journal']"
513,10.1007/s10853-019-03433-8,,2019,,,
514,10.1007/s10853-019-03451-6,,2019,,,"['materials science volume 54', 'pages 8860', 'journal']"
515,10.1007/s10853-019-03485-w,,2019,,,"['materials science volume 54', 'pages 8202', 'journal']"
516,10.1007/s10853-019-03971-1,,2020,,,"['materials science volume 55', 'pages 967', 'journal']"
517,10.1007/s10853-020-04708-1,,2020,,,"['materials science volume 55', 'pages 10412', 'journal']"
518,10.1007/s10853-020-04785-2,,2020,,,"['materials science volume 55', 'pages 10505', 'journal']"
519,10.1007/s10853-020-04855-5,,2020,,,"['materials science volume 55', 'pages 11870', 'journal']"
520,10.1007/s10853-020-05030-6,,2020,,,"['materials science volume 55', 'pages 13799', 'journal']"
521,10.1007/s10854-017-8042-8,Zeolite A coated Zn1−XCuXO MOS sensors for NO gas detection,2018,,,"['using secondary growth method', 'semiconducting sensor material', 'increase sensor selectivity']"
522,10.1007/s10854-019-01865-1,,2019,,,"['electronics volume 30', 'pages 14928', 'materials science']"
523,10.1007/s10904-017-0579-8,,2017,,,"['materials volume 27', 'pages 1281', 'organometallic polymers']"
524,10.1007/s10904-018-0792-0,,2018,,,"['materials volume 28', 'pages 1072', 'organometallic polymers']"
525,10.1007/s10904-018-1031-4,,2019,,,"['materials volume 29', 'pages 564', 'organometallic polymers']"
526,10.1007/s10934-006-9069-z,Synthesis and framework topology of the new disordered ERS-10 zeolite,2007,,,
527,10.1007/s10934-007-9175-6,Investigation on crystallization of aluminophosphate gel in the presence of 4-dimethylaminopyridine/hydrofluoric acid system,2009,,,
528,10.1007/s10934-008-9190-2,Cu-silicalite-1 catalyst for the wet hydrogen peroxide oxidation of phenol,2009,,,"['different ion exchange methods', 'ionic exchange method', 'hydrogen peroxide consumption']"
529,10.1007/s10934-008-9214-y,Selective ion-exchange in MAPO-36 and its application in toluene disproportionation,2009,,,"['strong acid sites', 'diphenyl methane derivative', 'xrd revealed absence']"
530,10.1007/s10934-008-9220-0,Hydrothermal conversion of FAU zeolite into aluminous MTN zeolite,2009,,,"['powder xrd refinement', 'mas nmr spectra', 'fast crystallization rate']"
531,10.1007/s10934-008-9223-x,Microwave assisted synthesis of ETS-10,2009,,,"['engelhard titanium silicate', 'different titanium precursors', '72 h required']"
532,10.1007/s10934-008-9237-4,Effect of heating profile on desorption curve in temperature programmed desorption analysis: case study of acid sites distribution of SAPO-34,2009,,,"['traditional linear heating method', 'original stepwise heating scheme', 'different acid strength resulting']"
533,10.1007/s10934-009-9333-0,Dry gel conversion synthesis of shape controlled MFI type zeolite materials,2010,,,"['amorphous silica fiber shape', 'acid treated silica fibers', 'large individual zeolite particles']"
534,10.1007/s10934-010-9355-7,"Synthesis and structural refinement of fully dehydrated fully Zn2+-exchanged zeolite Y (FAU), |Zn35.5|[Si121Al71O384]-FAU",2011,,,"['space group \\( fd', 'ion per unit cell', 'sodalite cavities opposite s6rs']"
535,10.1007/s10934-010-9357-5,,2011,,,"['porous materials volume 18', 'pages 69', 'journal']"
536,10.1007/s10934-010-9374-4,Effect of different TEAOH/DEA combinations on SAPO-34’s synthesis and catalytic performance,2011,,,"['29si mas nmr demonstrated', 'samples using mixed template', 'whereas dispersed finely']"
537,10.1007/s10934-010-9380-6,Crystallinity of large single crystals of FAU-type zeolites with a wide range of Si/Al ratios,2011,,,"['large colorless single crystals', 'final error indices', 'large single crystals']"
538,10.1007/s10934-010-9385-1,Rapid synthesis of thin SAPO-34 membranes using microwave heating,2011,,,"['narrower size distribution due', '34 membrane (~ 3', 'mw heating facilitates formation']"
539,10.1007/s10934-010-9397-x,Fast synthesis and morphology control of silicalite-1 in the presence of polyvinyl alcohol,2011,,,"['high bet surface areas', 'pva would produce silicalite', 'temporary physical barriers']"
540,10.1007/s10934-010-9404-2,Hydrothermal synthesis of size-controlled silicalite-1 crystals,2011,,,"['different tpaoh template concentrations', 'different organic solvents', 'played important roles']"
541,10.1007/s10934-010-9415-z,"Synthesis and single-crystal structures of fully dehydrated fully Sr2+-exchanged zeolite Y (FAU) and its benzene sorption complex, |Sr37.5|[Si117Al75O384]-FAU and |Sr37.5(C6H6)33(H2O)15|[Si117Al75O384]-FAU",2011,,,"['ions per unit cell', 'k using synchrotron x', 'two distinct sites within']"
542,10.1007/s10934-010-9417-x,Ionothermal synthesis of FeAlPO-16 molecular sieve by microwave irradiation in eutectic mixture,2011,,,
543,10.1007/s10934-010-9421-1,Synthesis of layered MCM-22(P) in the presence of hexamethonium cations and its transformation into EUO- and MWW-type zeolites,2011,,,
544,10.1007/s10934-011-9471-z,Synthesis of high-quality nanocrystalline zeolite Y using pseudoboehmite as aluminum source,2012,,,"['hydrothermally synthesized using pseudoboehmite', 'high thermal stability proved', 'icp oes analysis showed']"
545,10.1007/s10934-011-9527-0,Synthesis of AlPO4-34 and its large single crystal by partially substituting framework fluorine with oxygen species,2012,,,"['two fluorine atoms located', 'unit cell formula', 'unit cell composition']"
546,10.1007/s10934-011-9551-0,Characterization and adsorption properties of organosilyl aluminophosphate hybrids,2012,,,"['similar molecular sizes', 'gas adsorption properties', 'chn elemental analysis']"
547,10.1007/s10934-012-9569-y,,2013,,,"['porous materials volume 20', 'pages 7', 'journal']"
548,10.1007/s10934-012-9598-6,Effects of ultrasound on the synthesis of zeolites: a review,2013,,,"['ultrasound also improves crystallinity', 'ultrasound assisted aging process', 'ultrasound assisted aging leads']"
549,10.1007/s10934-012-9623-9,,2013,,,
550,10.1007/s10934-012-9624-8,Synthesis of SUZ-4 zeolite by a dry gel conversion method,2013,,,"['organic template tetraethylammonium hydroxide', 'producing smaller rod', 'optimize synthesis conditions']"
551,10.1007/s10934-012-9625-7,"Synthesis, characterization and catalytic properties of MCM-36 pillared via the MCM-56 precursor",2013,,,"['accessible bronsted acid sites', 'higher external surface area', 'bronsted acidic sites']"
552,10.1007/s10934-012-9627-5,"Hydrothermal synthesis of pure AlPO4-5 without fluoride medium: synthesis, characterization and application as a support",2013,,,"['changing al sources', 'resulting microporous alpo4', 'gel ph value']"
553,10.1007/s10934-012-9659-x,The preparation of ZSM-5 zeolite@Cu/stainless steel as a dual functional material,2013,,,"['5 zeolite membrane covered', '5 zeolite membrane', 'combining zeolite membrane']"
554,10.1007/s10934-012-9666-y,Direct hydrothermal synthesis and characterization of framework-substituted Co(Mn)-Beta zeolites,2013,,,"['mn )- beta zeolites', 'mn )- beta crystals', 'teller surface area']"
555,10.1007/s10934-012-9668-9,Synthesis and characterization of modified ZSM-5 nanozeolite and their applications in adsorption of Acridine Orange dye from aqueous solution,2013,,,"['smaller average particle size', 'aqueous medium using uv', 'shown higher adsorption efficiency']"
556,10.1007/s10934-013-9676-4,Hydrothermal synthesis of an ITH-type germanosilicate zeolite in a non-concentrated gel system,2013,,,"['icp ), elemental analysis', 'various synthetic parameters', 'microporous surface area']"
557,10.1007/s10934-013-9682-6,n-Hexadecane hydroisomerization over Pt/ZSM-12: role of Si/Al ratio on product distribution,2013,,,"['120 using tetraethylammonium bromide', 'different conversion levels obtained', '5 wt %)/ zsm']"
558,10.1007/s10934-013-9703-5,Synthesis and catalytic performance of novel hierachically porous material beta-MCM-48 for diesel hydrodesulfurization,2013,,,"['48 supported nimo catalysts', 'wetness impregnation method', 'mesostructure directing agent']"
559,10.1007/s10934-014-9809-4,Enhanced selectivity to benzaldehyde in the liquid phase oxidation of benzyl alcohol using nanocrystalline ZSM-5 zeolite catalyst,2014,,,"['possessed composite pore structures', 'high bet surface area', 'ir vibration band']"
560,10.1007/s10934-014-9849-9,Morphological control of DDR zeolite crystals in Sigma-1 assisted hydrothermal synthesis using reduced organic agents,2014,,,"['high performance zeolite adsorbents', 'precursors contained ludox sol', 'zeolite crystal morphology']"
561,10.1007/s10934-014-9854-z,Facile synthesis of HZSM-5 with controlled crystal morphology and size as efficient catalysts for chlorinated hydrocarbons oxidation and xylene isomerization,2014,,,"['nh3 temperature programmed desorption', 'high internal surface area', 'transmission electron microscopy']"
562,10.1007/s10934-014-9873-9,Dramatic influence of carbamate-linked double chain organosilane with different length on zeolite morphology control,2015,,,"['prepare hierarchically porous zeolites', 'synthesis compositions gave zeolites', 'double alkyl chain lengths']"
563,10.1007/s10934-014-9885-5,High temperature synthesis of nanostructured Ce-SAPO-34 catalyst used in conversion of methanol to light olefins: effect of temperature on physicochemical properties and catalytic performance,2015,,,"['lower methane formation compared', 'various methods including xrd', 'ceo2 showed longer lifetime']"
564,10.1007/s10934-015-0051-5,Synthesis of germanosilicate type CDS-1 zeolite with CDO topology and its zeolitic layered precursor,2016,,,"['topotactic dehydrative condensation process', 'q 3 silanol', 'layered germanosilicate crystalline']"
565,10.1007/s10934-015-0064-0,"Low cost rapid route for hydrothermal synthesis of nano ZSM-5 with mixture of two, three and four structure directing agents",2016,,,"['different structure directing agents', 'short crystallization period', 'small particle size']"
566,10.1007/s10934-015-0079-6,Effects of seeding on the fast crystallization of ZSM-11 microspheres with intergrowth morphology and small particle size,2016,,,"['enhanced external surface area', 'provide surface area', 'small particle size']"
567,10.1007/s10934-015-0083-x,Synthesis of mesoporous MFI zeolite by dry gel conversion with ZnO particles and the catalytic activity on TMB cracking,2016,,,"['remove unreacted zno particles', 'facile synthesis method', 'conventional mfi nanocrystals']"
568,10.1007/s10934-015-0094-7,Aerosol-assisted synthesis of hierarchical porous titanosilicate molecular sieve as catalysts for cyclohexene epoxidation,2016,,,"['cetyl trimethyl ammonium bromide', 'shows high activity', 'nitrogen adsorption isotherm']"
569,10.1007/s10934-015-0119-2,Synthesis and characterization of BEC-zeotype germanosilicates and B-substituted zeolitic materials,2016,,,"['inductively coupled plasma analysis', 'scanning electron microscopy', 'nitrogen sorption measurements']"
570,10.1007/s10934-015-9927-7,Ionothermal synthesis of Ce/Nd-containing UiO-7 molecular sieve in eutectic mixture,2015,,,
571,10.1007/s10934-015-9929-5,Hierarchically structured SAPO-5 molecular sieve catalysts with tailored mesoporosity for alkylation reaction,2015,,,
572,10.1007/s10934-015-9950-8,para-Selectivity of silicalite-1 coated MFI type galloaluminosilicate in aromatization of light alkanes,2015,,,"['27al mas nmr measurements', 'synthesis solution enhanced para', '1 coating could improve']"
573,10.1007/s10934-015-9957-1,An investigation into the crystallization of low-silica X zeolite,2015,,,"['raman spectra provided information', 'cations may work synergistically', 'state nmr results show']"
574,10.1007/s10934-016-0178-z,Alkali metal modified nano-silicalite-1: an efficient catalyst for transesterification of triacetin,2016,,,
575,10.1007/s10934-016-0191-2,Secondary growth of microporous vanadosilicate AM-6 films,2016,,,"['plane crystallographic preferred orientation', 'plane preferred crystal orientation', 'first time using ets']"
576,10.1007/s10934-016-0216-x,,2016,,,"['porous materials volume 23', 'pages 1557', 'journal']"
577,10.1007/s10934-016-0222-z,,2016,,,"['porous materials volume 23', 'pages 1609', 'journal']"
578,10.1007/s10934-016-0223-y,Two-stage dual template alkali metal-free synthesis of micro-mesoporous aluminosilicates based on ZSM-5 zeolite precursors,2016,,,"['higher total selectivity toward', 'containing secondary building units', 'mesoporous molecular sieve alsi']"
579,10.1007/s10934-016-0253-5,Hydrothermal synthesis of titanosilicate type zeolitic layered PLS-1 and CDS-1 molecular sieve with CDO topology,2017,,,"['corresponding zeolitic layered titanosilicate', '1 via dehydrative condensation', 'h2o2 ), tetramethylammonium hydroxide']"
580,10.1007/s10934-016-0265-1,Characterization and fluorine-free microwave hydrothermal synthesis of AlPO4-5 molecular sieves as adsorbents,2017,,,"['shaped water sorption isotherms', 'fourier transform infrared spectroscopy', '5 crystals could quickly']"
581,10.1007/s10934-016-0278-9,Synthesis of MgAPO-31 nanocrystals via different heating methods and their catalytic performance in the hydroisomerization of n-decane,2017,,,"['incipient wetness impregnation technique', 'synthesized using microwave irradiation', '31 molecular sieves substituted']"
582,10.1007/s10934-016-0292-y,"Effects of the synthetic condition on the stability, particle size and redox chemistry of nanoporous CoAlPO-34",2017,,,"['synthesized bifunctional catalyst', 'nanoporous catalyst studied', 'best redox property']"
583,10.1007/s10934-017-0437-7,Synergetic effect between the metal and acid sites of Pd/SAPO-41 bifunctional catalysts in n-hexadecane hydroisomerization,2018,,,"['bed flow reactor system', '{\\ vphantom {{{{ c', '{{{ h }^{+}}}}}}\\) ratio']"
584,10.1007/s10934-017-0457-3,,2018,,,"['porous materials volume 25', 'pages 451', 'journal']"
585,10.1007/s10934-017-0510-2,"Cerium ion-exchanged layered MCM-22: preparation, characterization and its application for esterification of fatty acids",2018,,,"['systematically characterized using ftir', 'xrd ), n2 adsorption', 'ftir data confirmed']"
586,10.1007/s10934-017-0511-1,Synthesis of FeAPO-5 molecular sieves with high iron contents via improved ionothermal method and their catalytic performances in phenol hydroxylation,2018,,,"['vis diffuse reflectance spectrometer', 'studied using phenol hydroxylation', 'longer pronounced induction period']"
587,10.1007/s10934-017-0539-2,High efficient mesoporous HZSM-5 nanocatalyst development through desilication with mixed alkaline solution for methanol to olefin reaction,2018,,,"['2 %), propylene selectivity', 'high total light olefins', 'high efficient mto catalyst']"
588,10.1007/s10934-018-0558-7,Selective synthesis of the SAPO-5 and SAPO-34 mixed phases by controlling Si/Al ratio and their excellent catalytic methanol to olefins performance,2018,,,"['hydrothermal synthesis route', 'selective synthesis', 'tpd techniques']"
589,10.1007/s10934-018-0568-5,Internal structure of a gel leading to NBA-ZSM-5 single crystals,2018,,,"['biphasic internal structure consisting', 'main gel phase formed', 'structure directing agent']"
590,10.1007/s10934-018-0598-z,"Amine functionalized AFI type microporous SAPO-5 materials: preparation, unique method on template extraction, characterization and its catalytic application on epoxide ring opening",2019,,,"['microporous afi type silicoaluminophosphate', '13c mas nmr studies', 'synthesized aminosilane modified sapo']"
591,10.1007/s10934-018-0606-3,One-pot synthesis of IM-5 zeolite,2019,,,"['nitrogen adsorption characterization techniques', 'two impurity phases', 'three key factors']"
592,10.1007/s10934-018-0676-2,Facile in situ hydrothermal crystallization synthesis of SAPO-34/ZSM-5 composite catalyst for methanol to olefin reaction,2019,,,"['light olefins totalled 93', 'methanol conversion reached 97', 'situ synthesis method features']"
593,10.1007/s10934-019-00725-x,"Synthesis of GME zeolite with high porosity by hydrothermal conversion of FAU zeolite using a dual-template method with tetraethylphosphonium and N,N-dimethyl-3,5-dimethylpiepridinium hydroxides",2019,,,
594,10.1007/s10934-019-00740-y,,2019,,,"['porous materials volume 26', 'pages 1407', 'journal']"
595,10.1007/s10934-019-00776-0,,2019,,,"['porous materials volume 26', 'pages 1767', 'journal']"
596,10.1007/s10934-019-00784-0,,2019,,,"['porous materials volume 26', 'pages 1879', 'journal']"
597,10.1007/s10934-020-00898-w,,2020,,,"['porous materials', 'journal', 'cite']"
598,10.1007/s10934-020-00905-0,,2020,,,"['porous materials volume 27', 'pages 1329', 'journal']"
599,10.1007/s10934-020-00923-y,,2020,,,"['porous materials volume 27', 'pages 1481', 'journal']"
600,10.1007/s10934-020-00982-1,,2021,,,"['porous materials volume 28', 'pages 171', 'journal']"
601,10.1007/s10971-014-3531-1,,2014,,,"['technology volume 72', 'pages 637', 'gel science']"
602,10.1007/s10971-020-05342-8,,2020,,,"['technology volume 96', 'pages 256', 'gel science']"
603,10.1007/s10973-015-5148-1,,2016,,,"['calorimetry volume 124', 'thermal analysis', 'pages 101']"
604,10.1007/s10973-017-6551-6,,2017,,,"['zeolitic properties', 'homogenization process', 'effects']"
605,10.1007/s11051-009-9688-9,"Synthesis, characterization, and ion-exchange properties of colloidal zeolite nanocrystals",2009,,,"['varying heating temperature', 'toxic metal ions', 'significantly change composition']"
606,10.1007/s11051-010-0216-8,Nanocrystalline zeolite beta and zeolite Y as catalysts in used palm oil cracking for the production of biofuel,2011,,,"['conventional zeolite catalysts due', 'nanocrystalline zeolite catalytic activity', 'used palm oil']"
607,10.1007/s11051-013-1645-y,Direct evidence of advantage of using nanosized zeolite Beta for ISFET-based biosensor construction,2013,,,"['electrostatic interactions among enzyme', 'using relatively small nanoparticles', '1 +- 10 nm']"
608,10.1007/s11051-017-3772-3,Synthesis of SAPO-56 with controlled crystal size,2017,,,"['nitrogen bet surface areas', 'diluted gel compositions promoted', 'relative narrow size distribution']"
609,10.1007/s11144-009-0129-7,Catalytic performance of zeolite ITQ-13 with 9- and 10-member rings for methane dehydroaromation,2010,,,"['ring channels favor coke', 'pore zeolite containing 9', 'methane aromatization reaction']"
610,10.1007/s11144-011-0292-5,Synthesis and characterization of H-ZSM-5 zeolites and their catalytic performance in CH3Br conversion to aromatics,2011,,,"['hydrothermal crystallization using n', 'preferable crystallization conditions', 'large commercial hzsm']"
611,10.1007/s11144-012-0520-7,,2013,,,"['catalysis volume 108', 'reaction kinetics', 'pages 417']"
612,10.1007/s11144-013-0650-6,Effects of micro and nano-sized SAPO-34 and SAPO-5 catalysts on the conversion of methanol to light olefins,2014,,,"['selectivity toward light olefins', 'small crystals showed', 'critical factors governing']"
613,10.1007/s11144-014-0682-6,Allyl chloride epoxidation with H2O2 on TS-1/SiO2 catalyst in a fixed-bed reactor: experiments and deactivation kinetics,2014,,,"['catalyst exhibits higher stability', 'lower hydrogen peroxide concentration', 'decreasing hydrogen peroxide concentration']"
614,10.1007/s11144-014-0748-5,Preparation and characterization of lanthanide modified SAPO-34 nano catalysts and measurement of their activity for methanol to olefin conversion,2014,,,"['34 molecular sieve could', 'best catalytic performance', 'catalytic test results']"
615,10.1007/s11144-014-0794-z,Hydroisomerization of n-hexadecane over bifunctional Pt-HBEA catalysts. Influence of Si/Al ratio on activity selectivity,2015,,,"['quite interesting cracking distribution', 'two pt sites', 'acid sites encountered']"
616,10.1007/s11144-015-0841-4,A catalytic process for the synthesis of light olefins from CH3Br over Zn-modified SAPO-34 molecular sieve,2015,,,"['si molar ratio', 'scanning electron microscopy', '20 ), giving']"
617,10.1007/s11144-015-0958-5,Catalytic oxidation of 4-tert-butyltoluene to 4-tert-butylbenzaldehyde over cobalt modified APO-5 zeolite,2016,,,"['substrate molar ratio', 'various reaction parameters', 'repeated runs showed']"
618,10.1007/s11144-017-1140-z,"Synthesis and characterization of Al-magadiite and its catalytic behavior in 1,4-pentanediol dehydration",2017,,,"['27al mas nmr spectroscopy', 'conventional hydrothermal synthesis method', '27al mas nmr spectra']"
619,10.1007/s11144-017-1162-6,A study on the effect of SiO2/Al2O3 ratio on the structure and performance of nano-sized ZSM-5 in methanol to propylene conversion,2017,,,"['high silica content nano', 'fairly close microstructural properties', 'continuous flow isotherm fixed']"
620,10.1007/s11144-017-1292-x,The high selectivity of Ce-hierarchical SAPO-34 nanocatalyst for the methanol to propylene conversion process,2017,,,"['pore size modifier', 'longer catalytic lifetime', 'diffusion distance inside']"
621,10.1007/s11144-018-1465-2,Insights into the effects of modifying factors on the solvent-free synthesis of FeAPO-5 catalysts towards phenol hydroxylation,2018,,,"['vis diffuse reflectance spectroscopy', 'relatively pure resultant products', 'framework iron species exhibits']"
622,10.1007/s11144-019-01534-8,Using response surface method to analyze the effect of hydrothermal post-treatment on the performance of extrudates HZSM-5 catalyst in the methanol to propylene reaction,2019,,,"['optimal response surface method', 'selectivity towards light olefins', 'transport restrictions within']"
623,10.1007/s11144-019-01566-0,,2019,,,"['catalysis volume 127', 'reaction kinetics', 'pages 449']"
624,10.1007/s11144-019-01602-z,,2019,,,"['catalysis volume 127', 'reaction kinetics', 'pages 803']"
625,10.1007/s11144-020-01771-2,,2020,,,"['catalysis volume 130', 'reaction kinetics', 'pages 493']"
626,10.1007/s11144-020-01786-9,,2020,,,"['catalysis volume 130', 'reaction kinetics', 'pages 519']"
627,10.1007/s11144-020-01874-w,,2021,,,"['catalysis volume 132', 'reaction kinetics', 'pages 485']"
628,10.1007/s11144-020-01903-8,,2021,,,"['catalysis volume 132', 'reaction kinetics', 'pages 431']"
629,10.1007/s11164-011-0264-4,,2011,,,"['chemical intermediates volume 37', 'pages 177', 'research']"
630,10.1007/s11164-013-1211-3,,2015,,,"['chemical intermediates volume 41', 'pages 575', 'research']"
631,10.1007/s11164-015-1981-x,,2015,,,"['chemical intermediates volume 41', 'pages 9561', 'research']"
632,10.1007/s11164-015-1988-3,,2015,,,"['chemical intermediates volume 41', 'pages 9845', 'research']"
633,10.1007/s11164-016-2473-3,,2016,,,"['chemical intermediates volume 42', 'pages 6437', 'research']"
634,10.1007/s11164-016-2550-7,In situ ultrasonic measurements: a powerful tool to control the synthesis of zeolites from coal fly ash,2016,,,"['situ ultrasonic diagnostic technique', 'ex situ techniques', 'scanning electron microscopy']"
635,10.1007/s11164-016-2577-9,,2016,,,"['chemical intermediates volume 42', 'pages 8039', 'research']"
636,10.1007/s11164-016-2584-x,,2016,,,"['chemical intermediates volume 42', 'pages 8131', 'research']"
637,10.1007/s11164-018-3326-z,,2018,,,"['chemical intermediates volume 44', 'pages 3581', 'research']"
638,10.1007/s11164-018-3601-z,,2019,,,"['chemical intermediates volume 45', 'pages 261', 'research']"
639,10.1007/s11164-018-3651-2,,2019,,,"['chemical intermediates volume 45', 'pages 955', 'research']"
640,10.1007/s11164-020-04123-w,,2020,,,"['chemical intermediates volume 46', 'pages 2817', 'research']"
641,10.1007/s11172-012-0260-x,A study of microporous aluminophosphates obtained in the presence of symmetrical di-n-alkylamines,2012,,,
642,10.1007/s11172-017-1723-x,Physicochemical and catalytic properties of SAPO-31 materials prepared from the silica sources characterized by a different degree of polymerization,2017,,,
643,10.1007/s11237-006-0049-9,"Isomorphous inclusions of silicon, aluminum, and titanium in the germanate zeolite IPC-3",2006,,,
644,10.1007/s11237-015-9419-5,Effect of Template Structure and Synthesis Conditions on the Adsorption and Acid Properties of Hierarchical Titanosilicate MTW Zeolites,2015,,,"['strength acid sites', 'polyammonium surfactants used', 'mtw zeolites aggregate']"
645,10.1007/s11244-005-7627-2,Towards Rational Synthesis of Microporous Aluminophosphate AlPO4-21 by Hydrothermal Combinatorial Approach,2005,,,
646,10.1007/s11244-008-9065-4,A Ti-containing Molecular Sieve Assembled from Titanosilicate Precursors with Long-chain Alkylamines,2008,,,"['techniques including powder x', 'containing wormlike mesoporous silica', 'zeolitic building units']"
647,10.1007/s11244-008-9141-9,Epoxidation of Linear Olefins over Stacked TS-1 Zeolite Catalysts,2009,,,"['microwave onto ti species', 'unique pore structure', 'tracer chromatographic analysis']"
648,10.1007/s11244-008-9143-7,Phenol Hydroxylation over Alkaline Treated TS-1 Catalysts,2009,,,"['creates new large micropores', 'among various alkaline hydroxide', 'selective remove silica']"
649,10.1007/s11244-008-9146-4,Zeolites in Microsystems for Chemical Synthesis and Energy Generation,2009,,,"['adsorbed methanol molecules interrupting', 'portable energy generation', 'poorer selectivity due']"
650,10.1007/s11244-008-9147-3,Novel Highly Acidic Nanoporous Cage Type Materials and Their Catalysis,2009,,,"['three dimensional porous structure', '4 h without loss', 'different solid acid catalysts']"
651,10.1007/s11244-008-9150-8,Comparison of Activity and Selectivity of SSZ-33 Based Catalyst with other Zeolites in Toluene Disproportionation,2009,,,"['33 catalyst comprising 12', 'increased mass transport', 'final catalysts decreased']"
652,10.1007/s11244-009-9272-7,Catalytic Activities of Alcohol Transformations Over 8-Ring Zeolites,2009,,,"['similar pore size', 'membered ring structures', 'intrinsic structural properties']"
653,10.1007/s11244-009-9273-6,Influence of Al Distribution and Defects Concentration of Ferrierite Catalysts Synthesized From Na-Free Gels in the Skeletal Isomerization of n-Butene,2009,,,
654,10.1007/s11244-009-9278-1,Alkaline Modification of MCM-22 to a 3D Interconnected Pore System and its Application in Toluene Disproportionation and Alkylation,2009,,,"['bronsted acid site concentration', 'bronsted acidity decreased', 'various characterization techniques']"
655,10.1007/s11244-009-9350-x,One-Dimensional Molecular Sieves for Hydrocarbon Cold Start Emission Control,2009,,,"['light hc probe molecules', '10 oxygen ring apertures', 'hydrocarbon traps using toluene']"
656,10.1007/s11244-010-9474-z,Ti-MWW Synthesis and Catalytic Applications in Partial Oxidation Reactions,2010,,,"['performed using xrd', 'model sulfur compounds', 'hydrothermally synthesized employing']"
657,10.1007/s11244-010-9587-4,Synthesis of Open Zeolite Structures from Mixtures of Tetramethylammonium and Benzylmethylalkylammonium Cations: A Step Towards Driving Aluminium Location in the Framework,2010,,,
658,10.1007/s11244-010-9588-3,Fabrication of SAPO-34 Crystals with Different Morphologies by Microwave Heating,2010,,,"['silicoaluminophosphate molecular sieve sapo', 'microspheres (~ 1', 'using colloidal silica']"
659,10.1007/s11244-010-9590-9,Synthesis of Hierarchical TS-1 Zeolite from Silanized Seeds,2010,,,"['zeolitic seeds previously prepared', 'two different raw materials', 'typical mfi micropores']"
660,10.1007/s11244-010-9591-8,"TUN, IMF and -SVR Zeolites; Synthesis, Properties and Acidity",2010,,,"['also similar acid strength', 'svr zeolite substantially changes', 'three novel zeolites tun']"
661,10.1007/s11244-010-9596-3,Decane Hydroisomerization Test Probing Catalytic Activity and Selectivity of Aluminum and Boron Substituted Extra-Large Pore UTL Zeolite,2010,,,"['large pore germanosilicate zeolite', 'product selectivity demonstrated utl', 'significantly lower compared']"
662,10.1007/s11244-010-9599-0,Zeolite Proton Conducting Membrane for Micro Fuel Cell Applications,2010,,,"['neighbouring aluminium sites along', 'hydrogen fuel cell performance', 'supporting zeolite membrane consists']"
663,10.1007/s11244-010-9606-5,Aromatic Transformations Over Mesoporous ZSM-5: Advantages and Disadvantages,2010,,,"['xylene alkylation increased due', 'lewis acid sites', 'individual products depended']"
664,10.1007/s11244-011-9637-6,Effect of the Mesostructuration of the Beta Zeolite Support on the Properties of Cobalt Catalysts for Fischer–Tropsch Synthesis,2011,,,"['mesostructured beta zeolite', 'beta zeolite', 'tropsch synthesis']"
665,10.1007/s11244-012-9914-z,Effect of Al on Zeolite Beta Solid State Chemistry,2012,,,"['fourier transform infrared spectroscopy', 'unit cell contracts along', 'oxygen atoms present along']"
666,10.1007/s11244-013-0170-7,Methanol Conversion to Hydrocarbons (MTH) Over H-ITQ-13 (ITH) Zeolite,2014,,,"['weight hourly space velocity', 'meeting fluctuating chemicals demands', 'similar specific surface areas']"
667,10.1007/s11244-015-0381-1,Computationally-Guided Synthesis of the 8-Ring Zeolite AEI,2015,,,"['targeted microporous material frameworks', 'aei framework topology ).', 'zeolite synthesis mixtures containing']"
668,10.1007/s11244-015-0384-y,Effect of Pore and Cage Size on the Formation of Aromatic Intermediates During the Methanol-to-Olefins Reaction,2015,,,"['subsequent 1h nmr analysis', 'molecular sieve void spaces', 'cage systems sufficiently large']"
669,10.1007/s11244-015-0389-6,High-Performance Catalysts with MSE-Type Zeolite Framework,2015,,,"['bulky diquaternary ammonium cation', 'gel conversion method using', 'exhibited high catalytic performance']"
670,10.1007/s11244-015-0394-9,Al-MFI Nanosheets as Highly Active and Stable Catalysts for the Conversion of Propanal to Hydrocarbons,2015,,,"['shorter diffusion path lengths', 'conventional aluminum mfi zeolite', 'mesoporous aluminosilicate mfi nanosheets']"
671,10.1007/s11244-015-0422-9,Influence of Si Incorporation into the Novel Ti(III)APO-5 Catalysts on the Oxidation of Cyclohexene in Liquid Phase,2016,,,"['first tetrahedral coordination sphere', 'provide certain hydrophobicity', 'multinuclear mas nmr']"
672,10.1007/s11244-017-0844-7,Identification of Distinct Copper Species in Cu-CHA Samples Using NO as Probe Molecule. A Combined IR Spectroscopic and DFT Study,2017,,,"['copper exchanged molecular sieves', 'co reveals different types', 'dimeric copper oxo']"
673,10.1007/s11244-018-0929-y,Modeling of EPR Parameters for Cu(II): Application to the Selective Reduction of NOx Catalyzed by Cu-Zeolites,2018,,,"['three molecular sieves', 'exhaustive computational study', 'relevant systems involved']"
674,10.1007/s11244-018-1016-0,Effect of the Presence of Ceria in the NSR Catalyst on the Hydrothermal Resistance and Global DeNOx Performance of Coupled LNT–SCR Systems,2018,,,"['two subsequent reactors', 'null n2o production', 'severe hydrothermal aging']"
675,10.1007/s11244-018-1017-z,,2018,,,"['catalysis volume 61', 'pages 2007', 'topics']"
676,10.1007/s11244-018-1078-z,Influence of Composition and Preparation Method on the Continuous Performance of Sn-Beta for Glucose-Fructose Isomerisation,2019,,,"['materials containing dilute amounts', 'less adsorptive siliceous matrix', 'synthetically prepared catalysts leads']"
677,10.1007/s11244-019-01151-8,Formic Acid Production Via Methane Peroxide Oxidation Over Oxalic Acid Activated Fe-MFI Catalysts,2019,,,"['n2 adsorption techniques', 'h2o2 utilization upon', '27al mas nmr']"
678,10.1007/s11270-017-3497-z,,2017,,,"['soil pollution volume 228', 'article number', 'article']"
679,10.1007/s11356-018-2074-3,,2018,,,"['pollution research volume 25', 'pages 19054', 'environmental science']"
680,10.1007/s11356-019-07547-z,,2020,,,"['pollution research volume 27', 'pages 9935', 'environmental science']"
681,10.1007/s11814-008-0254-4,,2008,,,"['chemical engineering volume 25', 'pages 1546', 'korean journal']"
682,10.1007/s11998-009-9195-z,,2010,,,"['research volume 7', 'pages 383', 'coatings technology']"
683,10.1007/s12034-016-1194-y,Ni(II) decorated nano silicoaluminophosphate molecular sieves-modified carbon paste electrode as an electrocatalyst for electrooxidation of methanol,2016,,,"['nano sapo channels provides', 'modified carbon paste electrode', 'nano sapo molecular sieves']"
684,10.1007/s12039-020-01855-5,,2020,,,"['chemical sciences volume 132', 'article number', 'article']"
685,10.1007/s12209-017-0065-y,,2017,,,"['tianjin university volume 23', 'pages 501', 'transactions']"
686,10.1007/s12598-018-1143-6,,2019,,,"['rare metals volume 38', 'pages 210', 'cite']"
687,10.1007/s13399-020-00907-7,,2020,,,"['biomass conversion', 'cite', 'biorefinery']"
688,10.1007/s13762-013-0334-9,,2013,,,"['technology volume 10', 'pages 1067', 'international journal']"
689,10.1007/s40242-016-6126-2,,2016,,,"['chinese universities volume 32', 'pages 895', 'chemical research']"
690,10.1007/s40242-017-7050-9,,2017,,,"['chinese universities volume 33', 'pages 513', 'chemical research']"
691,10.1007/s40995-016-0078-8,,2018,,,"['science volume 42', 'pages 1209', 'iranian journal']"
692,10.1007/s42452-020-2930-x,,2020,,,"['article number', 'article', 'cite']"
693,10.1016/0021-9517(78)90210-5,"The synthesis, characterization, and catalytic activity of omega and ZSM-4 zeolites",1978,,,
694,10.1016/0021-9517(84)90117-9,Zeolite synthesis in the NH2(CH2)6NH2Al2O3SiO2H2O system at 180 °C,1984,,,
695,10.1016/0021-9517(84)90344-0,TMA-offretite. Relationship between structural and catalytic properties,1984,,,
696,10.1016/0021-9517(88)90069-3,Sorption properties of zeolite omega,1988,,,
697,10.1016/0021-9517(91)90342-2,An examination of the acid sites in SAPO-5,1991,,,
698,10.1016/0021-9517(92)90009-7,Dependence of the acidic properties of SAPO-37 molecular Sieve-on Si content and heat treatment,1992,,,
699,10.1016/0021-9517(94)90008-6,"Structural stability and surface, acidic, and catalytic properties of magnesium aluminophosphate of type 36: Influence of ja:math ratios and of thermal and hydrothermal treatments",1994,,,
700,10.1016/0022-3697(95)00071-2,"Direct methods structure determination from synchrotron powder diffraction data of a new clathrasil, TMA Silicate",1995,,,
701,10.1016/0022-3697(95)00072-0,X-ray powder diffraction and NMR-spectroscopic investigations on a porous zincosilicate related to the zeolite VPI-7 (VSV),1995,,,"['using high resolution x', 'new porous zincosilicate phase', 'ray powder diffraction']"
702,10.1016/0022-3697(95)00076-3,Investigation of the structural stability of cobalt-containing AlPO-44 microporous materials,1995,,,"['recently developed combined xrd', 'structure cobalt phosphate', 'found significant differences']"
703,10.1016/0022-4596(81)90086-4,"Zeolite structure type EAB: Crystal structure and mechanism for the topotactic transformation of the Na, TMA form",1981,,,
704,10.1016/0144-2449(83)90011-8,Morphological study of ZSM—5 grown in the 12na2O/4.5(tpa)2O system,1983,,,
705,10.1016/0144-2449(83)90078-7,"Synthesis and some properties of two novel zeolites, KZ-1 and KZ-2",1983,,,
706,10.1016/0144-2449(84)90039-3,Synthesis and characterization of zeolite Nu—10,1984,,,
707,10.1016/0144-2449(85)90084-3,Diamines as templates in zeolite crystallization,1985,,,
708,10.1016/0144-2449(85)90122-8,The framework topology of ZSM-22: A high silica zeolite,1985,,,
709,10.1016/0144-2449(85)90124-1,The framework topology of ZSM-48: A high silica zeolite,1985,,,"['pseudoorthorhombic symmetry whose x', 'ray powder pattern', 'high silica zeolite']"
710,10.1016/0144-2449(87)90012-1,,,,,
711,10.1016/0144-2449(89)90039-0,Synthesis of pentasil zeolites from sodium silicate solutions in the presence of quaternary imidazole compounds,1989,,,
712,10.1016/0144-2449(89)90042-0,Synthesis and characterization of high-silica EU-1,1989,,,
713,10.1016/0144-2449(89)90050-x,"Combined use of nuclear magnetic resonance, electron microscopy, and diffraction techniques as a probe of the uniqueness of zeolite structures: zeolites KZ-2, Theta-1, ZSM-22, and NU-10",1989,,,
714,10.1016/0144-2449(89)90066-3,Structural properties of some ferrierite-type zeolites,1989,,,
715,10.1016/0144-2449(89)90093-6,"Characterization of siliceous MFI-type zeolites containing tetra-, tri-, and dipropylammonium fluoride species",1989,,,
716,10.1016/0144-2449(89)90101-2,,,,,
717,10.1016/0144-2449(90)90023-k,Synthesis of iron-silicate analogs of zeolite beta,1990,,,
718,10.1016/0144-2449(90)90057-x,Synthesis of zeolite KZSM-48 in the nonaqueous system K2OH2N(CH2)6NH2SiO2Al2O3(C2H5)3N,1990,,,
719,10.1016/0144-2449(91)80292-8,,,,,
720,10.1016/0144-2449(91)80299-f,Synthesis and characterization of zeolite PHI,1991,,,
721,10.1016/0144-2449(91)80307-l,Raman spectra of ZSM-39 single crystals,1991,,,
722,10.1016/0144-2449(91)80354-3,Synthesis of iron-silicate analogs of zeolite mordenite,1991,,,
723,10.1016/0144-2449(91)80359-8,Structure and location of the organic base in zeolite EU-1 by 13C CP-MAS n.m.r.,1991,,,
724,10.1016/0144-2449(92)90005-a,"Synthesis, properties, and catalytic behavior of zeolite EU-12",1992,,,
725,10.1016/0144-2449(92)90009-e,Two-dimensional solid-state 29Si n.m.r. investigation of the three-dimensional bonding connectivities and structure of zeolite ZSM-23,1992,,,
726,10.1016/0144-2449(92)90017-j,Crystallization kinetics of a new titanium silicate with MEL structure (TS-2),1992,,,
727,10.1016/0144-2449(92)90027-m,,,,,
728,10.1016/0144-2449(92)90038-q,Synthesis of ZSM-20 using crown ethers,1992,,,
729,10.1016/0144-2449(92)90062-t,Comparison of iron and aluminum silicates with the TON topology,1992,,,
730,10.1016/0144-2449(92)90069-2,Fast crystallization of alumino- and silicoaluminophosphates with a VFI framework topology,1992,,,
731,10.1016/0144-2449(92)90121-5,Nonaqueous synthesis: Iron aluminosilicates with the ZSM-48 structure,1992,,,
732,10.1016/0144-2449(93)90073-c,Influence of synthesis conditions on the morphology of Dodecasil 1H,1993,,,
733,10.1016/0144-2449(93)90116-k,Crystallization of gallium analog of zeolite Nu-23/ferrierite,1993,,,
734,10.1016/0144-2449(93)90119-n,27Al MAS n.m.r. evidence for the reversible transformation of the coordination of aluminum in dealuminated mazzite,1993,,,
735,10.1016/0144-2449(93)90122-j,Synthesis and characterization of a gallosilicate analog of zeolite mordenite,1993,,,
736,10.1016/0144-2449(93)90131-l,Aspects of the characterization of cloverite by solid-state n.m.r. techniques,1993,,,
737,10.1016/0144-2449(93)90150-2,"Synthesis, characterization, and catalytic properties of titanium silicates prepared using phosphonium ions",1993,,,
738,10.1016/0144-2449(94)00021-j,"Synthesis and characterization of high-silica EMT and FAU zeolites prepared in the presence of crown-ethers with either ethylene glycol or 1,3,5-trioxane",1995,,,
739,10.1016/0144-2449(94)00023-l,A new template for the synthesis of titanium silicalites with the ZSM-48 structure,1995,,,
740,10.1016/0144-2449(94)00028-q,Synthesis of LEV-type zeolite from aqueous nonalkaline fluoride aluminosilicate gels,1995,,,
741,10.1016/0144-2449(94)00047-v,"Single crystal structure analysis of nonasil(pyr), (C4H10N)4[Si84B4O176]",1995,,,
742,10.1016/0144-2449(94)00059-2,"Synthesis, characterization, and catalytic properties of the new TiZSM-12 zeolite",1995,,,
743,10.1016/0144-2449(94)00064-y,Effect of pore size on the chemical removal of organic template molecules from synthetic molecular sieves,1995,,,
744,10.1016/0144-2449(94)00065-z,"Decasils, a new order-disorder family of microporous silicas",1995,,,
745,10.1016/0144-2449(94)90049-3,Synthesis and characterization of vanadium silicates with the ZSM-48 structure,1994,,,
746,10.1016/0144-2449(94)90098-1,"Synthesis, characterization, and catalytic activity of gallosilicate analogs of zeolite ZSM-22",1994,,,
747,10.1016/0144-2449(94)90117-1,Preparation and characterization of the magnesium aluminophosphate MAPO-39,1994,,,
748,10.1016/0144-2449(94)90120-1,Toward the rational design of zeolite synthesis: The synthesis of zeolite ZSM-18 ☆,1994,,,
749,10.1016/0144-2449(94)90181-3,Rietveld refinement of the crystal structure of the synthetic porous zincosilicate VPI-7,1994,,,
750,10.1016/0144-2449(94)90185-6,The structure of calcined ALPO4-41: A new framework topology containing one-dimensional 10-ring pores,1994,,,
751,10.1016/0144-2449(94)90196-1,"Synthesis of titanium silicalite-1 using hexapropyl-1,6-hexanediammonium ions as templating agent",1994,,,
752,10.1016/0144-2449(95)00016-y,The synthesis of ZSM-5 and Theta-1 in the presence of diethanolamine: Theoretical modeling of ZSM-5,1995,,,
753,10.1016/0144-2449(95)00035-5,Synthesis of large single crystals of CoAPO-5 molecular sieves,1995,,,
754,10.1016/0144-2449(95)00046-9,A zinc-rich CHA-type aluminophosphate,1995,,,
755,10.1016/0144-2449(95)00047-a,"Novel, crystalline, large-pore magnesium aluminophosphate molecular sieve of type 50: Preparation, characterization, and structural stability",1995,,,
756,10.1016/0144-2449(95)00162-x,ZSM-10: Synthesis and tetrahedral framework structure,1996,,,
757,10.1016/0144-2449(96)00069-3,Synthesis and characterization of 18-crown-6 ether-containing KFI-type zeolite,1996,,,
758,10.1016/0166-9834(83)80299-1,Synthesis and characterization of pentasil type zeolites II. Structure-directing effect of the organic base or cation,1983,,,"['al k4n +) cations', 'using various tetraalkylammonium', 'pentasil zeolites synthesized']"
759,10.1016/0166-9834(86)80015-x,Synthesis of TMA-offretite from natural silicates,1986,,,
760,10.1016/0166-9834(91)85007-i,"Synthesis of zeolite ZSM-48 in the presence of 1,8-diaminooctane and hexamethonium bromide Analysis and13C-NMR spectroscopy",1991,,,
761,10.1016/0926-860x(92)80258-e,Synthesis and characterization of defect-free crystals of MFI-type zeolites,1992,,,
762,10.1016/0926-860x(94)85022-4,Thermal and hydrothermal stabilities of zeolite EU-1,1994,,,
763,10.1016/0926-860x(94)85030-5,Hydrothermal stability and vanadium tolerance of ZSM-20 and Y zeolites,1994,,,
764,10.1016/0926-860x(95)00053-4,High thermal stability of SAPO-40 in n-octane cracking,1995,,,
765,10.1016/0927-6513(93)80004-e,,,,,
766,10.1016/0927-6513(93)e0032-c,"Synthesis and characterization of SAPO-5 molecular sieve using N,N-dimethylbenzylamine as template",1994,,,
767,10.1016/0927-6513(93)e0062-l,Location of the 18-crown-6 template in EMC-2 (EMT) Rietveld refinement of the calcined and as-synthesized forms,1994,,,
768,10.1016/0927-6513(93)e0063-m,"Inorganic factors in the synthesis of large-pore borosilicates from tricyclo [5.2.1.02,6] decane organo-cations",1994,,,
769,10.1016/0927-6513(93)e0065-o,Configuration of tetraalkyl ammonium and tetraalkyl phosphonium ions in the framework of silicalite-1 and -2,1994,,,
770,10.1016/0927-6513(94)00014-x,,,,,
771,10.1016/0927-6513(94)00019-0,"Quinuclidine and 3-azabicyclo[3.2.2]nonane, two versatile templates in the synthesis of porous silicates in the SiO2-B2O3-H2O-template system",1994,,,
772,10.1016/0927-6513(94)00025-5,Boron-beta zeolite hydrothermal conversions: The influence of template structure and of boron concentration and source,1994,,,
773,10.1016/0927-6513(94)00050-6,High-resolution electron microscopy characterization of SSZ-25 zeolite,1995,,,
774,10.1016/0927-6513(94)00062-z,Zeolite synthesis from tetraalkylammonium silicate gels,1995,,,
775,10.1016/0927-6513(94)00074-6,Synthesis and characterisation of hexagonal Y (EMT) and cubic Y (FAU) Effect of template and fluoride ions on the zeolite product,1995,,,
776,10.1016/0927-6513(94)00090-i,Synthesis and crystal structure of the new borosilicate zeolite RUB-13,1995,,,
777,10.1016/0927-6513(95)00056-f,"Crystal structure of a novel porous MeAPO phase: ZAPO-M1, {N(CH3)4}8[Zn8Al24P32O128]",1995,,,
778,10.1016/0927-6513(95)00064-x,,,,,
779,10.1016/0927-6513(95)00084-4,Synthesis and characterization of AlPO-41 in a mixed solvent system,1996,,,
780,10.1016/0927-6513(96)00002-8,Properties of organic cations that lead to the structure-direction of high-silica molecular sieves,1996,,,
781,10.1016/0927-6513(96)00018-1,Microwave synthesis of ja:math and MnAPO-5-stability of Mn2+ ions on framework positions,1996,,,
782,10.1016/0927-6513(96)00048-x,Synthesis and characterization of aluminophosphate molecular sieve AlPO4-41 from alcohol systems,1996,,,
783,10.1016/0927-6513(96)80477-9,Insertion of boron in tectosilicate frameworks in the presence of large alkali cations,1996,,,
784,10.1016/j.actbio.2011.06.010,Tissue engineering scaffolds containing embedded fluorinated-zeolite oxygen vectors,2011,,,"['successful tissue engineered constructs', 'dependent dissolved oxygen concentration', 'tissue engineering polyurethane scaffolds']"
785,10.1016/j.apcata.2003.09.005,Dehydroisomerization of n-pentane on SAPO-11 molecular sieves impregnated with platinum,2004,,,"['promoted silicoaluminophosphate molecular sieve', 'undesirable side reaction ).', 'pentane molar ratio increase']"
786,10.1016/j.apcata.2003.12.033,"Fe-containing ZSM-11 zeolites as active catalyst for SCR of NOx: Part I. Synthesis, characterization by XRD, BET and FTIR and catalytic properties",2004,,,"['lower unoccupied molecular orbital', 'fen +- containing zeolite', 'selective catalytic reduction']"
787,10.1016/j.apcata.2004.02.026,Vapor phase Beckmann rearrangement of cyclohexanone oxime over MCM-22,2004,,,"['contain mainly functional groups', 'namely ring opening reaction', 'solvent etc .,']"
788,10.1016/j.apcata.2004.05.013,Characterization of SAPO-11 and SAPO-31 synthesized from aqueous and non-aqueous media,2004,,,"['less silica island formation', 'bet analysis ), tga', '31 molecular sieves']"
789,10.1016/j.apcata.2004.06.003,Investigations on the selective oxidation of benzonitrile using nitrous oxide catalyzed by modified ZSM-5 zeolites,2004,,,"['catalysts prepared without addition', 'hydroxybenzonitriles using nitrous oxide', 'generating acid sites']"
790,10.1016/j.apcata.2004.06.037,"Synthesis, characterization and catalytic C4 alkene cracking properties of zeolite ZSM-23",2004,,,"['sem ), thermal analysis', 'mixed c4 alkene cracking', '23 showed distinctive potential']"
791,10.1016/j.apcata.2004.06.051,Hydrogenation and ring opening of Tetralin over bifunctional catalysts based on the new ITQ-21 zeolite,2004,,,"['new large pore al', 'highest maximum yield', 'bronsted acid sites']"
792,10.1016/j.apcata.2004.07.043,Synthesis of copper-substituted aluminophosphate molecular sieves (CuAPO-11) and their catalytic behavior for phenol hydroxylation,2004,,,"['substituted aluminophosphate molecular sieves', '30wt .% aqueous h2o2', 'static hydrothermal crystallization']"
793,10.1016/j.apcata.2004.09.040,Low temperature water-gas shift reaction on cerium containing mordenites prepared by different methods,2005,,,"['activating different carbonyls attached', 'highest specific surface area', 'highest catalytic activity followed']"
794,10.1016/j.apcata.2004.11.016,Catalytic activity of micro/mesoporous composites in toluene alkylation with propylene,2005,,,"['strong bronsted acid sites', 'sequence clearly shows', 'nitrogen sorption measurements']"
795,10.1016/j.apcata.2004.11.041,TS-1 oxidation of aniline to azoxybenzene in a microstructured reactor,2005,,,"['high surface area', 'continuous selective oxidation', 'selectivity towards azoxybenzene']"
796,10.1016/j.apcata.2005.05.028,Catalytic cracking of 1-butene to propene and ethene on MCM-22 zeolite,2005,,,"['fast coking process occurring', 'first 1h reaction', 'process along']"
797,10.1016/j.apcata.2005.07.021,Synthesis of TS-1 using amorphous SiO2 and its catalytic properties for hydroxylation of phenol in fixed-bed reactor,2005,,,"['synthesized using amorphous sio2', 'uv – vis', 'abstract titanium silicalite']"
798,10.1016/j.apcata.2005.07.038,The influence of ZSM-5 zeolite composition and crystal size on the in situ conversion of Fischer–Tropsch products over hybrid catalysts,2005,,,"['promoting dehydrogenation reactions leading', 'product distribution towards', 'hybrid catalysts comprising']"
799,10.1016/j.apcata.2005.07.042,Direct alkylation of toluene with ethane on bifunctional zeolite catalysts,2005,,,"['industrially relevant model reaction', 'isomeric ethyltoluenes increased considerably', 'various bifunctional zeolites']"
800,10.1016/j.apcata.2005.08.010,Photocatalytic activity of CdS nanoparticles incorporated in titanium silicate molecular sieves of ETS-4 and ETS-10,2005,,,"['aqueous solution containing na2s', 'visible light irradiation', 'nanoscopic cds particles']"
801,10.1016/j.apcata.2005.10.022,Synthesis of ZSM-48 zeolites and their catalytic performance in C4-olefin cracking reactions,2006,,,"['liquid hour space velocity', 'scanning electron microscopy', 'ray powder diffraction']"
802,10.1016/j.apcata.2006.03.030,Effects of crystal size and Si/Al ratio on the surface properties of H-ZSM-5 zeolites,2006,,,"['abstract highly crystalline h', 'weakly acidic silanol groups', 'lewis acid sites']"
803,10.1016/j.apcata.2006.05.001,"Synthesis, characterization and catalytic properties of vanadium aluminophosphate molecular sieves VAPO-31 and VAPSO-Amr from non-aqueous media",2006,,,"['uv – vis spectroscopic', 'synthesized using hexamethyleneimine template', 'physicochemical properties also change']"
804,10.1016/j.apcata.2006.09.022,Influence of the Si/Al ratio and crystal size on the acidity and activity of HBEA zeolites,2007,,,"['low turnover frequency value', 'carbenium ion chain mechanism', 'bronsted site concentration ratio']"
805,10.1016/j.apcata.2006.10.036,Shape selectivity of MWW-type aluminosilicate zeolites in the alkylation of toluene with methanol,2007,,,"['mww structure caused', '2 zeolites possessing', 'mww structure']"
806,10.1016/j.apcata.2006.11.023,Benzene to phenol hydroxylation with N2O over Fe-Beta and Fe-ZSM-5: Comparison of activity per Fe-site,2007,,,"['activated isomorphously substituted fe', 'synthesis fe deposition followed', 'iron containing compounds allowed']"
807,10.1016/j.apcata.2007.01.027,"Epoxidation of 2,5-dihydrofuran to 3,4-epoxytetrahydrofuran over Ti-MWW catalysts",2007,,,"['extremely low level', '2007 elsevier b', 'mww preferred water']"
808,10.1016/j.apcata.2007.02.047,Formation of structured silicalite-I/ZSM-5 composites by a self-assembly process,2007,,,"['crystals using ti', 'mfi crystals', '5 crystals']"
809,10.1016/j.apcata.2007.04.025,Highly selective synthesis of methyl ethyl ketone oxime through ammoximation over Ti-MWW,2007,,,"['develop practicable regeneration methods', 'produced easily 2', 'methyl ethyl ketone']"
810,10.1016/j.apcata.2007.07.047,Characterization and hydroisomerization performance of SAPO-11 molecular sieves synthesized in different media,2007,,,"['phase media exhibit pseudo', 'liquid phase media possessed', '11 molecular sieves obtained']"
811,10.1016/j.apcata.2007.12.024,NiMCM-36 and NiMCM-22 catalysts for the ethylene oligomerization: Effect of zeolite texture and nickel cations/acid sites ratio,2008,,,"['high acid sites concentration', 'ethylene oligomerization reaction performed', '22 possessing microporous structure']"
812,10.1016/j.apcata.2007.12.038,Selective synthesis of p-cresol by methylation of phenol,2008,,,"['anisole produced methylanisoles either', 'narrow sinusoidal 10', 'membered ring channels']"
813,10.1016/j.apcata.2008.02.005,"1-Pentene isomerization over SAPO-11, BEA and AlMCM-41 molecular sieves",2008,,,"['41 molecular sieves', 'reaction conditions used', '89mm hg 1']"
814,10.1016/j.apcata.2008.02.026,"Synthesis, characterization and catalytic properties of a LEV type silicoaluminophosphate molecular sieve, SAPO-35 from aqueous media using aluminium isopropoxide and hexamethyleneimine template",2008,,,"['single six member ring', 'double six member ring', 'synthesized using hexamethyleneimine template']"
815,10.1016/j.apcata.2008.02.030,In situ synthesis of SAPO-34 crystals grown onto α-Al2O3 sphere supports as the catalyst for the fluidized bed conversion of dimethyl ether to olefins,2008,,,"['conventionally synthesized free sapo', 'higher reaction rate', 'fixed bed microreactor']"
816,10.1016/j.apcata.2008.04.001,High catalytic cracking activity of Al-MCM-41 type materials prepared from ZSM-5 zeolite crystals and fumed silica,2008,,,"['conventional 48h hydrothermal treatment', 'structure directing agent', 'sodium hydroxide concentration']"
817,10.1016/j.apcata.2008.04.020,Methanol to gasoline over zeolite H-ZSM-5: Improved catalyst performance by treatment with NaOH,2008,,,"['bet surface area increased', 'naoh may improve', 'fixed bed reactor']"
818,10.1016/j.apcata.2008.06.023,Ethylene polymerization using dealuminated ZSM-2 zeolite nanocrystals as an active metallocene catalyst support,2008,,,"['ethylene using either methylaluminoxane', 'using steam treatment', 'detailed material characterization']"
819,10.1016/j.apcata.2009.01.001,IR study on methanol-to-olefin reaction over zeolites with different pore structures and acidities,2009,,,"['high acid site density', 'situ ir study', 'polycyclic aromatic hydrocarbons']"
820,10.1016/j.apcata.2009.05.022,Effect of SAPO-34's composition on its physico-chemical properties and deactivation in MTO process,2009,,,"['strong acid sites', 'nitrogen adsorption techniques', 'longer life time']"
821,10.1016/j.apcata.2009.08.033,Effect of crystallite size of SAPO-34 catalysts on their induction period and deactivation in methanol-to-olefin reactions,2009,,,"['small crystallites (~ 0', 'large crystallites (~ 7mm', 'achieved complete conversion without']"
822,10.1016/j.apcata.2010.01.003,Methylation of naphthalene on MTW-type zeolites. Influence of template origin and substitution of Al by Ga,2010,,,"['various techniques including xrd', 'sem ), n2 adsorption', 'dmn among total dmns']"
823,10.1016/j.apcata.2010.02.005,Influence of crystallinity on the physico-chemical properties of SAPO-31 and hydroconversion of n-octane over Pt loaded catalysts,2010,,,"['solid state nmr', 'silicoaluminophosphate gives rise', 'obtained data showed']"
824,10.1016/j.apcata.2010.02.031,"Intermolecular condensation of ethylenediamine to 1,4-diazabicyclo(2,2,2)octane over H-ZSM-5 catalysts: Effects of Si/Al ratio and crystal size",2010,,,"['took place mainly inside', 'related bronsted acid sites', 'acid sites located near']"
825,10.1016/j.apcata.2010.03.051,Synthesis and application of a novel mesoporous zeolite L in the catalyst for the HDS of FCC gasoline,2010,,,"['tetramethylbutyl )- phenyl ether', 'several techniques including xrd', 'factors play important roles']"
826,10.1016/j.apcata.2010.05.032,Conversion of ethanol to propylene over HZSM-5 type zeolites containing alkaline earth metals,2010,,,"['alkaline earth metal', '32 c -%', 'various synthesis conditions']"
827,10.1016/j.apcata.2010.06.034,Catalytic degradation of polyethylene using nanosized ZSM-2 zeolite,2010,,,"['higher external surface area', '2 based catalysts reaching', 'relevant energetic applications']"
828,10.1016/j.apcata.2010.07.023,Shape selective methanol to olefins over highly thermostable DDR catalysts,2011,,,"['much higher thermostability', 'ethylene via conversion', 'sapo catalysts']"
829,10.1016/j.apcata.2010.08.029,Effect of noble metals deposition on the catalytic activity of MAPO-5 catalysts for the reduction of NO by CO,2010,,,"['molecular sieve supports using', 'homogeneous deposition precipitation method', 'noble metal deposited coapo']"
830,10.1016/j.apcata.2010.10.037,An investigation into cyclohexanone ammoximation over Ti-MWW in a continuous slurry reactor,2011,,,"['conventional titanium silicalite', 'continuous slurry reactor', 'assisted structural rearrangement']"
831,10.1016/j.apcata.2010.11.024,Transformations of alkyl aromatics over delaminated MCM-22 zeolites and their composites with mesoporous MCM-41 silicate,2011,,,"['22 precursors strongly influenced', 'scanning electron microscopy', 'ir spectroscopic studies']"
832,10.1016/j.apcata.2011.04.009,Effect of acidity of ZSM-5 zeolite on conversion of ethanol to propylene,2011,,,"['showed high propylene yields', 'improved propylene yield relative', 'yielded ethylene instead']"
833,10.1016/j.apcata.2011.12.029,Effect of extra-framework Al formed by successive steaming and acid leaching of zeolite MCM-22 on its structure and catalytic performance,2012,,,"['modified reaction products distribution', 'step dealumination procedure', 'lattice entities block']"
834,10.1016/j.apcata.2012.03.026,"Activity, propene poisoning resistance and hydrothermal stability of copper exchanged chabazite-like zeolite catalysts for SCR of NO with ammonia in comparison to Cu/ZSM-5",2012,,,"['selective catalytic reduction', 'dimensional channel structures', 'hydrocarbon poisoning depended']"
835,10.1016/j.apcata.2012.12.043,Methane dehydroaromatization by Mo-supported MFI-type zeolite with core–shell structure,2013,,,"['27al mas nmr showed', 'active mo species associated', 'mo species migrating']"
836,10.1016/j.apcata.2013.06.034,Effects of Si/Al ratio and Pt loading on Pt/SAPO-11 catalysts in hydroconversion of Jatropha oil,2013,,,"['cracking activities strongly depended', 'bed flow reactor system', '4 demonstrated high activity']"
837,10.1016/j.apcata.2013.07.008,Readily recyclable catalysts of zeolite nanoparticles linked with polymer chains,2013,,,"['external acid sites', 'polydimethylsiloxane polymer chains', 'acetic acid']"
838,10.1016/j.apcata.2013.08.009,One-step hydrodeoxygenation of palm oil to isomerized hydrocarbon fuels over Ni supported on nano-sized SAPO-11 catalysts,2013,,,"['catalyst presented appropriate acidity', 'promotion effects observed', 'offered sufficient space']"
839,10.1016/j.apcata.2013.11.012,Dealuminated Beta zeolite as effective bifunctional catalyst for direct transformation of glucose to 5-hydroxymethylfurfural,2014,,,"['27al mas nmr measurement', '750 degc showed 55', 'species showed lewis acidity']"
840,10.1016/j.apcata.2014.05.016,Recreation of Brønsted acid sites in phosphorus-modified HZSM-5(Ga) by modification with various metal cations,2014,,,"['bronsted acid sites compared', 'native bronsted acid sites', 'propylene yield hardly changed']"
841,10.1016/j.apcata.2014.08.006,"Effects of oxidant acid treatments on carbon-templated hierarchical SAPO-11 materials: Synthesis, characterization and catalytic evaluation in n-decane hydroisomerization",2014,,,"['5 wt .% pt', 'oxidant acid treatments', 'pyridine adsorption followed']"
842,10.1016/j.apcata.2015.07.003,Hydrophobicity enhancement of Ti-MWW catalyst and its improvement in oxidation activity,2015,,,"['less defect sites showed', '100 containing smallest amount', 'interlayer distance mainly caused']"
843,10.1016/j.apcata.2016.02.001,Selective synthesis of ethylene oxide through liquid-phase epoxidation of ethylene with titanosilicate/H2O2 catalytic systems,2016,,,"['temperature calcination easily recovered', 'two representative titanosilicates ti', 'smallest dynamic diameter']"
844,10.1016/j.apcata.2016.09.004,Chloromethane to olefins over H-SAPO-34: Probing the hydrocarbon pool mechanism,2016,,,"['first known report identifying', 'methylated benzene species contribute', 'active sites within sapo']"
845,10.1016/j.apcata.2017.09.001,Easily recoverable micron-sized silica-walled TS-1 colloidosomes: Preparation and application as liquid-phase alkene epoxidation catalysts,2017,,,"['encounters serious separation difficulties', 'phase alkene epoxidation reactions', '1 zeolite separation problems']"
846,10.1016/j.apcata.2017.09.035,Relating coke formation and characteristics to deactivation of ZSM-5 zeolite in methanol to gasoline conversion,2018,,,"['determined using nitrogen physisorption', '50 %, herein termed', 'nanocrystal catalyst incurred 31']"
847,10.1016/j.apcata.2018.07.023,Deactivation of Sn-Beta during carbohydrate conversion,2018,,,"['confocal fluorescence microscopy reveals', 'sustained catalytic performance', 'reaction solvent instead']"
848,10.1016/j.apcatb.2003.10.005,"Selective catalytic reduction of NO over Co/beta-zeolite: effects of synthesis condition of beta-zeolites, Co precursor, Co loading method and reductant",2004,,,"['xrd ), thermogravimetric analysis', 'resulting catalyst poorly resistant', 'tga ), tpr']"
849,10.1016/j.apcatb.2005.04.007,Plasma-assisted catalysis for volatile organic compounds abatement,2005,,,"['synergetic effect observed', 'remarkable synergetic effect', 'purely catalytic conditions']"
850,10.1016/j.apcatb.2006.05.014,In/Co-ferrierite: A highly active catalyst for the CH4-SCR NO process under presence of steam,2006,,,"['whole temperature range scanned', 'rather efficient fuel economy', 'prolonged test (~ 200h']"
851,10.1016/j.apcatb.2007.05.021,Synthesis and catalytic property of a Co2+-exchanged Beta/Y composite for the selective catalytic reduction of NO by CH4 in the presence of excess oxygen,2007,,,"['like species collaboratively contribute', 'highly dispersed coxoy species', 'remarkably strong acid site']"
852,10.1016/j.apcatb.2007.07.033,Potassium-doped sodalite: A tectoaluminosilicate for the catalytic material towards continuous combustion of carbonaceous matters,2008,,,"['carbonaceous soot matters emitted', 'tectoaluminosilicate hold potassium strongly', 'practical driving conditions']"
853,10.1016/j.apcatb.2008.08.025,MTW zeolites for reducing cold-start emissions of automotive exhaust,2009,,,"['increasingly strict environmental legislations', 'dimensional channel molecular sieves', 'four different mixture conditions']"
854,10.1016/j.apcatb.2010.08.002,Adsorptive removal of tert-butylmercaptan and tetrahydrothiophene using microporous molecular sieve ETS-10,2010,,,"['removing organic sulfur compounds', 'breakthrough sulfur adsorption capacity', 'bet surface area']"
855,10.1016/j.apcatb.2010.12.022,The ammonia selective catalytic reduction activity of copper-exchanged small-pore zeolites,2011,,,"['throughput reactor system', 'temperature hydrothermal treatment', 'heteroatom framework substitution']"
856,10.1016/j.apcatb.2011.07.014,Fe-containing nickel phosphate molecular sieves as heterogeneous catalysts for phenol oxidation and hydroxylation with H2O2,2011,,,"['ir spectroscopy using phcn', 'weak basic conditions', 'wet phenol oxidation']"
857,10.1016/j.apcatb.2012.03.031,Chloride-free Cu-modified SAPO-37 catalyst for the oxidative carbonylation of methanol in the gas phase,2012,,,"['“ green solvent ”', 'strategy circumvented structural breakdown', 'polycarbonate building block direct']"
858,10.1016/j.apcatb.2012.08.034,"Rational direct synthesis methodology of very active and hydrothermally stable Cu-SAPO-34 molecular sieves for the SCR of NO
                  x",2012,,,"['pot direct synthesis', 'optimum cu loading', 'material synthesis']"
859,10.1016/j.apcatb.2013.02.001,Aluminumphosphate molecular sieves supported Pt–Co catalysts for the preferential oxidation of CO in H2-rich gases,2013,,,"['pt – co nano', 'pt – co alloy', 'pt – co']"
860,10.1016/j.apcatb.2013.05.025,Hierarchical TS-1 zeolite as an efficient catalyst for oxidative desulphurization of hydrocarbon fractions,2014,,,"['different aromatic organosulphur compounds', 'abstractthe catalytic oxidative desulphurization', 'first studied using dibenzothiophene']"
861,10.1016/j.apcatb.2014.09.067,Deactivation of Cu/SAPO-34 during low-temperature NH3-SCR,2015,,,"['34 framework remains crystalline', 'nox conversion decreases', 'inactive form could']"
862,10.1016/j.apcatb.2014.10.078,Synthesis of hierarchically porous L-KIT-6 silica–alumina material and the super catalytic performances for hydrodesulfurization of benzothiophene,2015,,,"['step hydrothermal crystallization method', 'moderate mos2 stacking morphology', 'mesoporous composite material l']"
863,10.1016/j.apcatb.2015.01.027,CoZSM-11 catalysts for N2O decomposition: Effect of preparation methods and nature of active sites,2015,,,"['achieved using catalysts prepared', 'wet ion exchange', 'even higher activities']"
864,10.1016/j.apcatb.2015.02.015,Maximizing carbon efficiency of petrochemical production from catalytic co-pyrolysis of biomass and plastics using gallium-containing MFI zeolites,2015,,,"['feed catalytic fast pyrolysis', 'si zeolites generally produced', 'prepared via impregnation']"
865,10.1016/j.apcatb.2015.12.038,Fe-silicalites as heterogeneous Fenton-type catalysts for radiocobalt removal from EDTA chelates,2016,,,"['enhanced catalytic sites accessibility', 'transmission electron microscopy', 'nitrogen adsorption measurements']"
866,10.1016/j.apcatb.2016.01.002,Ultrathin nanosheets of molecular sieve SAPO-5: A new photocatalyst for efficient photocatalytic reduction of CO2 with H2O to methane,2016,,,"['resolved fluorescence decay signals', 'work could facilitate', 'surface active sites']"
867,10.1016/j.apcatb.2016.01.020,Cu-zeolite catalysts for NOx removal by selective catalytic reduction with NH3 and coupled to NO storage/reduction monolith in diesel engine exhaust aftertreatment systems,2016,,,"['much higher hydrothermal resistance', 'scr wider temperature window', 'cordierite monolith substrate']"
868,10.1016/j.apcatb.2016.01.029,Cu and Co modified beta zeolite catalysts for the trichloroethylene oxidation,2016,,,"['highest ammonia adsorption capacity', '360 ◦ c ).', 'important redox properties ).']"
869,10.1016/j.apcatb.2016.02.034,"A Zn-Offretite for the adsorption of thiophenic species under fluidized catalytic cracking conditions. Synthesis, characterization and reactivity",2016,,,"['uv – vis spectra', 'fourier transform infrared spectroscopy', 'crec riser simulator unit']"
870,10.1016/j.apcatb.2016.07.040,Synthesis of zeolite UZM-35 and catalytic properties of copper-exchanged UZM-35 for ammonia selective catalytic reduction,2017,,,
871,10.1016/j.apcatb.2016.09.025,Oxidation of furfural in aqueous H2O2 catalysed by titanium silicalite: Deactivation processes and role of extraframework Ti oxides,2017,,,"['ray photoelectron spectroscopies ),', 'anatase ti oxide located', 'active framework ti species']"
872,10.1016/j.apcatb.2016.10.039,Design of MoFe/Beta@CeO2 catalysts with a core−shell structure and their catalytic performances for the selective catalytic reduction of NO with NH3,2017,,,"['specific surface area increased', 'active metal oxides nanoparticles', 'ceo2 thin film shows']"
873,10.1016/j.apcatb.2016.12.007,Insight of platinum poisoning Cu/SAPO-34 during NH3-SCR and its promotion on catalysts regeneration after hydrothermal treatment,2017,,,"['redox capacity variation caused', 'hydrothermal treatment benefited rejuvenation', 'study mainly focused']"
874,10.1016/j.apcatb.2017.05.082,Cage-based small-pore catalysts for NH3-SCR prepared by combining bulky organic structure directing agents with modified zeolites as reagents,2017,,,"['nitrogen oxide using ammonia', 'synthetic cation exchange', 'sized primary crystallites']"
875,10.1016/j.apcatb.2017.05.089,Low-temperature methanol dehydration to dimethyl ether over various small-pore zeolites,2017,,,"['temperatures <= 200 degc', 'conventional hydrothermal method without', 'various zeolitic frameworks']"
876,10.1016/j.apcatb.2017.06.013,Cu-exchanged Al-rich SSZ-13 zeolite from organotemplate-free synthesis as NH3-SCR catalyst: Effects of Na+ ions on the activity and hydrothermal stability,2017,,,"['shows promising practical applications', '800 degc hydrothermal aging', 'tpr spectra demonstrate']"
877,10.1016/j.apcatb.2017.08.031,New insight into Cu/SAPO-34 preparation procedure: Impact of NH4-SAPO-34 on the structure and Cu distribution in Cu-SAPO-34 NH3-SCR catalysts,2018,,,"['protections unveiled bond breakage', 'nh3 adsorption temperature decreasing', 'controlling nh3 adsorption temperature']"
878,10.1016/j.apcatb.2017.08.072,Direct catalytic conversion of carbohydrates to methyl levulinate: Synergy of solid Brønsted acid and Lewis acid,2018,,,"['so4 2 -/ zro2', 'reused without significant change', 'combined catalyst system consisting']"
879,10.1016/j.apcatb.2018.04.053,Zeolite–supported nickel phyllosilicate catalyst for CO hydrogenolysis of cyclic ethers and polyols,2018,,,"['zeolite maximum pore sizes', '34 ), medium pore', '1 nickel phyllosilicate structures']"
880,10.1016/j.apcatb.2018.10.042,Economical synthesis of high-silica LTA zeolites: A step forward in developing a new commercial NH3-SCR catalyst,2019,,,
881,10.1016/j.apcatb.2019.02.054,The influence of crystallite size on the structural stability of Cu/SAPO-34 catalysts,2019,,,"['scr reaction rate suffered', 'temperature hydrothermally treated', 'humidity ), loss']"
882,10.1016/j.apcatb.2019.117773,Efficient hydrogen production by selective alcohol photoreforming on plasmonic photocatalyst comprising sandwiched Au nanodisks and TiO2,2019,,,"['nanocomposite exhibited superior photoactivity', 'nanocomposite comprising gold nanodisks', 'zeolite nanosheets effectively gated']"
883,10.1016/j.apcatb.2019.118356,Hierarchically porous FER zeolite obtained via FAU transformation for fatty acid isomerization,2020,,,"['template approach allows tuning', 'significantly enhanced catalytic performance', 'implies shortened diffusional pathways']"
884,10.1016/j.apcatb.2020.118699,Kinetic study of thermocatalytic degradation of UHMWPE over microporous and hierarchical ZSM-23 zeolite,2020,,,"['synthesized using different structure', 'demonstrated higher conversion efficiency', 'lower energy level required']"
885,10.1016/j.apcatb.2020.118801,An active and stable nickel-based catalyst with embedment structure for CO2 methanation,2020,,,"['5 showed high activity', 'unique silicone source', 'attracted significant attention']"
886,10.1016/j.apcatb.2020.118881,Synthesis of Hierarchical Chabazite Zeolite via Interzeolite Transformation of Coke-containing Spent MFI,2020,,,"['ordered aluminosilicate fragments decomposed', 'initial period may act', 'spent mfi could function']"
887,10.1016/j.apcatb.2020.119193,Importance of controllable Al sites in CHA framework by crystallization pathways for NH3-SCR reaction,2020,,,"['prepare aluminosilicate cha zeolite', 'high silica cha zeolite', 'spatially closer al sites']"
888,10.1016/j.apenergy.2017.10.068,Direct syngas conversion to liquefied petroleum gas: Importance of a multifunctional metal-zeolite interface,2018,,,"['consecutively catalyzing multiple reactions', 'prepared capsule catalyst reaches', 'c2 selectivity (< 2']"
889,10.1016/j.applthermaleng.2011.10.028,Zeolites direct synthesis on heat exchangers for adsorption heat pumps,2013,,,"['efficient adsorption heat pumps', 'limitations strictly dependent', 'coated adsorbent beds']"
890,10.1016/j.applthermaleng.2013.04.053,Synthesis of SAPO-34 on graphite foams for adsorber heat exchangers,2013,,,"['water adsorption measurements conducted', 'mcbain test unit confirmed', 'graphite foams perform similar']"
891,10.1016/j.applthermaleng.2014.04.079,Innovative zeolite coatings on graphite plates for advanced adsorbers,2014,,,"['innovative heat exchanger concept', 'different coating formulations', 'density graphite plates']"
892,10.1016/j.apsusc.2003.11.063,AlPO4-18 synthesized from colloidal precursors and its use for the preparation of thin films,2004,,,"['dependent 27al nmr measurements', 'different crystallization times show', 'tetrahedrally coordinated al']"
893,10.1016/j.apsusc.2008.01.038,Photocatalytic hydrogen generation over Eosin Y-Sensitized TS-1 zeolite,2008,,,"['term stability test indicates', 'apparent quantum efficiency', '50 h photoreaction']"
894,10.1016/j.apsusc.2009.12.125,Length dependency of hydrocarbon adsorption on nanostacked MFI zeolite by tracer chromatography,2010,,,"['microwave onto ti species', 'increasing carbon number since', 'henry constants linearly increase']"
895,10.1016/j.apsusc.2010.10.001,Methane non-oxidative aromatization on Mo/ZSM-5: Effect of adding triethoxyphenylsilanes into the synthesis system of ZSM-5,2011,,,"['bearing suitable crystal size', 'introducing different contents', 'characterization results showed']"
896,10.1016/j.apsusc.2012.11.151,Preparation of magnetic nickel hollow fibers with a trilobe structure using cellulose acetate fibers as templates,2013,,,"['ni hollow fibers retain', 'monolithic nickel structures composed', 'using cellulose acetate fibers']"
897,10.1016/j.apsusc.2014.12.064,Spreading-wetting method for highly reproducible tertiary growth of perfective bilayer TS-1 membranes,2015,,,"['water contact angle measurements', 'sio2 catalytic hydrocracking method', 'mild method favors maintaining']"
898,10.1016/j.apsusc.2016.02.102,Smart epoxy coating containing Ce-MCM-22 zeolites for corrosion protection of Mg-Li alloy,2016,,,"['healing corrosion inhibition capabilities', 'epoxy coatings containing mcm', '22 zeolites exhibits self']"
899,10.1016/j.apsusc.2016.12.230,Effect of ethanol on the surface properties and n-heptane isomerization performance of Ni/SAPO-11,2017,,,"['prepared via impregnation method', 'surface moderate acid sites', 'moderate acid sites']"
900,10.1016/j.apsusc.2017.04.208,The additive effect of graphene in nickel phosphate/graphene composite and enhanced activity for electrochemical oxidation of methanol,2017,,,"['ni 2p xps spectra', 'graphene doped nickel phosphate', 'pot hydrothermal synthesis']"
901,10.1016/j.apsusc.2017.11.074,In situ generation of highly dispersed metal nanoparticles on two-dimensional layered SiO2 by topotactic structure conversion and their superior catalytic activity,2018,,,"['strategy good application prospect', 'topotactic structure conversion', 'product composite endow']"
902,10.1016/j.apsusc.2017.11.153,Enhanced catalytic performance for light-olefins production from chloromethane over hierarchical porous ZSM-5 zeolite synthesized by a growth-inhibition strategy,2018,,,"['different hydrothermal crystallized temperatures', 'olefins reached 115 h', 'hydrothermal crystallized temperature']"
903,10.1016/j.apsusc.2018.05.106,The regulation of Si distribution and surface acidity of SAPO-11 molecular sieve,2018,,,"['si distribution strongly influences', 'regulating hydrogel synthesis temperature', 'hydrogel synthesis temperature']"
904,10.1016/j.apsusc.2019.03.334,Seed-assisted synthesis of hierarchical nanosized TS-1 in a low-cost system for propylene epoxidation with H2O2,2019,,,"['enhance mass transport ability', 'tpabr )- n', 'pure ammonium fluoride']"
905,10.1016/j.apsusc.2019.145029,Selective and rapid capture of Sr2+ with LTA zeolites: Effect of crystal sizes and mesoporosity,2020,,,"['resultant kinetic parameters revealed', 'solely microporous lta zeolites', 'adsorption kinetics followed 2nd']"
906,10.1016/j.apt.2014.09.007,Role of crystal growth modifiers in the synthesis of ZSM-12 zeolite,2015,,,"['larger synthesis window', 'shorter crystallization time', 'crystallization time']"
907,10.1016/j.bbrc.2015.02.157,Improving the osteointegration of Ti6Al4V by zeolite MFI coating,2015,,,"['solid aluminosilicates whose application', 'rabbit femoral condylar defects', 'ti displayed high levels']"
908,10.1016/j.biortech.2018.07.007,Silicon carbide foam supported ZSM-5 composite catalyst for microwave-assisted pyrolysis of biomass,2018,,,"['biomass ratio could improve', 'sic foam supports', 'situ catalytic upgrading']"
909,10.1016/j.biortech.2020.123592,Comparison of catalytic effect on upgrading bio-oil derived from co-pyrolysis of water hyacinth and scrap tire over multilamellar MFI nanosheets and HZSM-5,2020,,,"['producing monocyclic aromatic hydrocarbons', 'monocyclic aromatic hydrocarbons produced', 'monocyclic aromatic hydrocarbons increased']"
910,10.1016/j.carbon.2005.08.010,Modification of carbon membranes and preparation of carbon–zeolite composite membranes with zeolite growth,2006,,,"['highly intergrown zeolite layers', 'porous carbon tubes using', 'subsequent hydrothermal synthesis']"
911,10.1016/j.carbon.2014.04.094,New developments in the growth of 4 Angstrom carbon nanotubes in linear channels of zeolite template,2014,,,"['thermal gravity analysis showed', 'chemical vapor deposition growth', 'used template tripropylamine molecules']"
912,10.1016/j.carbon.2017.03.082,Facile large-scale synthesis of three-dimensional graphene-like ordered microporous carbon via ethylene carbonization in CaX zeolite template,2017,,,"['ray diffraction analysis indicated', 'like carbons via lanthanum', 'high carbon yield based']"
913,10.1016/j.carbon.2018.09.045,Unique thermal contraction of zeolite-templated carbons enabling micropore size tailoring and its effects on methane storage,2019,,,"['systematically controlled via post', '210 cm3 stp cm', '175 cm3 stp cm']"
914,10.1016/j.catcom.2005.02.002,A highly efficient catalytic C4 alkane cracking over zeolite ZSM-23,2005,,,
915,10.1016/j.catcom.2009.07.008,SAPO-34 supported Pt–Sn-based novel catalyst for propane dehydrogenation to propylene,2009,,,"['total olefins selectivity greater', 'sequential impregnation method', 'pulse coke analysis']"
916,10.1016/j.catcom.2012.12.008,Preparation of hydrocarbon dispersible HZSM-5 nanocrystals by hydrothermal crystallization of organofunctionalization seeds,2013,,,"['also change surface hydrophobicity', 'synthesize hydrocarbon dispersible hzsm', 'organic groups grafted']"
917,10.1016/j.catcom.2014.03.011,"Synthesis, characterization of Al-rich ZSM-12 zeolite and their catalytic performance in liquid-phase tert-butylation of phenol",2014,,,
918,10.1016/j.catcom.2015.09.026,Synthesis of monolithic Al-fiber@HZSM-5 core-shell catalysts for methanol-to-propylene reaction,2015,,,"['locked aluminum microfibers', 'industrial relevant conditions', 'best microstructured catalyst']"
919,10.1016/j.catcom.2015.12.007,"The synthesis, characterization and catalytic activity of the hierarchical TS-1 with the intracrystalline voids and grooves",2016,,,"['secondary pore volume increased', 'h2o2 efficiency decreased due', 'microporous properties decreased']"
920,10.1016/j.catcom.2017.04.007,Enhanced catalytic oxidation performance of F-Ti-MWW through the synergistic effect of anion and cation,2017,,,"['various alkali chlorides', 'synergistic effects', 'negative influence']"
921,10.1016/j.catcom.2017.06.009,Zr-modified hierarchical mordenite as heterogeneous catalyst for glycerol esterification,2017,,,"['vary surface acidity type', 'raw zeolite substrate due', 'employ biodiesel production waste']"
922,10.1016/j.catcom.2017.07.016,Hierarchical TS-1 synthesized via the dissolution-recrystallization process: Influence of ammonium salts,2017,,,"['1 samples increased remarkably', 'five -/ six', 'secondary pore volume']"
923,10.1016/j.catcom.2017.08.010,Efficient Pt/Silicalite-1 catalyst for isomerization of n-heptane,2017,,,"['significantly higher n', 'highly dispersed pt', 'heptane adsorption capacity']"
924,10.1016/j.catcom.2019.02.007,"GeAPSO-34 molecular sieves: Synthesis, characterization and methanol-to-olefins performance",2019,,,
925,10.1016/j.catcom.2020.106176,Dimethyl ether aromatization over nanosized zeolites: Effect of preparation method and zinc modification on catalyst performance,2021,,,"['various technically valuable derivatives', 'manufacture basic organic chemicals', 'world annual production']"
926,10.1016/j.cattod.2004.04.028,Selective catalytic reduction of nitrogen oxides from exhaust of lean burn engine over in situ synthesized monolithic Cu–TS-1/cordierite,2004,,,"['exhibited similar high activities', 'situ synthesized monolithic ts', 'cordierite showed superior thermal']"
927,10.1016/j.cattod.2004.06.016,Mild oxidation of thiophene over TS-1/H2O2,2004,,,"['vis characterization shows', 'studying acid treating', 'provides steric hindrance']"
928,10.1016/j.cattod.2004.06.019,Dealumination process of zeolite omega monitored by ja:math 3QMAS NMR spectroscopy,2004,,,"['© 2004 elsevier b', '30 ppm broad hump', '2d 3qmas nmr experiments']"
929,10.1016/j.cattod.2004.06.034,Comparative study on the acidic and catalytic properties of AlMSU-2- and AlMCM-41-like samples: both synthesized from the same zeolite-like precursor,2004,,,"['© 2004 elsevier b', 'n +) x −', 'presented similar acid strength']"
930,10.1016/j.cattod.2004.06.100,Characterization of metal-containing molecular sieves and their catalytic properties in the selective oxidation of cyclohexane,2004,,,
931,10.1016/j.cattod.2004.06.138,Structure and acidity of Mo/H-MCM-22 catalysts studied by NMR spectroscopy,2004,,,"['migrate toward extracrystalline surfaces', 'mechanical mixing using moo3', 'results provide crucial supports']"
932,10.1016/j.cattod.2004.07.002,Zirconia catalysts in Meerwein-Ponndorf-Verley reduction of citral,2004,,,"['hydrous zirconia catalysts modified', 'surface hydroxyl groups', 'hydrous zirconia calcined']"
933,10.1016/j.cattod.2004.10.023,"Isomerization of n-butane to isobutane over Pt-SAPO-5, SAPO-5, Pt-H-mordenite and H-mordenite catalysts",2005,,,
934,10.1016/j.cattod.2005.01.011,Selective catalytic reduction of nitric oxide over zeolite catalysts in the presence of hydrocarbons and the excess of oxygen,2005,,,"['low molecular weight hydrocarbons', 'pure hydrogen form', 'different metal loading']"
935,10.1016/j.cattod.2005.07.013,MFI/MEL intergrowth and its effect on n-decane cracking,2005,,,"['electron diffraction diffuse scattering', 'intergrowth shows intermediate behavior', 'strong acid sites']"
936,10.1016/j.cattod.2005.07.041,Study of the kinetics of crystallization of zeolite MEL,2005,,,"['ex situ characterization techniques', 'apparent activation energy values', 'transmission electron microscopy']"
937,10.1016/j.cattod.2005.07.051,Dehydroaromatization of methane under non-oxidative conditions over bifunctional Mo/ITQ-2 catalysts,2005,,,"['theoretical results allowed explaining', 'two independent pore systems', 'oxalic acid significantly reduced']"
938,10.1016/j.cattod.2005.07.142,New route for light olefins production from chloromethane over HSAPO-34 molecular sieve,2005,,,"['detailed ir investigation allowed', 'bed catalytic testing evidenced', 'alop bonds upon adsorption']"
939,10.1016/j.cattod.2005.09.020,Experiments and modeling of membrane microreactors,2005,,,"['model suggests several ways', 'simple computation model', 'results compared well']"
940,10.1016/j.cattod.2005.09.033,Selective oxidation of cyclohexane in supercritical carbon dioxide over CoAPO-5 molecular sieves,2005,,,"['various spectroscopic characterizations', 'nominal reacting mixture', 'different phase regions']"
941,10.1016/j.cattod.2005.09.039,Low temperature decomposition of nitrous oxide over Fe/ZSM-5: Modelling of the dynamic behaviour,2005,,,"['first order towards n2o', 'iron (< 400ppm', 'framework upon steaming']"
942,10.1016/j.cattod.2005.10.063,Hydrophobicity and catalytic properties of Ti-MFI zeolites synthesized by microwave and conventional heating,2006,,,"['ir spectra showed', 'surface hydroxyl groups', 'conventional hydrothermal method']"
943,10.1016/j.cattod.2005.11.029,Hydroisomerisation of n-alkanes over partially reduced MoO3: Promotion by CoAlPO-11 and relations to reaction mechanism and rate-determining step,2006,,,"['data support previous assumptions', 'partially reduced moo3 catalysts', 'partially reduced moo3']"
944,10.1016/j.cattod.2006.01.008,Thermal stability and siting of aluminum in isostructural ZSM-22 and Theta-1 zeolites,2006,,,"['27al mas nmr techniques', 'higher calcination temperature', 'higher aluminum content']"
945,10.1016/j.cattod.2006.01.009,IR studies of the formation of ammonia dimers in zeolites TON,2006,,,"['convenient probe molecule', 'bronsted sites determined', 'less ), ammonia']"
946,10.1016/j.cattod.2006.01.014,Effect of fluorine-containing chiral templates on Mg distribution in the structure of MgAPO-5 and its influence on catalytic activity,2006,,,"['cyclohexene oxide opening acid', 'fluorinated structure directing agents', 'molecular mechanics shows']"
947,10.1016/j.cattod.2006.02.049,Synthesis of ferrierite coatings on the FeCrAl substrate,2006,,,"['ferrierite type zeolite coatings', 'unique catalytic properties', 'nitrogen oxides removal']"
948,10.1016/j.cattod.2006.02.050,Synthesis of ZSM-5/SAPO-11 composite and its application in FCC gasoline hydro-upgrading catalyst,2006,,,"['silicoaluminophosphate composite zeolite zsm', 'potential catalyst system', 'moderate acidity distribution']"
949,10.1016/j.cattod.2007.06.018,Efficient adsorption and photocatalytic degradation of organic pollutants diluted in water using the fluoride-modified hydrophobic titanium oxide photocatalysts: Ti-containing Beta zeolite and TiO2 loaded on HMS mesoporous silica,2007,,,"['titanium oxide species depending', 'hydrophobic porous materials exhibit', 'synthesized using tetraethyl orthosilicate']"
950,10.1016/j.cattod.2007.10.055,"Synthesis, characterization and catalytic performance of metal-incorporated SAPO-34 for chloromethane transformation to light olefins",2008,,,"['29si mas nmr study', 'metal incorporation gives rise', '27al mas nmr']"
951,10.1016/j.cattod.2007.11.057,Alkylation of biphenyl with propylene using MCM-22 and ITQ-2 zeolites,2008,,,"['10 mr channels inhibit', 'reaction takes place mainly', 'reaction conditions used']"
952,10.1016/j.cattod.2007.12.105,Studies on MeAPSO-5: An investigation of physicochemical and acidic properties,2008,,,"['iron cause different effects', 'work reports physicochemical', 'direct hydrothermal synthesis']"
953,10.1016/j.cattod.2009.02.017,"Synthesis and properties of a zeolite LEV analogue from the system—Na2O–Al2O3–SiO2–N,N-dimethylpiperidine chloride–H2O",2009,,,
954,10.1016/j.cattod.2009.02.018,Effects of pore structure of post-treated TS-1 on phenol hydroxylation,2009,,,"['treatment generates hollow crystal', 'umts1 without changing', 'present study reports']"
955,10.1016/j.cattod.2009.07.098,Zeolite beta synthesized with acid-treated metakaolin and its application in diesel hydrodesulfurization,2010,,,"['fcc diesel feed', 'enhanced hydrogenation activity', 'higher hds activity']"
956,10.1016/j.cattod.2010.02.004,Acidity and accessibility studies on mesoporous ITQ-4 zeolite,2010,,,"['upon optimized naoh post', 'aqueous naoh solutions', 'synthesized using benzylquinuclidinium']"
957,10.1016/j.cattod.2010.02.042,Application of a sodalite membrane reactor in esterification—Coupling reaction and separation,2010,,,"['363k using amberlyst 15', 'stable water pervaporation performance', 'using equimolar solutions']"
958,10.1016/j.cattod.2010.03.034,Catalytic properties of benzene hydroxylation by TS-1 film reactor and Pd–TS-1 composite membrane reactor,2010,,,"['o2 molar feed ratio', 'benzene direct hydroxylation reaction', 'zeolite also served']"
959,10.1016/j.cattod.2010.03.062,Synthesis of MFI zeolites with improved crystallization rate and mesoporosity in the presence of CO2-in-water emulsions,2010,,,"['newly developed method opens', 'mfi zeolites containing mesoporosity', 'scanning electron microscopy']"
960,10.1016/j.cattod.2010.04.014,Do synthetic Fe-zeolites mimic biological Fe-porphyrins in reactions with nitric oxide?,2010,,,"['quantified via surface titration', 'structure remains nevertheless unknown', 'temperature programmed desorption']"
961,10.1016/j.cattod.2010.07.027,Ethanol-assistant synthesis of TS-1 containing no extra-framework Ti species,2010,,,"['exhibiting high catalytic performance', '1 specimens synthesized via', 'weak acid sites']"
962,10.1016/j.cattod.2010.10.101,Alkaline treatment of template containing zeolites: Introducing mesoporosity while preserving acidity,2011,,,"['slowly removing outer layers', 'changed upon alkaline treatment', 'subjected template containing zeolites']"
963,10.1016/j.cattod.2011.02.027,"Comparative study of MTO conversion over SAPO-34, H-ZSM-5 and H-ZSM-22: Correlating catalytic performance and reaction mechanism to zeolite topology",2011,,,"['three catalysts could', 'reaction routes followed', 'methanol switch technique']"
964,10.1016/j.cattod.2011.03.045,Hierarchical ZSM-5 prepared by guanidinium base treatment: Understanding microstructural characteristics and impact on MTG and NH3-SCR catalytic reactions,2011,,,"['5 zeolite sample consisting', 'selective catalytic reduction', 'improved catalyst lifetime']"
965,10.1016/j.cattod.2011.05.013,Pt and Pd nanoparticles supported on structured materials as catalysts for the selective reductive amination of carbonyl compounds,2011,,,"['structured microporous beta zeolites', 'ton [?] 1000 ).', 'useful industrial reaction']"
966,10.1016/j.cattod.2011.06.029,Influence of the calcination treatment on the catalytic properties of hierarchical ZSM-5,2012,,,"['investigated using different reactions', 'silanized protozeolitic units', 'organics present']"
967,10.1016/j.cattod.2011.06.035,Pillared MWW zeolites MCM-36 prepared by swelling MCM-22P in concentrated surfactant solutions,2012,,,"['acid site concentration due', '22 suggesting enhanced accessibility', 'explore concentrated surfactant solutions']"
968,10.1016/j.cattod.2011.07.017,"Study of the structure directing effect of the chiral cation (1S,2S)-2-hydroxymethyl-1-benzyl-1-methylpyrrolidinium in aluminosilicate preparations in the presence of co-structure directing agents",2012,,,
969,10.1016/j.cattod.2012.03.021,A new structured composite membrane for fuel cell applications,2012,,,"['direct methanol fuel cell', 'standard nafion 117 mea', 'new proton conducting membrane']"
970,10.1016/j.cattod.2012.03.023,In situ ultrasonic monitoring of zeolite A crystallization from coal fly ash,2012,,,"['unseparated fly ash slurry', 'coal fly ash precursors', 'coal fly ash compared']"
971,10.1016/j.cattod.2012.04.008,Zeolite capillary microreactor by flow synthesis method,2012,,,"['zeolite nanocrystals followed', 'procedure involved seeding', 'csnax zeolite film']"
972,10.1016/j.cattod.2012.08.027,Synthesis of SAPO-34 with small and tunable crystallite size by two-step hydrothermal crystallization and its catalytic performance for MTO reaction,2013,,,"['step hydrothermal crystallization possesses', 'step hydrothermal crystallization developed', 'step hydrothermal crystallization']"
973,10.1016/j.cattod.2012.09.039,Effect of propylene glycol monomethyl ether and rust impurities on TS-1 deactivation in propylene epoxidation,2013,,,"['would induce side reactions', 'pressure fixed bed reactor', 'block active sites leading']"
974,10.1016/j.cattod.2012.10.002,Transformation of aromatic hydrocarbons over isomorphously substituted UTL: Comparison with large and medium pore zeolites,2013,,,"['aromatic hydrocarbon transformation reaction', 'utl shows high selectivity', 'utl [?] bea [?']"
975,10.1016/j.cattod.2013.03.015,Enhanced stability in the methanol-to-olefins process shown by SAPO-34 catalysts synthesized in biphasic medium,2013,,,"['synthesized using two', 'liquid phase system', 'decreases catalyst deactivation']"
976,10.1016/j.cattod.2013.04.031,Effect of silicon content on the catalytic behavior of chabazite type silicoaluminophosphate in the transformation of methanol to short chain olefins,2013,,,"['short chain olefins', 'improved catalytic performance', 'high silicon concentration']"
977,10.1016/j.cattod.2013.05.001,Enhanced catalytic activity of TAPO-5 in the oxidation of cyclohexene with hydrogen peroxide under anhydrous conditions,2013,,,"['conventional oxidant agent h2o2', 'strong inhibitor role', 'par excellence large']"
978,10.1016/j.cattod.2013.08.002,Seed-directed and organotemplate-free synthesis of TON zeolite,2014,,,"['crystallization time significantly influence', 'starting aluminosilicate gel', 'ton zeolite could']"
979,10.1016/j.cattod.2013.08.017,Synthesis of ZSM-5 zeolites using hexamethylene imine as a template: Effect of microwave aging,2014,,,"['gels containing hexamethylene imine', 'gels containing hmi', 'adequate reaction conditions']"
980,10.1016/j.cattod.2013.09.034,Ti(III)APO-5 materials as selective catalysts for the allylic oxidation of cyclohexene: Effect of Ti source and Ti content,2014,,,"['render better synthesis reproducibility', '5 samples exponentially increases', 'reaching ton values higher']"
981,10.1016/j.cattod.2013.10.004,Propylene epoxidation with in situ generated H2O2 in supercritical conditions,2014,,,"['supercritical co2 conditions', 'reusability studies showed', 'functional materials based']"
982,10.1016/j.cattod.2013.10.051,Intercalation chemistry of layered zeolite precursor IPC-1P,2014,,,"['produce new zeolitic architectures', 'different organic agents followed', 'produce new expanded materials']"
983,10.1016/j.cattod.2013.11.063,Modification of textural and acidic properties of -SVR zeolite by desilication,2014,,,"['maximum around 14 nm', '5 – 20 nm', 'desilicated materials depends mainly']"
984,10.1016/j.cattod.2013.11.064,Application of FAU zeolite membranes to alcohol/acrylate mixture systems,2014,,,"['membrane separation assisted transesterification', 'transesterification mixtures formed', 'secondary growth method']"
985,10.1016/j.cattod.2014.01.003,Synthesis and catalytic properties of titanium containing extra-large pore zeolite CIT-5,2014,,,
986,10.1016/j.cattod.2014.02.057,Comparison of mesoporous SSZ-13 and SAPO-34 zeolite catalysts for the methanol-to-olefins reaction,2014,,,"['trimethoxysilylpropyl )- ammonium chloride', 'organosilane octadecyl -( 3', '2 c4 h8 n']"
987,10.1016/j.cattod.2014.05.030,Synthesis of a novel zeolite W and application in the catalyst for FCC gasoline hydro-upgrading,2015,,,"['uv – vis drs', 'preserving research octane number', 'zeolite l could adjust']"
988,10.1016/j.cattod.2014.06.041,Tuning of acidic and catalytic properties of IWR zeolite by post-synthesis incorporation of three-valent elements,2015,,,"['strong brønsted acid sites', 'iwr enabling sufficient activation', '82 – 277 mol']"
989,10.1016/j.cattod.2014.07.002,Epoxidation of bulky organic molecules over pillared titanosilicates,2015,,,"['pillaring treatment significantly increases', 'prepared using surfactant c18h37', 'structure directing agent']"
990,10.1016/j.cattod.2014.07.046,Desilication of SSZ-33 zeolite – Post-synthesis modification of textural and acidic properties,2015,,,"['5 – 20 nm', 'acid sites depends mainly', 'brønsted acid sites']"
991,10.1016/j.cattod.2014.08.019,Alkylation of toluene with ethanol to para-ethyltoluene over MFI zeolites: Comparative study and kinetic modeling,2015,,,"['langmuir – hinshelwood model', 'product distribution exhibited ethyltoluenes', 'longer diffusion length ).']"
992,10.1016/j.cattod.2014.09.026,Mesoporous silico-aluminophosphates derived from microporous precursors as promising catalyst for hydroisomerization,2015,,,"['best catalytic activity owing', 'spectroscopic techniques revealed', 'different silica contents']"
993,10.1016/j.cattod.2015.03.042,Nanoscale HZSM-5 supported PtAg bimetallic catalysts for simultaneous removal of formaldehyde and benzene,2015,,,"['good carbon balances', 'benzene storage capacity', 'benzene catalytic oxidation']"
994,10.1016/j.cattod.2015.06.022,The state of iron sites in the calcined FeAlPO4-5 and its tuning to the property of microporous AlPO4-5 molecular sieve,2016,,,"['single fe sites preparing', 'single fe sites inside', 'microporous environment via calcination']"
995,10.1016/j.cattod.2015.07.010,Zeolite Beta nanoparticles assembled Cu catalysts with superior catalytic performances in the synthesis of thioesters by cross-coupling of aldehydes and disulfides,2016,,,"['high external surface area', 'exhibits excellent catalytic activity', 'high activity']"
996,10.1016/j.cattod.2015.08.041,Effect of Ti incorporated MWW supports on Au loading and catalytic performance for direct propylene epoxidation,2016,,,"['transmission electron mww microscopy', 'porosity mainly isolated tetrahedral', 'electron probe micro analysis']"
997,10.1016/j.cattod.2015.08.061,Selective formation of light olefins from dimethyl ether over MCM-68 modified with phosphate species,2016,,,"['68 showed high resistance', 'stronger acid sites', 'acid sites distribution']"
998,10.1016/j.cattod.2015.09.036,UTL titanosilicate: An extra-large pore epoxidation catalyst with tunable textural properties,2016,,,"['utl showed activity similar', 'crystalline titanosilicate active phase', 'tuned widely keeping']"
999,10.1016/j.cattod.2015.10.010,"Supramolecular chemistry of chiral (1R,2S)-ephedrine confined within the AFI framework as a function of the synthesis conditions",2016,,,"['lower mg contents increase', 'dimers ), crystallisation temperature', 'strong electrostatic interaction']"
1000,10.1016/j.cattod.2015.10.013,"Direct incorporation of B, Al, and Ga into medium-pore ITH zeolite: Synthesis, acidic, and catalytic properties",2016,,,"['3al oh ]− h', 'oh +) e (−)', 'isomorphously substituted ith zeolites']"
1001,10.1016/j.cattod.2015.11.030,Methanol-to-olefin reaction on SAPO-35 catalysts synthesized with controlled crystal size and using mesoporogen additives,2016,,,"['synthesized using different additives', 'synthesis additives allows', 'microporous surface area']"
1002,10.1016/j.cattod.2016.02.027,Vapor phase esterification using a CHA type of zeolite membrane,2016,,,"['selective water removal along', 'proton exchanged mordenite', 'porous alumina tube']"
1003,10.1016/j.cattod.2016.02.035,Quantitative infrared spectroscopic studies and 2D COS analysis of xylenes isomerization over hierarchical zeolites,2017,,,"['highly developed external surface', 'xylenes isomerization process followed', 'silanols groups prompted']"
1004,10.1016/j.cattod.2016.03.012,High-silica zeolite beta as a heterogeneous catalyst in transesterification of triolein for biodiesel production,2016,,,"['sodium cations existing', 'nine consecutive cycles', 'zeolite beta particles']"
1005,10.1016/j.cattod.2017.03.024,Selective synthesis of acetaldehyde from lactic acid on acid zeolites,2018,,,"['lewis acid sites ratio', 'phase lactic acid conversion', 'competitive lactic acid oligomerization']"
1006,10.1016/j.cattod.2017.04.011,Steady-state NH3-SCR global model and kinetic parameter estimation for NOx removal in diesel engine exhaust aftertreatment with Cu/chabazite,2017,,,"['high statistical significance deduced', 'state global kinetic model', 'proposed global nox nh3']"
1007,10.1016/j.cattod.2017.04.042,"Influence of post-synthetic modifications on the composition, acidity and textural properties of ZSM-22 zeolite",2018,,,"['surface silanol hydroxyl groups', 'tbaoh desilication methods resulted', 'framework species upon desilication']"
1008,10.1016/j.cattod.2017.04.065,Ionothermal preparation of triclinic SAPO-34 and its catalytic performance in the MTO process,2017,,,"['v4 +- free sapo', 'triclinic cha structure', 'open systems rather']"
1009,10.1016/j.cattod.2017.07.022,Acidic and catalytic properties of ZSM-5 zeolites with different Al distributions,2018,,,"['27al mas nmr technique', 'mfi structure could improve', 'hydrogen transfer coefficient']"
1010,10.1016/j.cattod.2017.08.032,Catalytic hydrodeoxygenation of m-cresol over Ni2P/hierarchical ZSM-5,2018,,,"['ultraselective (> 97 %)', 'strong lewis acid sites', 'ni2p nanoparticles introduce new']"
1011,10.1016/j.cattod.2017.10.021,The effect of hot liquid water treatment on the properties and catalytic activity of MWW zeolites with various layered structures,2018,,,"['although overall performance diminishes', 'reference zeolite beta showed', '3 times lower conversion']"
1012,10.1016/j.cattod.2018.01.015,Direct synthesis of hierarchical ZnZSM-5 with addition of CTAB in a seeding method and improved catalytic performance in methanol to aromatics reaction,2018,,,"['specific surface area', 'primary crystal size', 'fixed bed reactor']"
1013,10.1016/j.cattod.2018.01.017,Effect of reaction conditions on methanol to gasoline conversion over nanocrystal ZSM-5 zeolite,2018,,,"['solid state mas nmr', 'temperatures <= 350 degc', 'increasing whsv reduced c1']"
1014,10.1016/j.cattod.2018.02.008,On the synthesis of a hierarchically-structured ZSM-5 zeolite and the effect of its physicochemical properties with Cu impregnation on cold-start hydrocarbon trap performance,2018,,,"['hydrothermal stability test revealed', 'hierarchically structured spp particles', 'hierarchically structured zeolite']"
1015,10.1016/j.cattod.2018.02.014,Increasing resolution of selectivity in alkene hydrogenation via diffusion length in core-shell MFI zeolite,2018,,,"['prepared via secondary crystallization', 'faster mass transfer rate', 'shell composite also showed']"
1016,10.1016/j.cattod.2018.02.040,Adjustment of the Al siting in MCM-22 zeolite and its effect on alkylation performance of ethylene with benzene,2018,,,"['exhibit obviously higher conversion', 'structure directing agent', 'irregular lamellar structure']"
1017,10.1016/j.cattod.2018.04.026,Comparison of titanosilicates with different topologies as liquid-phase oxidation catalysts,2020,,,"['oxime selectivity could reach', 'phase selective oxidation reactions', 'tetrahedrally coordinated ti4']"
1018,10.1016/j.cattod.2018.04.028,"Investigation on hydroisomerization and hydrocracking of C15–C18 
               n-alkanes utilizing a hollow tubular Ni-Mo/SAPO-11 catalyst with high selectivity of jet fuel",2019,,,"['hollow tubular structure', 'carbon chain decreasing', 'al molar ratio']"
1019,10.1016/j.cattod.2018.04.035,"Zeolite structure effects on Cu active center, SCR performance and stability of Cu-zeolite catalysts",2019,,,"['identical catalyst synthesis conditions', 'dimeric cu ions form', 'isolated cu ion monomers']"
1020,10.1016/j.cattod.2018.04.068,Propene epoxidation with H2 and O2 on Au/TS-1 catalyst: Cost-effective synthesis of small-sized mesoporous TS-1 and its unique performance,2020,,,"['enhanced mass transfer ability', 'work sheds new light', 'reduced average particle size']"
1021,10.1016/j.cattod.2018.06.010,Hierarchical MTW zeolites in tetrahydropyranylation of alcohols: Comparison of bottom-up and top-down methods,2019,,,"['solid state 27al nmr', 'active sites located deep', 'desilicated mtw presents cheaper']"
1022,10.1016/j.cattod.2018.06.011,"10-ring Zeolites: Synthesis, characterization and catalytic applications",2019,,,"['unique porous structures', 'interesting structural features', 'found widespread applications']"
1023,10.1016/j.cattod.2018.07.003,Catalytic activity of advanced titanosilicate zeolites in hydrogen peroxide S-oxidation of methyl(phenyl)sulfide,2019,,,"['reactants ratio hydrogen peroxide', 'lamellar catalyst provided 100', 'catalysts exhibited different distributions']"
1024,10.1016/j.cattod.2018.07.015,Synthesis of Pt-MWW with controllable nanoparticle size,2019,,,"['different alkyl chain lengths', 'controllable nanoparticle size using', 'swollen materials increases']"
1025,10.1016/j.cattod.2018.07.044,MWW layered zeolites modified with niobium species - Surface and catalytic properties,2019,,,"['liquid phase cyclohexene oxidation', '22 ), different loading', 'methods used gave mcm']"
1026,10.1016/j.cattod.2018.08.018,"Efficient synthesis of the Cu-SAPO-44 zeolite with excellent activity for selective catalytic reduction of NO
                  x
                by NH3",2019,,,"['ray absorption fine structure', 'co adsorption demonstrated', 'selective catalytic reduction']"
1027,10.1016/j.cattod.2018.11.039,"Fabricating ZSM-23 with reduced aspect ratio through ball-milling and recrystallization: Synthesis, structure and catalytic performance in N-heptane hydroisomerization",2019,,,"['heptane hydroisomerization reaction owing', 'catalyst lifetime owing', 'structure directing agent']"
1028,10.1016/j.cattod.2018.12.034,Bifunctional catalysts with noble metals on composite Al2O3-SAPO-11 carrier and their comparison with CoMoS one in n-hexadecane hydroisomerization,2019,,,"['resolution transition electronic microscopies', 'ray powder diffraction', 'comos active phase']"
1029,10.1016/j.cattod.2019.02.054,Designing a hierarchical nanosheet ZSM-35 zeolite to realize more efficient ethanol synthesis from dimethyl ether and syngas,2020,,,"['xrd ), n2 adsorption', 'direct hydrothermal synthesis route', 'catalyst bed reactor packed']"
1030,10.1016/j.cattod.2019.03.006,Structural transformation and chemical modifications of the unusual layered zeolite MWW form SSZ-70,2020,,,"['recent structure solution report', 'horizontal direction (< 110', 'valuable industrial alkylation catalyst']"
1031,10.1016/j.cattod.2019.03.016,Catalytic activation of all-silica COK-14 zeolite through alumination and particle size reduction using wet ball milling,2019,,,"['tetrahedrally coordinated al atoms', 'decane model alkane compound', 'wet ball milling resulted']"
1032,10.1016/j.cattod.2019.03.038,ZSM-5 surface modification by plasma for catalytic activity improvement in the gas phase methanol-to-dimethylether reaction,2019,,,"['catalyst allows significantly increasing', 'strong bronsted acid sites', 'dmethe methanol conversion needs']"
1033,10.1016/j.cattod.2019.04.038,Seed-assisted synthesis of hierarchical SAPO-18/34 intergrowth and SAPO-34 zeolites and their catalytic performance for the methanol-to-olefin reaction,2020,,,"['like nanoparticles containing mesopores', 'higher external surface areas', '34 seed crystals increased']"
1034,10.1016/j.cattod.2019.06.069,Self-formation of hierarchical SAPO-11 molecular sieves as an efficient hydroisomerization support,2020,,,"['hrtem ), n2 sorption', 'mas nmr techniques', 'bifunctional organic templates']"
1035,10.1016/j.cattod.2019.08.006,Stability of fly ash-based BEA-zeolite in hot liquid phase,2020,,,"['crystal structure remained intact', 'liquid phase reactions', 'hot liquid shows']"
1036,10.1016/j.cattod.2019.08.014,Interaction effects between CuO-ZnO-ZrO2 methanol phase and zeolite surface affecting stability of hybrid systems during one-step CO2 hydrogenation to DME,2020,,,"['acid sites significantly control', 'typical industrial conditions', 'research interest towards']"
1037,10.1016/j.cattod.2019.08.030,Aluminium introduction on the STF zeolite synthesized with the organic structure-directing agent 123TE4MI,2020,,,"['state nuclear magnetic resonance', 'al gel ratio variations', 'thin long sticks']"
1038,10.1016/j.cattod.2019.09.045,High activity of Ga-containing nanosponge MTW zeolites in acylation of p-xylene,2020,,,"['medium pore zeolite mfi', 'bulk mtw zeolites due', 'large pore zeolite']"
1039,10.1016/j.cattod.2019.10.003,Zeolites in Pechmann condensation: Impact of the framework topology and type of acid sites,2020,,,"['mtw gives higher conversions', 'transmission electron microscopy', 'respectively ), however']"
1040,10.1016/j.cattod.2019.10.011,Quantification of Lewis acid sites in 3D and 2D TS-1 zeolites: FTIR spectroscopic study,2020,,,"['u8a absorption band ca', '3 species introduced post', 'important selective oxidation catalyst']"
1041,10.1016/j.cattod.2019.10.026,Synthesis of aggregation-resistant MFI nanoparticles,2020,,,"['mimic homogeneous catalytic systems', 'specific functional groups', 'solid state 29si']"
1042,10.1016/j.cattod.2019.12.008,Synthesis of Ga-containing CON-type material and its catalytic performance in methanol-to-olefins reaction,2020,,,"['71ga mas nmr', 'lower ethylene selectivity', 'vis measurements']"
1043,10.1016/j.cattod.2019.12.010,"Conversion of Y into SSZ-13 zeolite, in the absence of extra silica, alumina and seed crystals, with N,N,N-dimethylethylcyclohexylammonium bromide, and application of the SSZ-13 zeolite in the propylene production from ethylene",2019,,,"['synthesis usually relies', 'sars ), especially', 'relatively inexpensive template']"
1044,10.1016/j.cattod.2020.01.004,Effects of nanosheet catalysts on synthesis of aromatics and light hydrocarbons from acetylene,2020,,,"['much slower deactivation unlike', 'bronsted acid sites regardless', 'initial selectivity towards aromatics']"
1045,10.1016/j.cattod.2020.01.034,Remarkable self-degradation of Cu/SAPO-34 selective catalytic reduction catalysts during storage at ambient conditions,2021,,,"['e ., crystallinity loss', 'h )- al [?]', 'terminal al sites']"
1046,10.1016/j.cattod.2020.03.014,Zeolite membranes: Comparison in the separation of H2O/H2/CO2 mixtures and test of a reactor for CO2 hydrogenation to methanol,2021,,,"['reaction environment would increase', 'preliminary experiments comparing', 'membrane reactor show']"
1047,10.1016/j.cattod.2020.03.023,Highly active ternary oxide ZrCeZnOx combined with SAPO-34 zeolite for direct conversion of syngas into light olefins,2021,,,"['bet surface area increased', 'parallel coprecipitation method', 'attracted great attention']"
1048,10.1016/j.cattod.2020.03.056,Modification of MWW Layer Structure to investigate the Effect of Acidity and Zn-type sites on Ethane Dehydroaromatization,2021,,,"['zn species play roles', 'impregnated zn species exist', 'strong acid sites causes']"
1049,10.1016/j.cattod.2020.03.065,New insight into seeding process leading to improved zeolitic acidity and surface properties for its catalytic application in propane aromatization,2021,,,"['resulting zeolites reduced dramatically', '0 wt .% sio2', '0 exhibited better conversion']"
1050,10.1016/j.cattod.2020.04.005,Combustion of toluene over cobalt-modified MFI zeolite dispersed on monolith produced using 3D printing technique,2020,,,"['varying active phase content', 'excellent catalytic activity measured', 'mfi zeolite layer providing']"
1051,10.1016/j.cej.2005.12.001,Chemical kinetics of hydroxylation of phenol catalyzed by TS-1/diatomite in fixed-bed reactor,2006,,,"['hydrogen peroxide also increased', 'reaction kinetic model', 'hydrogen peroxide concentrations']"
1052,10.1016/j.cej.2006.06.009,Xylene isomerization in a membrane reactor: Part I: The synthesis of MFI membranes for the p-xylene separation,2006,,,"['2 ), separation factors', 'n2 permeation measurements together', 'porous ss tubes']"
1053,10.1016/j.cej.2007.07.003,Microwave-assisted hydrothermal synthesis of zeolite Beta coatings on ALD-modified borosilicate glass for application in microstructured reactors,2008,,,"['© 2007 elsevier b', 'uniform zeolite beta coating', 'highly alkaline synthesis solution']"
1054,10.1016/j.cej.2008.11.028,Molecular sieve synthesis in the presence of tetraalkylammonium and dialkylimidazolium molten salts,2009,,,"['products made include', 'layered silicate magadiite', 'molecular sieves synthesis']"
1055,10.1016/j.cej.2008.11.034,Preparation and properties of TS-1 zeolite and film using Sil-1 nanoparticles as seeds,2009,,,"['phenylacetaldehyde selectivity correlates well', 'styrene partial oxidation', '1 seeded syntheses']"
1056,10.1016/j.cej.2009.04.018,Preparation of titanium silicalite-1 catalytic films and application as catalytic membrane reactors,2010,,,"['synthesis solution intensely influenced', '1 catalytic membrane reactors', 'xrd ), ftir']"
1057,10.1016/j.cej.2010.10.057,Fabrication and characterization of hierarchical ZSM-5 zeolites by using organosilanes as additives,2011,,,"['broad particle size distribution', 'two synthesis strategies', 'original reaction solution']"
1058,10.1016/j.cej.2010.11.071,Synthesis of ZSM-5 hierarchical microsphere-like particle by two stage varying temperature crystallization without secondary template,2011,,,"['assembly combined crystallization process', 'second stage crystallization time', 'tsvtc method gave rise']"
1059,10.1016/j.cej.2011.05.001,Ba-SAPO-34 membrane synthesized from microwave heating and its performance for CO2/CH4 gas separation,2011,,,"['pressure differences across', 'alkaline earth cations', 'equimolar feed mixture']"
1060,10.1016/j.cej.2011.08.077,Preparation and performance of TS-1/SiO2 egg-shell catalysts,2011,,,"['new seeding method based', 'lower specific conversion rate', 'sio2 beads ’ surface']"
1061,10.1016/j.cej.2012.01.102,Zeolite applications in fuel cells: Water management and proton conductivity,2012,,,"['improved membrane thermomechanical properties', 'pfsa proton conducting membranes', 'zeolites ’ ionic conductivity']"
1062,10.1016/j.cej.2012.07.134,Location and valence state of strontium cations on the framework of a carbon dioxide selective porous silicoaluminophosphate,2012,,,"['uv – vis spectroscopy', 'site sr1 slightly displaced', 'site sr2 positioned']"
1063,10.1016/j.cej.2012.10.017,Fast catalytic oxidation of phenol over iron modified zeolite L nanocrystals,2013,,,"['xrd results showed', 'better oxidizing agent', 'zeolite l lattice']"
1064,10.1016/j.cej.2012.12.019,A rapid synthesis route for Sn-Beta zeolites by steam-assisted conversion and their catalytic performance in Baeyer–Villiger oxidation,2013,,,"['8wt .% sno2', 'dry stannosilicate gel', 'beta within 5h']"
1065,10.1016/j.cej.2013.04.072,Controlled and rapid growth of MTT zeolite crystals with low-aspect-ratio in a microwave reactor,2013,,,"['obtain larger pore volume', '27al mas nmr', '24h ), seed']"
1066,10.1016/j.cej.2013.04.102,Adsorption dynamics of toluene in structured fixed bed with ZSM-5 membrane/PSSF composites,2013,,,"['structured fixed bed offers', 'structured fixed bed filled', 'bed depth service time']"
1067,10.1016/j.cej.2013.06.005,Cost-effective microwave rapid synthesis of zeolite NaA for removal of methylene blue,2013,,,"['using conventional heating technique', 'microwave rapid synthesized naa', 'four independent variables including']"
1068,10.1016/j.cej.2013.06.103,Synthesis of T-type zeolite nanoparticles for the separation of CO2/N2 and CO2/CH4 by adsorption process,2013,,,"['natural gas purification process', '150 – 200 nm', 'g co2 adsorption capacities']"
1069,10.1016/j.cej.2013.08.093,Ni and RhNi catalysts supported on Zeolites L for hydrogen and syngas production by biogas reforming processes,2014,,,"['incipient wetness impregnation method', 'fixed bed reactor system', 'fischer – tropsch synthesis']"
1070,10.1016/j.cej.2013.08.103,Synthesis of MFI/EMT zeolite bi-layer films for molecular decontamination,2013,,,"['high micropore volumes lead', 'nitrogen sorption measurements indicated', 'hexane sorption capacity']"
1071,10.1016/j.cej.2013.10.041,In situ IR spectroscopic study to reveal the impact of the synthesis conditions of zeolite β nanoparticles on the acidic properties of the resulting zeolite,2014,,,"['also reveals important aspects', 'two nanoparticles based zeolites', 'protonic bridging hydroxyls']"
1072,10.1016/j.cej.2014.01.008,The effect of various templates on the NH3-SCR activities over Cu/SAPO-34 catalysts,2014,,,"['brønsted acid sites showed', '34 catalysts performed different', 'various si coordination structures']"
1073,10.1016/j.cej.2014.08.018,Preparation of novel Fe-ZSM-5 zeolite membrane catalysts for catalytic wet peroxide oxidation of phenol in a membrane reactor,2015,,,"['xrd ), n2 adsorption', '5 zeolite membrane support', 'catalytic wet peroxide oxidation']"
1074,10.1016/j.cej.2014.09.119,"Synthesis, activity and hydrophobicity of Fe-ZSM-5@silicalite-1 for NH3-SCR",2015,,,"['uv – vis drs', 'core – shell zeolites', 'secondary hydrothermal crystallization procedure']"
1075,10.1016/j.cej.2014.10.086,In-situ hydrothermal synthesis of Cu-SSZ-13/cordierite for the catalytic removal of NOx from diesel vehicles by NH3,2015,,,"['simulated diesel exhaust gas', 'situ hydrothermal synthesis method', 'transmission electron microscopy']"
1076,10.1016/j.cej.2014.11.102,Dual-template synthesis of nanostructured CoAPSO-34 used in methanol to olefins: Effect of template combinations on catalytic performance and coke formation,2015,,,"['50 %: 50 %.', 'catalyst preparation costs compared', 'uniform particle size distribution']"
1077,10.1016/j.cej.2014.11.111,Selective catalytic reduction of NOx by NH3 on Cu-SAPO-34 catalysts: Influence of silicium content on the activity of calcined and hydrotreated samples,2015,,,"['three different si contents', 'lowest si content', 'low si content']"
1078,10.1016/j.cej.2014.12.017,The influence of CO2 and H2O on selective catalytic reduction of NO by NH3 over Cu/SAPO-34 catalyst,2015,,,"['inlets presented less impact', 'selective catalytic reduction', 'brønsted acid sites']"
1079,10.1016/j.cej.2015.02.015,Synthesis of CoMo catalysts supported on EMT/FAU intergrowth zeolites with different morphologies and their hydro-upgrading performances for FCC gasoline,2015,,,"['various techniques including xrd', 'n2 adsorption – desorption', 'highest hds efficiency']"
1080,10.1016/j.cej.2015.02.071,Designing core (Cu/ZnO/Al2O3)–shell (SAPO-11) zeolite capsule catalyst with a facile physical way for dimethyl ether direct synthesis from syngas,2015,,,"['demonstrated zeolite capsule catalyst', 'special core – shell', 'zeolite capsule catalyst cuznal']"
1081,10.1016/j.cej.2016.02.072,Green and efficient epoxidation of propylene with hydrogen peroxide (HPPO process) catalyzed by hollow TS-1 zeolite: A 1.0kt/a pilot-scale study,2016,,,"['40 – 50 c', '9 – 32', '5 – 15']"
1082,10.1016/j.cej.2016.02.086,High hydrothermal stability of Cu–SAPO-34 catalysts for the NH3-SCR of NOx,2016,,,"['resulting gel could impact', 'pot hydrothermal synthesis method', 'scr activity slightly due']"
1083,10.1016/j.cej.2016.02.088,Synthesis of nanosized HZSM-5 zeolites isomorphously substituted by gallium and their catalytic performance in the aromatization,2016,,,"['significantly reduces organic templates', 'enhanced lewis acid sites', 'weakened brønsted acid sites']"
1084,10.1016/j.cej.2016.04.009,Space-confined synthesis of zeolite Beta microspheres via steam-assisted crystallization,2016,,,"['greatly enhanced catalytic activity', 'growth route – surface', 'direct synthetic route']"
1085,10.1016/j.cej.2016.06.043,Conversion of Y into SSZ-13 zeolites and ethylene-to-propylene reactions over the obtained SSZ-13 zeolites,2016,,,"['syntheses conducted using mw', '80 %) generally increased', 'crystal growth stages']"
1086,10.1016/j.cej.2016.08.025,"Mono-dispersed DDR zeolite particles by seeded growth and their CO2, N2, and H2O adsorption properties",2016,,,"['dispersed ddr zeolite particles', 'three main components', 'mainly oh groups']"
1087,10.1016/j.cej.2016.09.003,Enhanced formation of 5-HMF from glucose using a highly selective and stable SAPO-34 catalyst,2017,,,"['paper shows great potential', 'reaction system exhibited', 'less harmful alternative']"
1088,10.1016/j.cej.2016.11.054,Manganese-containing hollow TS-1: Description of the catalytic sites and surface properties for solvent-free oxidation of ethylbenzene,2017,,,"['strong favourable synergic interactions', 'longer methylene ch bond', 'mnox species homogeneous dispersed']"
1089,10.1016/j.cej.2016.11.139,Kinetic studies on high-pressure methylation of 2-methylnaphthalene over MTW-type zeolite with different crystal sizes,2017,,,"['apparent reaction rate constants', 'bulk phase pressure', 'reaction rate constants']"
1090,10.1016/j.cej.2016.12.116,Fabrication of ZSM-11(5) particles with nanorods oriented-stacking morphology by an in-situ feeding method,2017,,,"['generate pentasil silicate seed', '27al mas nmr analysis', 'si mixture exhibits']"
1091,10.1016/j.cej.2017.01.090,Effect of alkene co-feed on the MTO reactions over SAPO-34,2017,,,"['low (< 73 %)', 'increased internal diffusion resistance', 'also caused faster deactivation']"
1092,10.1016/j.cej.2017.03.030,Experiments and kinetics of the epoxidation of allyl chloride with H2O2 over organic base treated TS-1 catalysts,2017,,,"['without obvious changes', 'tetrapropyl ammonium hydroxide', 'outer surface shape']"
1093,10.1016/j.cej.2017.04.109,Synthesis of AEI/CHA intergrowth zeolites by dual templates and their catalytic performance for dimethyl ether to olefins,2017,,,"['metastable aei phase converted', 'crystalline products switched', 'stable cha phase']"
1094,10.1016/j.cej.2017.06.109,Ni/Silicalite-1 coating being coated on SiC foam: A tailor-made monolith catalyst for syngas production using a combined methane reforming process,2017,,,"['1 coating successfully grew', 'combined reforming reaction consisting', '1 supported ni catalyst']"
1095,10.1016/j.cej.2017.07.100,Directly synthesized V-containing BEA zeolite: Acid-oxidation bifunctional catalyst enhancing C-alkylation selectivity in liquid-phase methylation of phenol,2017,,,"['situ ftir spectra suggested', 'oxidation bifunctional mechanism involving', '5946 ), good reusability']"
1096,10.1016/j.cej.2017.08.025,The protection of CeO2 thin film on Cu-SAPO-18 catalyst for highly stable catalytic NH3-SCR performance,2017,,,"['higher so2 resistance', 'thin ceo2 film', 'ceo2 thin film']"
1097,10.1016/j.cej.2017.08.082,Green and efficient preparation of hollow titanium silicalite-1 by using recycled mother liquid,2018,,,"['using recycled mother liquid', 'recycled eight times', 'hollow titanium silicalite']"
1098,10.1016/j.cej.2017.10.001,Catalytic cracking of n-hexane for producing light olefins on 3D-printed monoliths of MFI and FAU zeolites,2018,,,"['significantly improved catalytic selectivity', '5 zeolite monolith exhibits', '34 coated hy monolith']"
1099,10.1016/j.cej.2017.10.017,Enhanced toluene combustion performance over Pt loaded hierarchical porous MOR zeolite,2018,,,"['zeolite supported platinum catalyst', 'desorption isotherm analysis showed', 'volatile organic compounds']"
1100,10.1016/j.cej.2017.11.163,Mercury Oxidation over Cu-SSZ-13 Catalysts under Flue Gas Conditions,2018,,,"['catalysts required hydrogen chloride', 'various novel technologies', 'small pore zeolite']"
1101,10.1016/j.cej.2018.05.033,One-pot synthesis of high performance Cu-SAPO-18 catalyst for NO reduction by NH3-SCR: Influence of silicon content on the catalytic properties of Cu-SAPO-18,2018,,,"['ammonia selective catalytic reduction', 'harsh hydrothermal aging treatment', 'different si contents prepared']"
1102,10.1016/j.cej.2018.07.195,The influence of low-temperature hydration methods on the stability of Cu-SAPO-34 SCR catalyst,2018,,,"['much slower drop rate', 'continuous activity drop', 'thus obviously alter']"
1103,10.1016/j.cej.2018.09.088,Cost-efficient core-shell TS-1/silicalite-1 supported Au catalysts: Towards enhanced stability for propene epoxidation with H2 and O2,2019,,,"['good po formation rate', 'attracting tremendous research interests', 'work sheds new light']"
1104,10.1016/j.cej.2018.10.053,Synthesis of SSZ-13 zeolite in the presence of dimethylethylcyclohexyl ammonium ion and direct conversion of ethylene to propylene with the SSZ-13,2019,,,"['organic structure directing agent', 'reported templates including n', '68 %, respectively']"
1105,10.1016/j.cej.2019.01.106,Effect of core-shell structuring of chabazite zeolite with a siliceous zeolite thin layer on the separation of acetone-butanol-ethanol vapor in humid vapor conditions,2019,,,"['pure silica chabazite layer', 'pure silica chabazite coating', 'narrow pore chabazite zeolite']"
1106,10.1016/j.cej.2019.122913,Rapid synthesis of uniform nano-sized silicalite-1 zeolite crystals under atmospheric pressure without wastes discharge,2020,,,"['probe reaction beckmann rearrangement', 'organic template rested could', 'high bet surface area']"
1107,10.1016/j.cej.2019.123491,Seed-assisted synthesis of Cu-(Mn)-UZM-9 zeolite as excellent NO removal and N2O inhibition catalysts in wider temperature window,2020,,,"['situ ftir results proved', '9 catalysts exhibited high', 'mn species mainly existed']"
1108,10.1016/j.cej.2019.123800,Strategy towards enhanced performance of zeolite catalysts: Raising effective diffusion coefficient versus reducing diffusion length,2020,,,"['zeotype secondary building units', 'bronsted acid sites related', 'effective diffusion coefficient enhancement']"
1109,10.1016/j.cej.2020.124250,"Effects of alkali and alkaline earth metals on Cu-SSZ-39 catalyst for the selective catalytic reduction of NO
                  x
                with NH3",2020,,,"['acid sites greatly decreased', 'alkaline earth metals followed', 'alkaline earth metals poisoning']"
1110,10.1016/j.cej.2020.124782,"Promoting effect of Ce and Mn addition on Cu-SSZ-39 zeolites for NH3-SCR reaction: Activity, hydrothermal stability, and mechanism study",2020,,,"['therefore indicate great potential', 'active cuo crystallites formation', 'decreased significantly like cu']"
1111,10.1016/j.cej.2020.125515,One-pot synthesis of FeCu-SSZ-13 zeolite with superior performance in selective catalytic reduction of NO by NH3 from natural aluminosilicates,2020,,,"['wide reaction temperature window', 'systematic characterization results reveal', 'reduce nitrogen oxide emissions']"
1112,10.1016/j.cej.2020.125655,Depolymerization of PET into terephthalic acid in neutral media catalyzed by the ZSM-5 acidic catalyst,2020,,,"['lewis acidic site concentration', 'lewis acidic sites', 'wave assisted hydrolysis']"
1113,10.1016/j.ces.2004.03.012,The synthesis and testing of thin film ZSM-5 catalysts,2004,,,"['secondary reaction products increased', 'reaction rate constant increased', 'xylene reaction data showed']"
1114,10.1016/j.ces.2004.07.055,Effect of Si:Ti ratio on energetic heterogeneity in ETS-4,2004,,,"['two different initial si', 'study gives insight', 'engelhard titanium silicate']"
1115,10.1016/j.ces.2012.01.024,Preparation and characterization of ITQ-29/polysulfone mixed-matrix membranes for gas separation: Effect of zeolite composition and crystal size,2012,,,"['hinders gas permeation performance', 'highest h2 permeability 21', 'prepare mixed matrix membranes']"
1116,10.1016/j.ces.2012.03.031,"Fabrication, characterization and catalytic oxidation of propylene over TS-1/Au membranes",2012,,,"['vapor phase reaction conditions', 'exhibited helium permeability', 'propylene epoxide using']"
1117,10.1016/j.ces.2014.02.031,Gradient porous Co–Cu–Mn mixed oxides modified ZSM-5 membranes as high efficiency catalyst for the catalytic oxidation of isopropanol,2014,,,"['using secondary growth process', 'incipient wetness impregnating method', 'gradient porous modified zsm']"
1118,10.1016/j.ces.2015.08.016,Ultrahigh mechanically stable hierarchical mordenite zeolite monolith: Direct binder-/template-free hydrothermal synthesis,2015,,,"['unconventional acidic hydrolysis route', '388 m2 g 1', '2 cm3 g 1']"
1119,10.1016/j.ces.2016.06.069,Electrochemical impedance spectroscopy for analyzing microstructure evolution of NaA zeolite membrane in acid water/ethanol solution,2016,,,"['permeation flux decreased initially', 'separation selectivity declined continually', 'naa zeolite membrane layer']"
1120,10.1016/j.ces.2016.07.041,Direct synthesis of hierarchical USY zeolite for retardation of catalyst deactivation,2016,,,"['fourier transform infrared spectroscopy', 'exhibited remarkably higher resistance', 'contained disordered intracrystal mesopores']"
1121,10.1016/j.ces.2017.04.053,Catalytic deactivation mechanism research over Cu/SAPO-34 catalysts for NH3-SCR (II): The impact of copper loading,2017,,,"['950 degc hydrothermal treatment', '950 degc aging treatment', 'tpr outcomes prove']"
1122,10.1016/j.ces.2017.05.012,n-Heptane catalytic cracking on hierarchical ZSM-5 zeolite: The effect of mesopores,2017,,,"['decreased diffusion resistance caused', 'nh3 temperature programmed desorption', 'scanning electronic microscopy']"
1123,10.1016/j.ces.2017.10.032,Catalytic deactivation mechanism research over Cu/SAPO-34 catalysts for NH3-SCR (I): The impact of 950 °c hydrothermal aging time,2018,,,"['scr activities declined dramatically', 'declined scr reaction rates', 'situ drifts results revealed']"
1124,10.1016/j.ces.2019.02.031,Influence of CO2 and H2O co-feeding in the NOx abatement by SCR over an efficient Cu-CHA catalyst,2019,,,"['conversion values registered', 'scr temperature range', 'cu2 +/ cu']"
1125,10.1016/j.ces.2019.03.028,Effect of Cu content and zeolite framework of n-C4H10-SCR catalysts on de-NOx performances,2019,,,"['hydrocarbons within 24 h', 'zeolite framework significantly affected', 'state stability test']"
1126,10.1016/j.ces.2019.08.005,Ferrierite zeolite passivation and its catalytic application in toluene disproportionation,2019,,,"['chemical liquid deposition', 'pressure ranges evaluated', 'chemical compositions']"
1127,10.1016/j.chemosphere.2006.02.043,Physical and chemical regeneration of zeolitic adsorbents for dye removal in wastewater treatment,2006,,,"['22 exhibits equilibrium adsorption', 'higher solution ph results', 'kinetic studies indicate']"
1128,10.1016/j.chemosphere.2009.08.059,Removal of dimethylsulfoxide from wastewater using mild oxidation with H2O2 over Ti-based catalysts,2009,,,"['tio2 mesoporous xerogel prepared', 'titanium silicalite ts', 'dilute aqueous solution']"
1129,10.1016/j.chemosphere.2016.06.058,"Preparation, characterization and photocatalytic application of TiO2/Fe-ZSM-5 nanocomposite for the treatment of petroleum refinery wastewater: Optimization of process parameters by response surface methodology",2016,,,"['5 zeolite via sol', 'petroleum refinery wastewater treatment', 'immobilizing nanosized tio2 photocatalyst']"
1130,10.1016/j.cherd.2011.12.003,Pervaporation dehydration of ethylene glycol by NaA zeolite membranes,2012,,,"['made naa zeolite membranes', 'high feed water content', 'membranes exhibited good stability']"
1131,10.1016/j.cherd.2013.01.022,Preparation and characterization of SAPO-34 – Matrimid® 5218 mixed matrix membranes for CO2/CH4 separation,2013,,,"['5218 mixed matrix membranes', '5218 glass transition temperature', '34 zeolite loaded matrimid']"
1132,10.1016/j.cherd.2013.04.016,Dehydration of ethylene glycol by pervaporation using gamma alumina/NaA zeolite composite membrane,2013,,,"['tetra methyl ammonium hydroxide', 'quality zeolite naa membranes', 'membranes showed separation factor']"
1133,10.1016/j.cherd.2013.10.008,Para-xylene adsorption separation process using nano-zeolite Ba-X,2014,,,
1134,10.1016/j.cherd.2014.05.013,Effect of crystallization temperature on the in situ valorization of physic nut (Jatropha curcus L.) wastes using synthetic HZSM-5 catalyst,2014,,,"['high heating value properties', 'oxygenated pyrolysis liquid products', 'undesirable oxygenated compounds']"
1135,10.1016/j.cherd.2015.11.014,Conversion of methanol to olefins with HI additive: Thermodynamic analysis and effects of HI on catalytic properties and performance,2016,,,"['scanning electron microscopy', 'comprehensive thermodynamic analysis', '100 k lower']"
1136,10.1016/j.cherd.2016.11.035,Synthesis of ZSM-5 and SAPO-34 membranes in a high temperature-pressure recirculating-flow system,2017,,,"['induced crystallization exhibit co2', 'ch4 single gas permeance', '34 type zeolite membranes']"
1137,10.1016/j.cherd.2019.10.019,Crystal engineering of hierarchical zeolite in dynamically maintained Pickering emulsion,2020,,,"['new ways toward inexpensive', 'dependent prolonged catalyst lifetime', 'toluene pickering emulsion inspired']"
1138,10.1016/j.chroma.2012.03.031,Zeolite Linde Type L as micro-solid phase extraction sorbent for the high performance liquid chromatography determination of ochratoxin A in coffee and cereal,2012,,,"['zeolite linde type l', 'solid phase extraction', '28ngg − 1']"
1139,10.1016/j.colsurfa.2010.12.034,Effect of sol–gel synthesis parameters and Cu loading on the physicochemical properties of a new SUZ-4 zeolite,2011,,,"['07 mm mean diameter', 'narrow pore size distribution', 'fourier transform infrared spectroscopy']"
1140,10.1016/j.colsurfa.2020.124803,Controlled growth of Faujasite zeolite with NaX topology by manipulating solution aging and Na2O/Al2O3 ratios,2020,,,"['organic structure directing agent', 'resultant nax zeolite crystals', 'nax zeolite particles could']"
1141,10.1016/j.colsurfb.2015.07.068,Biomineralization of hydroxyapatite in silver ion-exchanged nanocrystalline ZSM-5 zeolite using simulated body fluid,2015,,,"['inductively coupled plasma analysis', 'transmission electron microscopy', 'simulated body fluid']"
1142,10.1016/j.colsurfb.2018.02.029,Biocatalysts based on nanozeolite-enzyme complexes: Effects of alkoxysilane surface functionalization and biofuel production using microalgae lipids feedstock,2018,,,"['fatty acid ethyl esters', 'provided higher enzymatic activities', 'ga immobilized larger amounts']"
1143,10.1016/j.corsci.2011.01.047,Corrosion-resistant ZSM-5 zeolite coatings formed on Mg–Li alloy by hot-pressing,2011,,,"['zeolite socony mobile', 'scanning electron microscopy', 'pure mfi structure']"
1144,10.1016/j.cplett.2004.01.002,Photocatalytic H2 evolution under visible light irradiation on CdS/ETS-4 composite,2004,,,"['aqueous solution containing na2s', 'sized cds particles embedded', 'visible light irradiation']"
1145,10.1016/j.cplett.2015.07.011,A novel processing of carbon nanotubes grown on molecular sieve coated porous ceramics,2015,,,"['catalytic chemical vapour deposition', 'process using acetylene', 'present study focuses']"
1146,10.1016/j.cplett.2016.10.052,Synthesis of hierarchical SAPO-34 nanocrystals with improved catalytic performance for methanol to olefins,2016,,,"['surface acid sites distribution', 'catalyst showed improved stability', '50 nm particles prepared']"
1147,10.1016/j.cplett.2017.08.036,Hierarchical mordenite zeolite nano-rods bundles favourable to bulky molecules,2017,,,"['hierarchical mordenite nanorods bundles', 'hierarchical mordenite zeolite nano', 'organic moiety linked']"
1148,10.1016/j.cplett.2020.137598,Efficient heterogeneous Fenton-like catalysis of Fe-doped SAPO-44 zeolite synthesized from bauxite and rice husk,2020,,,"['rh displays excellent fenton', 'like reaction performance', 'efficient process route']"
1149,10.1016/j.crci.2004.10.029,Synthesis of ITQ-7 with a new template molecule and its crystal structure analysis in the as synthesized form,2005,,,
1150,10.1016/j.crci.2005.01.010,,2005,,,
1151,10.1016/j.crci.2008.11.009,Design of microporous materials: A novel generation of solid acids,2009,,,"['narrower residence time distribution', 'catalytic reactor engineering based', 'binders presents several drawbacks']"
1152,10.1016/j.crci.2015.09.018,Synthesis of mono- and bi-layer zeolite films on alumina substrates,2016,,,"['proposed using various techniques', 'bilayer zeolite films zsm', 'layer zeolite films']"
1153,10.1016/j.crci.2015.10.012,Synthesis of EMT/FAU-type zeolite nanocrystal aggregates in high yield and crystalline form,2016,,,"['thermal treatment time allows', 'starting reaction medium improves', 'organic additive triethanolamine']"
1154,10.1016/j.crci.2017.11.006,Fabrication of hierarchical ZnSAPO-34 by alkali treatment with improved catalytic performance in the methanol-to-olefin reaction,2018,,,"['naphtha thermal cracking', 'important raw materials', 'effective catalytic processes']"
1155,10.1016/j.desal.2010.02.009,Comparison absorption of new methylene blue dye in zeolite and nanocrystal zeolite,2010,,,"['adsorption isotherm studies demonstrate', 'adsorption capacity dye increases', 'higher solution ph results']"
1156,10.1016/j.desal.2011.01.044,Synthesis and characterization of high performance NaA zeolite-polyimide composite membranes on a ceramic hollow fiber by dip-coating deposition,2011,,,"['various alcohol mixtures indicate', 'dense intergrown naa zeolite', 'naa zeolite membranes surface']"
1157,10.1016/j.desal.2012.01.023,Optimization of NaY zeolite membrane preparation for the separation of methanol/methyl methacrylate mixtures,2012,,,"['best membrane displayed fluxes', '50 wt .% methanol', '16 h aging time']"
1158,10.1016/j.electacta.2014.04.019,"Synthesis of ionic liquids coated nanocrystalline zeolite materials and their application in the simultaneous determination of adenine, cytosine, guanine, and thymine",2014,,,"['calf thymus dna sample', 'four dna bases', 'organic hybrid materials']"
1159,10.1016/j.electacta.2014.07.049,Simultaneous electrochemical determination of nanomolar concentrations of aminophenol isomers using nanocrystalline zirconosilicate modified carbon paste electrode,2014,,,"['modified carbon paste electrodes', 'different environmental water samples', 'various nanocrystalline metallosilicates investigated']"
1160,10.1016/j.electacta.2018.06.106,Host-guest electrocatalyst with cage-confined cuprous sulfide nanoparticles in etched chalcogenide semiconductor zeolite for highly efficient oxygen reduction reaction,2018,,,"['x %, x represents', 'work holds great promising', 'durable oxygen reduction reaction']"
1161,10.1016/j.enconman.2015.01.031,"Hydrothermal synthesis of nanocrystalline H[Fe, Al]ZSM-5 zeolites for conversion of methanol to gasoline",2015,,,"['small oligomeric fexoy clusters', 'new active sites', 'fixed bed stainless']"
1162,10.1016/j.enconman.2019.04.026,Nonthermal plasma-catalytic conversion of biogas to liquid chemicals with low coke formation,2019,,,"['valuable liquid chemicals rather', 'weak acidic sites', '2 %, respectively']"
1163,10.1016/j.energy.2017.04.128,Energetic performances of FER-type zeolite in the presence of electrolyte solutions under high pressure,2017,,,"['10m licl aqueous solution', 'high intrusion pressure values', 'licl aqueous solutions']"
1164,10.1016/j.energy.2017.11.101,Effective hydrogen purification from methane via polyimide Matrimid® 5218- Deca-dodecasil 3R type zeolite mixed matrix membrane,2017,,,"['scanning electron microscope images', 'new green energy source', 'membranes showed uniform dispersion']"
1165,10.1016/j.energy.2019.06.020,Nickel catalyst with different supports for green diesel production,2019,,,"['incipient wetness impregnation method', 'controlled hydrogen gas pressure', 'implemented via deoxygenation reaction']"
1166,10.1016/j.fuel.2004.09.010,A novel catalyst system based on quadruple silicoaluminophosphate and aluminosilicate zeolites for FCC gasoline upgrading,2005,,,"['lower coke deposit amount', 'important factors influencing hydroisomerization', 'excellent olefin reduction capability']"
1167,10.1016/j.fuel.2006.06.021,An active and selective production of gasoline-range hydrocarbons over bifunctional Co-based catalysts,2007,,,"['22 supported co catalysts', 'several bifunctional cobalt', 'decreasing aluminum content']"
1168,10.1016/j.fuel.2010.06.001,Characterization of an HZSM-5/MnAPO-11 composite and its catalytic properties in the synthesis of high-octane hydrocarbons from syngas,2010,,,"['results provide new perspectives', 'narrow channels may lead', 'xrd ), n2 adsorption']"
1169,10.1016/j.fuel.2010.11.027,Synthesis of Mo/IM-5 catalyst and its catalytic behavior in methane non-oxidative aromatization,2011,,,"['ring channel system', 'higher benzene selectivity', 'higher methane conversion']"
1170,10.1016/j.fuel.2012.09.046,In situ synthesis of CuSAPO-34/cordierite and its selective catalytic reduction of nitrogen oxides in vehicle exhaust: The effect of HF,2013,,,"['situ hydrothermal synthesis technique', 'simulated diesel vehicle exhaust', '15 vol .% h2o']"
1171,10.1016/j.fuel.2012.10.032,"Сonversion of n-butanol to hydrocarbons over H-ZSM-5, H-ZSM-11, H-L and H-Y zeolites",2013,,,"['fixed bed flow reactor', '55 wt .%', 'liquid fraction obtained']"
1172,10.1016/j.fuel.2013.03.027,A new core–shell-like capsule catalyst with SAPO-46 zeolite shell encapsulated Cr/ZnO for the controlled tandem synthesis of dimethyl ether from syngas,2013,,,"['new core – shell', 'traditional hydrothermal synthesis way', 'new zeolite capsule catalyst']"
1173,10.1016/j.fuel.2013.04.044,"A commercially-viable, one-step process for production of green diesel from soybean oil on Pt/SAPO-11",2013,,,"['375 – 380 c', 'qualified diesel fuel', 'diesel fuel blends']"
1174,10.1016/j.fuel.2014.06.045,Selective catalytic cracking of n-hexane to propylene over hierarchical MTT zeolite,2014,,,"['n2 adsorption – desorption', 'enhanced deactivation resistance compared', 'improved considerably compared']"
1175,10.1016/j.fuel.2014.12.022,Quasi-homogeneous catalytic cracking of JP-10 over high hydrocarbon dispersible nanozeolites,2015,,,"['gaseous products ), compared', 'excellent catalytic performance may', 'higher external surface area']"
1176,10.1016/j.fuel.2015.02.107,"Methanol conversion over SAPO-34 catalysts; Systematic study of temperature, space–time, and initial gel composition on product distribution and stability",2015,,,"['response surface methodology coupled', 'initial propylene yield resulted', 'increasing initial ethylene yield']"
1177,10.1016/j.fuel.2015.08.063,Conversion of vegetable oils on Pt/Al2O3/SAPO-11 to diesel and jet fuels containing aromatics,2015,,,"['42 – 48 wt', 'tentative reactions sequence', 'study addresses specifically']"
1178,10.1016/j.fuel.2015.11.010,Synthesis of flammulina-like mordenite using starch as template and high catalytic performance in crack of wax oil,2016,,,"['hydrothermal method using starch', '70 wt .% vs', 'higher hydrothermal stability']"
1179,10.1016/j.fuel.2015.11.065,Catalytic cracking of Arabian Light VGO over novel zeolites as FCC catalyst additives for maximizing propylene yield,2016,,,"['commercial fcc usy catalyst', 'cat increased catalyst activity', '3 wt .% compared']"
1180,10.1016/j.fuel.2016.03.046,Artificial intelligence modeling of DME conversion to gasoline and light olefins over modified nano ZSM-5 catalysts,2016,,,"['main operating variables affecting', 'appropriate operating conditions', 'corresponding experimental values']"
1181,10.1016/j.fuel.2016.05.019,Bifunctional and bimetallic Fe/ZSM-5 nanocatalysts for methanol to olefin reaction,2016,,,"['high bet surface area', '80 %, respectively ).', 'high silica bifunctional']"
1182,10.1016/j.fuel.2016.05.097,Vacuum gas-oil hydrocracking performance of Beta zeolite obtained by hydrothermal synthesis using carbon nanotubes as mesoporous template,2016,,,"['state nuclear magnetic resonance', 'hydrothermal conditions using multi', 'total bronsted acid sites']"
1183,10.1016/j.fuel.2017.05.043,SAPO-34 zeolite encapsulated Fe3C nanoparticles as highly selective Fischer-Tropsch catalysts for the production of light olefins,2017,,,"['34 zeolite capsule catalyst', 'completely different product distribution', 'shell structure catalyst fe']"
1184,10.1016/j.fuel.2017.06.055,Denitrogenation of biocrude oil from algal biomass in high temperature water and formic acid mixture over H+ZSM-5 nanocatalyst,2017,,,"['liquid fuel recovery', 'high protein content', 'consequently high degree']"
1185,10.1016/j.fuel.2018.02.159,The design of a CZ@H-β-P catalyst with core shell structure and its application in LPG synthesis from syngas,2018,,,"['catalytic reaction process controlled', 'effective catalytic activity compared', 'unique core shell structure']"
1186,10.1016/j.fuel.2018.03.161,Selective catalytic cracking of n-hexane to olefins over SSZ-54 fabricated by facile and novel dual templating method,2018,,,"['higher molecular weighted molecule', 'unique innate pore structure', 'products done using x']"
1187,10.1016/j.fuel.2018.09.093,Aromatization of C5 hydrocarbons over Ga-modified hierarchical HZSM-5 nanosheets,2019,,,"['significantly improved catalytic performance', 'enhanced catalytic activity related', '5 nanosheet catalyst design']"
1188,10.1016/j.fuel.2018.10.094,Production of liquid fuel intermediates from furfural via aldol condensation over potassium-promoted Sn-MFI catalyst,2019,,,"['c c bond coupling', 'besides 4 -( 2', 'liquid fuel intermediates']"
1189,10.1016/j.fuel.2018.10.147,Enhancing the dimethyl ether carbonylation performance over mordenite catalysts by simple alkaline treatment,2019,,,"['enhanced mass transfer efficiency', 'carbonylation performance still remained', 'synthesis modified mor catalysts']"
1190,10.1016/j.fuel.2018.10.148,Hydrogenation of CO2 to light olefins on CuZnZr@(Zn-)SAPO-34 catalysts: Strategy for product distribution,2019,,,"['composite catalysts containing cuznzr', 'reduced contact interface', 'inhibited ch4 formation']"
1191,10.1016/j.fuel.2019.01.013,Metal-acid balance in the in-situ solid synthesized Ni/SAPO-11 catalyst for n-hexane hydroisomerization,2019,,,"['nickel based hydroisomerization catalysts', 'activity per acid site', 'single nickel site']"
1192,10.1016/j.fuel.2019.02.041,Effect of hierarchical ZSM-5 zeolite support on direct transformation from syngas to aromatics over the iron-based catalyst,2019,,,"['prepared via soft template', 'high acidity could increase', 'oil product also increased']"
1193,10.1016/j.fuel.2019.04.079,"Enhanced yield of benzene, toulene, and xylene from the co-aromatization of methane and propane over gallium supported on mesoporous ZSM-5 and ZSM-11",2019,,,"['2 wt %) supported', 'lewis acid site formed', 'tpr analysis indicated']"
1194,10.1016/j.fuel.2019.05.170,Cu/SSZ-13 zeolites prepared by in situ hydrothermal synthesis method as NH3-SCR catalysts: Influence of the Si/Al ratio on the activity and hydrothermal properties,2019,,,"['situ hydrothermal synthesis method', 'situ drifts indicate', 'total pore volume']"
1195,10.1016/j.fuel.2019.115953,Influences of metal-modification and lamellar zeolite structure on ethylene to liquid aromatics conversion reaction using MFI catalysts,2019,,,"['microporous commercial mfi analogies', 'meso -/ microporous structure', 'metal dopant species forming']"
1196,10.1016/j.fuel.2019.116034,"The role of acidity, side pocket, and steam on maximizing propylene yield from light naphtha cracking over one-dimensional zeolites: Case studies of EU-1 and disordered ZSM-48",2019,,,"['reaction caused considerable changes', '48 showed good enhancement', 'highest propylene yield achieved']"
1197,10.1016/j.fuel.2020.117217,Catalytic upgrading of coal pyrolysis volatiles by Ga-substituted mesoporous ZSM-5,2020,,,"['hierarchical meso -/ microporosity', 'rank coal fast pyrolysis', 's1 ), mesoporous zsm']"
1198,10.1016/j.fuel.2020.117286,Synthesis of ZSM-5 using different silicon and aluminum sources nature for catalytic conversion of lignite pyrolysis volatiles to light aromatics,2020,,,"['synthesized using different silicon', 'excessive acidity may cause', 'cause excellent btexn yield']"
1199,10.1016/j.fuel.2020.117717,The hydroisomerization of n-hexane over highly selective Pd/ZSM-22 bifunctional catalysts: The improvements of metal-acid balance by room temperature electron reduction method,2020,,,"['conventional hydrogen reduction methods', '90 )- c catalyst', 'room temperature electron reduction']"
1200,10.1016/j.fuel.2020.117859,Ni/hierarchical ZSM-5 zeolites as promising systems for phenolic bio-oil upgrading: Guaiacol hydrodeoxygenation,2020,,,"['seed directing crystalline process', 'nickel particle size', 'strong acid sites']"
1201,10.1016/j.fuproc.2007.12.014,Selective cracking of natural gasoline over HZSM-5 zeolite,2008,,,"['surface response methodology', 'product distribution using', 'low catalyst weight']"
1202,10.1016/j.fuproc.2009.12.003,Differences between ZSM-5 and ZSM-11 zeolite catalysts in 1-hexene aromatization and isomerization,2010,,,"['continuous flow fixed bed', 'present superior aromatics selectivity', 'acid sites belong']"
1203,10.1016/j.fuproc.2012.03.015,Comparative studies of ethanol to propylene over HZSM-5/SAPO-34 catalysts prepared by hydrothermal synthesis and physical mixture,2013,,,"['25 molar ratio', 'n ), respectively', 'different reaction conditions']"
1204,10.1016/j.fuproc.2012.10.017,Catalytic cracking of C5 raffinate to light olefins over lanthanum-containing phosphorous-modified porous ZSM-5: Effect of lanthanum content,2013,,,"['maximum light olefin production', 'modified porous zsm', 'al atomic ratio']"
1205,10.1016/j.fuproc.2013.02.014,Carbon dioxide removal from methane by using polysulfone/SAPO-44 mixed matrix membranes,2013,,,"['membrane based process practiced', 'offer dramatic improvement', 'natural gas refining']"
1206,10.1016/j.fuproc.2013.08.009,Carbon dioxide separation using asymmetric polysulfone mixed matrix membranes incorporated with SAPO-34 zeolite,2014,,,"['even without strong binding', '5 – 30wt .%)', 'high co2 adsorption affinity']"
1207,10.1016/j.fuproc.2014.01.021,Catalytic cracking of heavy naphtha-range hydrocarbons over different zeolites structures,2014,,,"['kinetic modeling studies indicated', '4 wt .%, respectively', '4 wt .% vs']"
1208,10.1016/j.fuproc.2014.09.006,Hydrothermal treatment on ZSM-5 extrudates catalyst for methanol to propylene reaction: Finely tuning the acidic property,2015,,,"['12 percentage point rise', 'hierarchical porous structure due', 'extrudates catalyst contains substantially']"
1209,10.1016/j.fuproc.2014.10.001,Tunable isoparaffin and olefin synthesis in Fischer–Tropsch synthesis achieved by composite catalyst,2015,,,"['present catalyst increased significantly', 'main fts products due', 'c5 – 11 hydrocarbons']"
1210,10.1016/j.fuproc.2016.05.041,Performance of CuO–ZnO–ZrO2 and CuO–ZnO–MnO as metallic functions and SAPO-18 as acid function of the catalyst for the synthesis of DME co-feeding CO2,2016,,,"['higher co2 sequestration capacity', 'provide higher dme yield', 'lower preparation cost']"
1211,10.1016/j.fuproc.2016.05.046,Pore fabrication of nano-ZSM-5 zeolite by internal desilication and its influence on the methanol to hydrocarbon reaction,2017,,,"['still well maintained', 'forming bigger cavities', 'external surface area']"
1212,10.1016/j.fuproc.2016.07.019,,2016,,,
1213,10.1016/j.fuproc.2017.01.050,"Catalytic cracking of vacuum gasoil over -SVR, ITH, and MFI zeolites as FCC catalyst additives",2017,,,"['large size crystals enhanced', 'small size crystals due', '8 wt %, respectively']"
1214,10.1016/j.fuproc.2017.05.018,Preparation of composite zeolites in polymer hydrogels and their catalytic performances in the methanol-to-olefin reaction,2017,,,"['composite zeolite prepared without', 'composite zeolite obtained', 'total acid sites']"
1215,10.1016/j.fuproc.2017.08.020,ZSM-5 extrudates modified with phosphorus as a super effective MTP catalyst: Impact of the acidity on binder,2017,,,"['impregnation using phosphoric acid', 'various mass concentration', 'lewis acid sites']"
1216,10.1016/j.fuproc.2018.08.010,The influence of hydrothermal crystallization temperature on a novel FDU-12 mesoporous composite assembled by ZSM-5 nanoclusters and its hydrodesulfurization performance for DBT and FCC diesel,2018,,,"['largest specific surface area', 'situ assembly crystallization method', '110 degc catalyst achieved']"
1217,10.1016/j.fuproc.2019.03.029,"Nanocrystal H[Fe, Al]ZSM-5 zeolites with different silica-alumina composition for conversion of dimethyl ether to gasoline",2019,,,"['maximum b acid amount', 'based acid sites', 'scanning electron microscope']"
1218,10.1016/j.fuproc.2019.106122,Si/Al ratio induced structure evolution during desilication-recrystallization of silicalite-1 to synthesize nano-ZSM-5 catalyst for MTH reaction,2019,,,"['acid strength also enhanced', '91 mmol g', '66 mmol g']"
1219,10.1016/j.gee.2020.10.024,Efficient transesterification over two-dimensional zeolites for sustainable biodiesel production,2020,,,"['unique merits including safety', 'fatty acids monoalkyl esters', 'attracted increasing attention worldwide']"
1220,10.1016/j.ijggc.2013.01.032,Thin zeolite T/carbon composite membranes supported on the porous alumina tubes for CO2 separation,2013,,,"['equimolar mixed gas system', 'mixed gases permeation properties', 'high purity n2 flowing']"
1221,10.1016/j.ijhydene.2007.08.009,Hydrogen storage in several microporous zeolites,2007,,,"['experimental data showed', 'suitable diameter near', 'kinetic diameter']"
1222,10.1016/j.ijhydene.2008.08.066,Effects of sulfonated polyether-etherketone (SPEEK) and composite membranes on the proton exchange membrane fuel cell (PEMFC) performance,2009,,,"['zeolite beta filled speek', 'zeolite beta fillers', 'electrochemical impedance spectroscopy']"
1223,10.1016/j.ijhydene.2014.06.159,Highly H2 permeable SAPO-34 membranes by steam-assisted conversion seeding,2014,,,"['prevent small seeds penetrating', 'perfect seed layer', 'compact seed layer']"
1224,10.1016/j.ijhydene.2017.09.127,Deposition of TS-1 zeolite film on palladium membrane for enhancement of membrane stability,2017,,,"['palladium membrane effectively protected', 'tolerate 30 cycles', 'therefore greatly enhanced']"
1225,10.1016/j.ijhydene.2018.10.111,H2 adsorption on Cu(I)-ZSM-5: Exploration of Cu(I)-exchange in solution,2019,,,"['dependent differential adsorption heats', 'al ratios surpassing 0', 'cations without impurities']"
1226,10.1016/j.ijhydene.2019.04.224,Synthesis of Fe-ZSM-23 zeolite and its catalytic performance for the isomerization of n-dodecane,2019,,,"['synthesized via hydrothermal synthesis', 'transition metal atoms', 'zeolites loading 0']"
1227,10.1016/j.ijhydene.2019.07.038,Fast synthesis of thin high silica SSZ-13 zeolite membrane using oil-bath heating,2019,,,"['high permeance mainly comes', 'prepared using oven heating', 'minimized thermal exposure time']"
1228,10.1016/j.ijpharm.2020.119117,Calcium zeolites as intelligent carriers in controlled release of bisphosphonates,2020,,,"['skeletal system diseases ).', 'theoretical assumptions presented', 'release may take']"
1229,10.1016/j.inoche.2013.11.010,The first zeolitic pure germanate built up from the four-memberedring—CCUT-9 showing high surface area,2014,,,
1230,10.1016/j.jallcom.2008.11.082,Study on adsorption of N2 and O2 by magnesium (II)-exchanged zeolite A,2009,,,"['ray powder diffraction analysis', 'ii )- exchanged zeolite', 'highest n2 adsorption capacity']"
1231,10.1016/j.jallcom.2009.02.010,Hydrogen sorption in transition metal modified NaETS-4,2009,,,"['transition metal hydrides inside', 'transition metal modified naets', 'highest hydrogen adsorption capacity']"
1232,10.1016/j.jallcom.2011.08.071,The assembly of ZSM-5 layer on Mg–Li alloy by hot-pressing using silane coupling agent as bond and its corrosion resistance,2012,,,"['zeolite socony mobile', 'using silane coupling', 'hexagon crystals appeared']"
1233,10.1016/j.jallcom.2013.01.041,Mordenite encapsulated with Pt–TiO2: Characterization and applications for photocatalytic degradation of direct blue dye,2013,,,"['xrd ), ultraviolet', 'surface area measurement', 'characterized using x']"
1234,10.1016/j.jallcom.2016.12.046,Study on the synthesis of FER and SOD in the presence of ethylene glycol and the oxidation transformation of ethylene glycol in a confined region of zeolites,2017,,,"['multinuclear mas nmr spectroscopy', 'xrd ), infrared spectra', '13c nmr spectra data']"
1235,10.1016/j.jallcom.2017.08.075,Assembly of hollow CeO2@Fe-ZSM-5 and SCR performance,2017,,,"['large specific surface area', 'raised attention due', 'enhanced significantly compared']"
1236,10.1016/j.jallcom.2018.03.232,Study on the oxidation transformation of cyclohexylamine in a confined region of zeolites and their adsorption for Ni (II) from aqueous solution,2018,,,"['xrd ), infrared spectra', 'ir ), raman spectra', '13c mas nmr spectroscopy']"
1237,10.1016/j.jallcom.2018.12.181,Synthesis of carbon nanodots in zeolite SAPO-46 channels for Q-switched fiber laser generation,2019,,,"['gained much attention due', '980 nm laser diode', 'doped fiber laser']"
1238,10.1016/j.jare.2017.08.002,Electrochemical sensor based on low silica X zeolite modified carbon paste for carbaryl determination,2017,,,"['differential pulse voltammetric parameters', 'sensors showed good selectivity', 'various experimental parameters']"
1239,10.1016/j.jcat.2003.11.001,1-Pentene epoxidation in catalytic microfabricated reactors,2004,,,"['sufficient zeolite film thickness', '1 catalyst wall coatings', 'zeolite film morphology']"
1240,10.1016/j.jcat.2003.11.012,Dynamics of N2O decomposition over HZSM-5 with low Fe content,2004,,,"['irreversible water vapor adsorption', 'two main steps', 'stoichiometric amounts starts']"
1241,10.1016/j.jcat.2004.04.004,Factors affecting isomer yield for n-heptane hydroisomerization over as-synthesized and dealuminated zeolite catalysts loaded with platinum,2004,,,"['provide isomer yields approaching', 'significantly higher isomer yield', 'optimized enhanced activity catalyst']"
1242,10.1016/j.jcat.2004.05.018,Investigation of inverse shape selectivity in alkane adsorption on SAPO-5 zeolite using the tracer chromatography technique,2004,,,"['exhibit inverse shape selectivity', 'higher adsorption enthalpy compared', 'inverse shape selectivity']"
1243,10.1016/j.jcat.2004.05.029,The effect of dealumination on the apparent and actual rates of aromatization of methane over MFI-supported molybdenum catalysts,2004,,,"['low vapor pressure leading', 'low methane partial pressure', 'surface dealuminated zeolite resulted']"
1244,10.1016/j.jcat.2004.05.037,Chemo- and regioselective Meerwein–Ponndorf–Verley and Oppenauer reactions catalyzed by Al-free Zr-zeolite beta,2004,,,"['zr active sites within', 'zeolite beta pore channels', 'lewis acid sites']"
1245,10.1016/j.jcat.2004.06.014,Benzene hydroxylation over FeZSM-5 catalysts: which Fe sites are active?,2004,,,"['co oxidation seem also', 'sites within fe2o3 nanoparticles', 'surface atomic oxygen']"
1246,10.1016/j.jcat.2004.07.025,Isopropylation of benzene with 2-propanol over AFI aluminophosphate molecular sieves substituted with alkaline earth metal,2004,,,"['molecular modeling studies reveal', 'ip ), space velocity', 'molecular sieves partly substituted']"
1247,10.1016/j.jcat.2004.09.001,A novel titanosilicate with MWW structure: Catalytic properties in selective epoxidation of diallyl ether with hydrogen peroxide,2004,,,"['reusable catalyst standing', 'catalyst amounts confirmed', 'allyl glycidyl ether']"
1248,10.1016/j.jcat.2004.11.040,Hydroisomerization of C6 with a zeolite membrane reactor,2005,,,"['sweep gas flow rate', 'h2 sweep 50 ml', 'upgrading octane values']"
1249,10.1016/j.jcat.2005.06.007,NOx adsorption over a wide temperature range on Na-ZSM-5 films,2005,,,"['three different ranges', 'situ infrared spectroscopy', 'residual hydroxyl groups']"
1250,10.1016/j.jcat.2005.11.021,Highly efficient catalytic conversion of chloromethane to light olefins over HSAPO-34 as studied by catalytic testing and in situ FTIR,2006,,,"['situ fourier transform infrared', 'ir studies also reveal', 'detailed ir investigation allowed']"
1251,10.1016/j.jcat.2005.11.038,Direct synthesis of a 9×10 mathContainer Loading Mathjax member ring zeolite (Al-ITQ-13): A highly shape-selective catalyst for catalytic cracking,2006,,,"['pore zeolite containing 9', 'strong electric field gradient', 'smaller pore dimensions']"
1252,10.1016/j.jcat.2006.01.020,A shape-selective catalyst for epoxidation of cyclic olefins: The nanoporous nickel phosphate VSB-5,2006,,,"['catalytic activity also indicates', 'cyclooctene using hydrogen peroxide', 'porous nickel phosphate vsb']"
1253,10.1016/j.jcat.2006.02.020,Bifunctional catalytic isomerization of decane over MTT-type aluminosilicate zeolite crystals with siliceous rim,2006,,,"['pore mouth catalysis model', 'microkinetic model developed previously', 'catalytically much less active']"
1254,10.1016/j.jcat.2006.04.008,"Selective Meerwein–Ponndorf–Verley reduction of α,β mathContainer Loading Mathjax-unsaturated aldehydes over Zr-zeolite beta",2006,,,"['seeded synthesis using hf', '27al nmr spectra showed', 'pyridine adsorption studies']"
1255,10.1016/j.jcat.2006.04.036,Discovery of a new catalytically active and selective zeolite (ITQ-30) by high-throughput synthesis techniques,2006,,,"['wide range', 'throughput syntheses', 'sequential design']"
1256,10.1016/j.jcat.2006.05.012,"[V,Al]-MCM-22: A novel acid/redox bifunctional molecular sieve",2006,,,"['propane provided promising results', 'v4 +/ v5', 'preliminary catalytic tests']"
1257,10.1016/j.jcat.2006.07.003,Synthesis and catalytic properties of a new titanosilicate molecular sieve with the structure analogous to MWW-type lamellar precursor,2006,,,"['strong peak around 6', '29si mas nmr techniques', '1 showed high activity']"
1258,10.1016/j.jcat.2006.07.028,Selective formation of para-xylene over H-ZSM-5 coated with polycrystalline silicalite crystals,2006,,,"['also prevented catalyst deactivation', 'repeated hydrothermal synthesis', 'increased diffusional length']"
1259,10.1016/j.jcat.2007.02.007,Method for the in situ preparation of a single layer of zeolite Beta crystals on a molybdenum substrate for microreactor applications,2007,,,"['220 mmol c2h3n g', '50 vs 100 nm', 'internal al2o3 film protects']"
1260,10.1016/j.jcat.2007.12.003,"Synthesis methodology, stability, acidity, and catalytic behavior of the 18×10 mathContainer Loading Mathjax member ring pores ITQ-33 zeolite",2008,,,"['finally synthesizing pure itq', 'largest pores reported', 'flexible organic structure']"
1261,10.1016/j.jcat.2008.02.018,Highly efficient epoxidation of propylene to propylene oxide over TS-1 using urea + hydrogen peroxide as oxidizing agent,2008,,,"['superoxo species led', 'epr results showed', '1 /( u']"
1262,10.1016/j.jcat.2008.04.023,Epoxidation of propylene with H2 and O2 in the explosive regime in a packed-bed catalytic membrane reactor,2008,,,"['bed catalytic membrane reactor', 'membrane reactor allowed', 'highly dispersed au']"
1263,10.1016/j.jcat.2008.06.019,Selective production of propylene from methanol: Mesoporosity development in high silica HZSM-5,2008,,,"['newly created open mesopores', 'low bronsted acidity', 'soft template route']"
1264,10.1016/j.jcat.2009.01.001,Synthesis and characterization of mesoporous mordenite,2009,,,"['mesopores benefited molecule transport', 'much higher catalytic activity', 'give real mesoporous mordenite']"
1265,10.1016/j.jcat.2009.03.009,Product shape selectivity dominates the Methanol-to-Olefins (MTO) reaction over H-SAPO-34 catalysts,2009,,,"['unlabeled methylbenzenes showed', 'observations clearly demonstrate', 'isotopic switch experiments']"
1266,10.1016/j.jcat.2009.04.009,One-step synthesis of H–β zeolite-enwrapped Co/Al2O3 Fischer–Tropsch catalyst with high spatial selectivity,2009,,,"['shell structure without pinholes', 'pellet surface due', 'mean pore size']"
1267,10.1016/j.jcat.2009.06.016,"Intermolecular condensation of ethylenediamine to 1,4-diazabicyclo[2,2,2]octane over TS-1 catalysts",2009,,,"['took place mainly inside', 'acid sites located near', 'various titanosilicate catalysts']"
1268,10.1016/j.jcat.2009.06.017,"Synthesis, characterization, and catalytic properties of H-Al-YNU-1 and H-Al-MWW with different Si/Al ratios",2009,,,"['enlarged pore opening connected', 'pore opening intermediate', 'large pore opening']"
1269,10.1016/j.jcat.2009.08.012,The benefit of multipore zeolites: Catalytic behaviour of zeolites with intersecting channels of different sizes for alkylation reactions,2009,,,"['8x10x12mr pores ),', '12x12mr channels ),', 'intersecting channels']"
1270,10.1016/j.jcat.2010.02.004,Tailoring the mesopore structure of HZSM-5 to control product distribution in the conversion of propanal,2010,,,"['isopropylamine temperature programmed desorption', 'butane diffusivity measurements confirmed', 'improved upon desilication due']"
1271,10.1016/j.jcat.2010.03.014,Hierarchical SAPO-5 catalysts active in acid-catalyzed reactions,2010,,,"['much less acidic materials', 'hydrothermally synthesized using', 'bronsted acid sites']"
1272,10.1016/j.jcat.2010.09.008,Catalytic properties in polyolefin cracking of hierarchical nanocrystalline HZSM-5 samples prepared according to different strategies,2010,,,"['external surface areas ranging', '70 %, mostly c3', 'standard nanocrystalline sample used']"
1273,10.1016/j.jcat.2010.12.010,Shape-selective synthesis of methylamines over the RRO zeolite Al-RUB-41,2011,,,"['rro topology contains 8', 'thermodynamically favored trimethylamine product', 'aluminated material catalyze']"
1274,10.1016/j.jcat.2011.01.019,Investigation into the shape selectivity of zeolite catalysts for biomass conversion,2011,,,"['polycyclic aromatics may form', 'moderate internal pore space', 'internal pore space']"
1275,10.1016/j.jcat.2011.02.007,Acidic and catalytic properties of hierarchical zeolites and hybrid ordered mesoporous materials assembled from MFI protozeolitic units,2011,,,"['results obtained clearly indicate', 'different base probe molecules', 'assembling around surfactant micelles']"
1276,10.1016/j.jcat.2011.08.007,Core/shell-structured Al-MWW@B-MWW zeolites for shape-selective toluene disproportionation to para-xylene,2011,,,"['bronsted acid sites located', 'acid sites within channels', 'selective acid sites']"
1277,10.1016/j.jcat.2011.09.037,Alkylphosphonic acid- and small amine-templated synthesis of hierarchical silicoaluminophosphate molecular sieves with high isomerization selectivity to di-branched paraffins,2012,,,"['relatively large hydrocarbon molecules', 'much higher external surface', 'suitable bronsted acid strength']"
1278,10.1016/j.jcat.2011.12.021,Catalytic performance of H-β nanozeolite microspheres in one-pot dynamic kinetic resolution of aromatic sec-alcohols,2012,,,"['shorter microporous channels reduce', 'racemic 1 -( 1', 'abundant accessible active sites']"
1279,10.1016/j.jcat.2011.12.023,Multilayer structured MFI-type titanosilicate: Synthesis and catalytic properties in selective epoxidation of bulky molecules,2012,,,"['reactions involving bulky alkenes', 'various bulky alkenes', 'si molar ratio']"
1280,10.1016/j.jcat.2012.07.011,"TNU-9, a new zeolite for the selective catalytic reduction of NO: An in situ X-ray absorption spectroscopy study",2012,,,"['operating conditions using x', 'known highly active zeolites', 'exchanged zeolites previously studied']"
1281,10.1016/j.jcat.2012.07.016,"Impact of cationic surfactant chain length during SAPO-11 molecular sieve synthesis on structure, acidity, and n-octane isomerization to di-methyl hexanes",2012,,,"['water – propanol system', 'largest external surface area', 'lowest cracking selectivity due']"
1282,10.1016/j.jcat.2012.10.022,The importance of channel intersections in the catalytic performance of high silica stilbite,2013,,,"['making high silica stilbite', 'chevron recently discovered', 'multidimensional channel systems']"
1283,10.1016/j.jcat.2012.11.004,H-SAPO-5 as methanol-to-olefins (MTO) model catalyst: Towards elucidating the effects of acid strength,2013,,,"['first direct experimental evidence', 'c3 – c5 alkenes', 'various contact times revealed']"
1284,10.1016/j.jcat.2012.11.028,Hierarchical zeolite FeZSM-5 as a heterogeneous Fenton-type catalyst,2013,,,"['resolution transmission electron microscopies', '437 – 613 m2', '20 – 300 nm']"
1285,10.1016/j.jcat.2012.12.017,Molecular shape-selectivity of MFI zeolite nanosheets in n-decane isomerization and hydrocracking,2013,,,"['short diffusion path across', 'bulk mfi zeolite crystals', 'mfi nanosheets display transition']"
1286,10.1016/j.jcat.2013.01.017,IZM-2: A promising new zeolite for the selective hydroisomerization of long-chain n-alkanes,2013,,,"['hydrocracking test reaction suggests', 'pore architecture using', 'performed using 1']"
1287,10.1016/j.jcat.2013.01.023,Identification of Fe2(μ-O) and Fe2(μ-O)2 sites in Fe/ZSM-35 by in situ resonance Raman spectroscopy,2013,,,"['57fe mossbauer spectra suggest', '1 upon n2o reacts', 'soluble methane monooxygenase']"
1288,10.1016/j.jcat.2013.02.001,Two-stage surfactant-assisted crystallization for enhancing SAPO-11 acidity to improve n-octane di-branched isomerization,2013,,,"['assisted crystallization opens', 'optimal dotab content', 'sapo molecular sieves']"
1289,10.1016/j.jcat.2013.02.015,n-Heptane hydroisomerization over Pt/MFI zeolite nanosheets: Effects of zeolite crystal thickness and platinum location,2013,,,"['short diffusion path lengths', 'various crystal thicknesses ranging', 'decreasing zeolite crystal thickness']"
1290,10.1016/j.jcat.2013.03.019,Nano-crystallite oriented self-assembled ZSM-5 zeolite and its LDPE cracking properties: Effects of accessibility and strength of acid sites,2013,,,"['synchronously maintain large amount', 'induced method within 1', 'crystalline zeolite mfi nano']"
1291,10.1016/j.jcat.2013.05.025,Catalytic applications of OSDA-free Beta zeolite,2013,,,"['reactive olefins like propene', 'organic structure directing agents', 'high framework polarity resulted']"
1292,10.1016/j.jcat.2013.05.034,Tailoring zeolite morphology by Charge Density Mismatch for aromatics processing,2013,,,"['thin plate morphologies favorable', 'decreased diffusion path length', 'significantly impact aromatic alkylation']"
1293,10.1016/j.jcat.2013.06.016,Monosaccharide and disaccharide isomerization over Lewis acid sites in hydrophobic and hydrophilic molecular sieves,2013,,,"['per total metal atom', 'lactose – lactulose', 'initial turnover rates']"
1294,10.1016/j.jcat.2013.07.028,Opportunities for selective catalysis within discrete portions of zeolites: The case for SSZ-57LP,2013,,,"['novel catalyst system due', 'large pore space within', 'achieved using zeolite ssz']"
1295,10.1016/j.jcat.2013.08.021,Distinctions of hydroxylamine formation and decomposition in cyclohexanone ammoximation over microporous titanosilicates,2014,,,"['three typical microporous titanosilicates', 'showed low catalytic activity', 'achieving high hydroxylamine yields']"
1296,10.1016/j.jcat.2013.10.017,Influence of lattice stability on hydrothermal deactivation of Cu-ZSM-5 and Cu-IM-5 zeolites for selective catalytic reduction of NOx by NH3,2014,,,"['less susceptible towards dealumination', 'overall hydrothermal deactivation behaviour', 'cu – al clusters']"
1297,10.1016/j.jcat.2013.12.004,Differences in the methanol-to-olefins reaction catalyzed by SAPO-34 with dimethyl ether as reactant,2014,,,"['lower methanol partial pressure', 'low methanol partial pressure', 'higher methanol partial pressure']"
1298,10.1016/j.jcat.2014.02.007,Catalytic dehydrogenation of propane over iron-silicate zeolites,2014,,,"['xrd ), n', 'ray powder diffraction', 'monomolecular propane reaction']"
1299,10.1016/j.jcat.2014.03.006,Verifying the mechanism of the ethene-to-propene conversion on zeolite H-SSZ-13,2014,,,"['1h mas nmr methods', 'ring windows possessed', 'microporous molecular sieves']"
1300,10.1016/j.jcat.2014.06.024,Acid and redox activity of template-free Al-rich H-BEA* and Fe-BEA* zeolites,2014,,,"['uv – vis spectroscopy', '29si mas nmr spectroscopy', 'fe – oxo species']"
1301,10.1016/j.jcat.2014.08.005,"Direct synthesis design of Cu-SAPO-18, a very efficient catalyst for the SCR of NOx",2014,,,"['structure directing agents allowed', 'physicochemical characterization techniques show', 'isolated si species']"
1302,10.1016/j.jcat.2014.09.001,Cooperative effects of secondary mesoporosity and acid site location in Pt/SAPO-11 on n-dodecane hydroisomerization selectivity,2014,,,"['present results clearly showed', 'two different methods', 'hydrocarbon diffusion via']"
1303,10.1016/j.jcat.2014.09.002,Catalytic conversion of dimethyl ether into propylene over MCM-68 zeolite,2014,,,"['also widely controllable', 'acid site distribution', '68 zeolite catalysts']"
1304,10.1016/j.jcat.2014.10.010,Investigation of the reaction kinetics of isolated Lewis acid sites in Beta zeolites for the Meerwein–Ponndorf–Verley reduction of methyl levulinate to γ-valerolactone,2014,,,"['sn -, zr -,', 'single lewis acid site', 'lower apparent activation energies']"
1305,10.1016/j.jcat.2014.11.010,Improvement of low-temperature hydrothermal stability of Cu/SAPO-34 catalysts by Cu2+ species,2015,,,"['textural characterization results showed', 'reduced scr reaction rates', 'structure protective agent']"
1306,10.1016/j.jcat.2014.12.003,"Catalytic reactions enhanced under microwave-induced local thermal non-equilibrium in a core–shell, carbon-filled zeolite@zeolite",2015,,,"['extremely different dielectric losses', 'core generated much heat', 'core – shell structure']"
1307,10.1016/j.jcat.2015.03.001,An insight into crystal morphology-dependent catalytic properties of MOR-type titanosilicate in liquid-phase selective oxidation,2015,,,"['membered ring main channels', 'l2 ), turnover number', '78 mmol g 1']"
1308,10.1016/j.jcat.2015.04.030,Insights into the key to highly selective synthesis of oxime via ammoximation over titanosilicates,2015,,,"['various chemical activities could', 'could control product selectivity', 'diffusional restriction could lower']"
1309,10.1016/j.jcat.2015.05.025,Conversion of methanol to olefins: Stabilization of nanosized SAPO-34 by hydrothermal treatment,2015,,,"['20 nm crystal size', 'p 550 c ),', 'larger silicon islands']"
1310,10.1016/j.jcat.2015.06.013,Visible-light-responsive sulfated vanadium-doped TS-1 with hollow structure: Enhanced photocatalytic activity in selective oxidation of cyclohexane,2015,,,"['responsive hollow sulfated v', 'transmission electron microscopy', 'tetrahedral ti4 +).']"
1311,10.1016/j.jcat.2015.07.010,Catalytic decomposition of N2O over Fe-ZSM-11 catalysts prepared by different methods: Nature of active Fe species,2015,,,"['large iron oxide particles', 'catalyst prepared using alkaline', 'wet ion exchange']"
1312,10.1016/j.jcat.2015.07.027,Synthesis and characterization of the Fe-substituted ZSM-22 zeolite catalyst with high n-dodecane isomerization performance,2015,,,"['higher monobranched isomer selectivity', 'uv – vis', 'smaller crystal size']"
1313,10.1016/j.jcat.2015.09.006,Platinum nanoparticles entrapped in zeolite nanoshells as active and sintering-resistant arene hydrogenation catalysts,2015,,,"['mass transfer properties owing', '5 hollow single crystals', 'totally inactive due']"
1314,10.1016/j.jcat.2015.10.007,Unprecedented propane–SCR-NOx activity over template-free synthesized Al-rich Co-BEA∗ zeolite,2015,,,"['six times increased tof', 'alo4 facing different channels', 'rich bea ⁄, results']"
1315,10.1016/j.jcat.2015.10.010,Al-rich beta zeolites. Distribution of Al atoms in the framework and related protonic and metal-ion species,2016,,,"['uv – vis spec', 'dft molecular dynamic calculations', 'potential catalytic active sites']"
1316,10.1016/j.jcat.2015.10.011,Improvement of catalytic performance of MCM-22 in the cracking of n-hexane by controlling the acidic property,2016,,,"['acid sites within supercages', 'similar acid amounts', 'nitric acid treatment']"
1317,10.1016/j.jcat.2015.12.009,"Synthesis, characterization and isomerization performance of micro/mesoporous materials based on H-ZSM-22 zeolite",2016,,,"['total acid sites', 'side cracking reactions', 'cetyltrimethylammonium bromide template']"
1318,10.1016/j.jcat.2015.12.024,Titration and quantification of open and closed Lewis acid sites in Sn-Beta zeolites that catalyze glucose isomerization,2016,,,"['initial glucose isomerization rates', 'integrated molar extinction coefficients', 'lewis acidic al sites']"
1319,10.1016/j.jcat.2016.01.028,In-depth understanding of acid catalysis of solvolysis of propene oxide over titanosilicates and titanosilicate/H2O2 systems,2016,,,"['ti – ooh species', 'order ti – ooh', 'centers ti – oh']"
1320,10.1016/j.jcat.2016.01.030,Design and synthesis of the basic Cu-doped zeolite X catalyst with high activity in oxidative coupling reactions,2016,,,"['4 – 21 %),', 'x catalyst could favor', 'therefore greatly improving']"
1321,10.1016/j.jcat.2016.02.029,"Ni2P clusters on zeolite nanosheet assemblies with high activity and good stability in the hydrodesulfurization of 4,6-dimethyldibenzothiophene",2016,,,"['developing highly active hydrodesulfurization', 'crystalline mordenite nanosheet assemblies', 'large external surface area']"
1322,10.1016/j.jcat.2016.02.032,Irreversible deactivation of hollow TS-1 zeolite caused by the formation of acidic amorphous TiO2–SiO2 nanoparticles in a commercial cyclohexanone ammoximation process,2016,,,"['fast h2o2 decomposition reaction', 'commercial deactivated hts zeolite', 'spectroscopic characterization results']"
1323,10.1016/j.jcat.2016.05.022,The role of pore diffusion in determining NH3 SCR active sites over Cu/SAPO-34 catalysts,2016,,,"['nox selective catalytic reduction', 'varying zeolite particle sizes', 'pore diffusion regime rather']"
1324,10.1016/j.jcat.2016.07.020,Selective synthesis of propylene oxide through liquid-phase epoxidation of propylene with H2O2 over formed Ti-MWW catalyst,2016,,,"['weight hourly space velocity', 'fluorine implantation remarkably enhanced', 'deposited inside zeolite micropores']"
1325,10.1016/j.jcat.2016.09.005,Effect of surface modification with silica on the structure and activity of Pt/ZSM-22@SiO2 catalysts in hydrodeoxygenation of methyl palmitate,2017,,,"['transmission electron microscopy demonstrated', 'much higher cetane numbers', 'fourier transform infrared spectroscopy']"
1326,10.1016/j.jcat.2016.09.007,Oriented control of Al locations in the framework of Al-Ge-ITQ-13 for catalyzing methanol conversion to propene,2016,,,"['al content remarkably increased', 'influenced acid site distribution', 'acid site distribution']"
1327,10.1016/j.jcat.2016.12.003,Implications of methanol disproportionation on catalyst lifetime for methanol-to-olefins conversion by HSSZ-13,2017,,,"['methanol partial pressure local', 'inlet methanol partial pressure', 'increasing methanol partial pressure']"
1328,10.1016/j.jcat.2017.01.015,Effect of lanthanum species on the physicochemical properties of La/SAPO-11 molecular sieve,2017,,,"['lapo4 preserves framework structure', 'lanthanum ions protect framework', 'synthesized via one']"
1329,10.1016/j.jcat.2017.04.015,Structure–deactivation relationships in zeolites during the methanol–to-hydrocarbons reaction: Complementary assessments of the coke content,2017,,,"['characterized using nitrogen adsorption', 'bet surface area decrease', 'fixed bed reactor']"
1330,10.1016/j.jcat.2017.04.031,Sn-Beta zeolite hydrothermally synthesized via interzeolite transformation as efficient Lewis acid catalyst,2017,,,"['relatively small crystal size', 'excellent diffusion properties resulting', 'moderately reducing reaction time']"
1331,10.1016/j.jcat.2017.05.021,A novel route to synthesize SAPO-11 molecular sieves with a high external surface area in the presence of ethylene glycol and supercritical carbon dioxide for 1-octene hydroisomerization to dimethylhexanes,2017,,,"['superior dibranched isomer selectivity', 'larger external surface area', '11 possesses smaller particles']"
1332,10.1016/j.jcat.2017.05.024,Size effect of TS-1 supports on the catalytic performance of PtSn/TS-1 catalysts for propane dehydrogenation,2017,,,"['supported noble metal catalysts', 'conventional supported catalysts', 'whereby diffusion hinders']"
1333,10.1016/j.jcat.2017.06.026,Al distribution and catalytic performance of ZSM-5 zeolites synthesized with various alcohols,2017,,,"['constraint index value', '27al mas nmr', 'long catalytic life']"
1334,10.1016/j.jcat.2017.07.032,UV resonance Raman spectroscopic insight into titanium species and structure-performance relationship in boron-free Ti-MWW zeolite,2017,,,"['highly efficient titanosilicate zeolites', 'relatively hydrophilic framework ti', 'active framework tio4 species']"
1335,10.1016/j.jcat.2017.12.002,One-pot synthesis of ethylene glycol by oxidative hydration of ethylene with hydrogen peroxide over titanosilicate catalysts,2018,,,"['highest eg yield together', 'h2o catalytic system showed', 'mor ), solvent']"
1336,10.1016/j.jcat.2017.12.015,"CoMo catalyst on zeolite TS-1 nanorod assemblies with high activity in the hydrodesulfurization of 4,6-dimethyldibenzothiophene",2018,,,"['large nanoporous surface area', '2 mmol [?] g', 'shorter mos2 phase']"
1337,10.1016/j.jcat.2017.12.024,Crystal-plane effects of MFI zeolite in catalytic conversion of methanol to hydrocarbons,2018,,,"['axis length 60 nm', 'small molecules randomly diffused', 'anisotropic diffusion behavior influenced']"
1338,10.1016/j.jcat.2018.01.025,"High-performance thin-felt SS-fiber@HZSM-5 catalysts synthesized via seed-assisted vapor phase transport for methanol-to-propylene reaction: Effects of crystal size, mesoporosity and aluminum uniformity",2018,,,"['silica one makes', 'higher mesopore volume', 'high propylene selectivity']"
1339,10.1016/j.jcat.2018.01.032,Selective conversion of acetone to isobutene and acetic acid on aluminosilicates: Kinetic coupling between acid-catalyzed and radical-mediated pathways,2018,,,"['mechanistic interpretations also account', 'mechanistic insights also demonstrate', 'form c c bonds']"
1340,10.1016/j.jcat.2018.02.019,Synthesis and characterization of bundle-shaped ZSM-22 zeolite via the oriented fusion of nanorods and its enhanced isomerization performance,2018,,,"['tuning hydrothermal synthesis conditions', 'highest isomerization selectivity due', 'framework aluminum atoms']"
1341,10.1016/j.jcat.2018.02.032,A dual-templating synthesis strategy to hierarchical ZSM-5 zeolites as efficient catalysts for the methanol-to-hydrocarbons reaction,2018,,,"['external bronsted acid sites', 'large mesopore volume', 'displayed similar performance']"
1342,10.1016/j.jcat.2018.05.009,Influence of confining environment polarity on ethanol dehydration catalysis by Lewis acid zeolites,2018,,,"['simplified using microkinetic modeling', 'density functional theory calculations', 'different defect density confers']"
1343,10.1016/j.jcat.2018.06.003,Crystallization of ATO silicoaluminophosphates nanocrystalline spheroids using a phase-transfer synthetic strategy for n-heptane hydroisomerization,2018,,,"['pickering emulsion like structure', 'highly uniform crystalline spheroids', 'whereas dimethylbranched isomer selectivity']"
1344,10.1016/j.jcat.2018.06.010,Role of zirconium in direct CO2 hydrogenation to lower olefins on oxide/zeolite bifunctional catalysts,2018,,,"['significantly enhanced catalytic activity', 'butylene ), basic carbon', 'relatively high reaction temperature']"
1345,10.1016/j.jcat.2018.06.016,Conversion of ethylene into propylene with the siliceous SSZ-13 zeolite prepared without an organic structure-directing agent,2018,,,"['maximum propylene yield increased', '13 zeolite synthesized without', 'synthesized via seed']"
1346,10.1016/j.jcat.2018.07.001,Tailoring Pt locations in KL zeolite by improved atomic layer deposition for excellent performance in n-heptane aromatization,2018,,,"['scanning transmission electron microscopy', 'improved atomic layer deposition', 'surprisingly high aromatics selectivity']"
1347,10.1016/j.jcat.2018.09.004,Controllable preparation of various crystal size and nature of intra-crystalline diffusion in Cu/SSZ-13 NH3-SCR catalysts,2018,,,"['kinetic experiment results indicate', 'higher ph values resulting', 'tpr etc .)']"
1348,10.1016/j.jcat.2018.09.010,"Insight into the deactivation mode of methanol-to-olefins conversion over SAPO-34: Coke, diffusion, and acidic site accessibility",2018,,,"['overall catalyst deactivation mode', 'bulky coke species formed', 'nonuniform spatial distribution']"
1349,10.1016/j.jcat.2018.10.031,Effects of diffusional constraints on lifetime and selectivity in methanol-to-olefins catalysis on HSAPO-34,2019,,,"['approaches detailed herein codify', 'e ., total turnovers', 'per h +)-- regulated']"
1350,10.1016/j.jcat.2019.02.003,Probing the basicity of lattice oxygen on H-form zeolites using CO2,2019,,,"['molecularly adsorbed co2 could', 'detect weakly basic sites', 'adsorbed molecular co2']"
1351,10.1016/j.jcat.2019.05.013,"Hydrodesulfurization of 4,6-dimethyldibenzothiophene over NiMo supported on Ga-modified Y zeolites catalysts",2019,,,"['surface area effectively prevent', 'situ synthesis modification method', 'n2 physical adsorption']"
1352,10.1016/j.jcat.2019.05.030,Unveiling coke formation mechanism in MFI zeolites during methanol-to-hydrocarbons conversion,2019,,,"['connected via methylene bridges', 'increasing zeolite crystallite size', 'form internal coke within']"
1353,10.1016/j.jcat.2019.09.045,Insights into the efficiency of hydrogen peroxide utilization over titanosilicate/H2O2 systems,2020,,,"['h2o2 hardly occurred within', 'ti ooh species could', 'achieving high utilization efficiency']"
1354,10.1016/j.jcat.2019.10.012,Mechanistic origins of the high-pressure inhibition of methanol dehydration rates in small-pore acidic zeolites,2019,,,"['thus inhibit turnover rates', 'dimethyl ether become inhibited', 'inhibitory intermediates within small']"
1355,10.1016/j.jcat.2019.12.038,The structure directing agent isomer used in SSZ-39 synthesis impacts the zeolite activity towards selective catalytic reduction of nitric oxides,2020,,,"['preliminary analyses using eds', '70 versus 90 %).', 'nearly twenty percentage points']"
1356,10.1016/j.jcat.2020.03.021,Oxidative dehydrogenation of propane using layered borosilicate zeolite as the active and selective catalyst,2020,,,"['defective trigonal boron species', 'total light olefins selectivity', 'total light olefins']"
1357,10.1016/j.jcat.2020.05.022,Effects of dioxygen pressure on rates of NOx selective catalytic reduction with NH3 on Cu-CHA zeolites,2020,,,"['dominant kinetically relevant step', 'kinetic regimes respectively correspond', '60kpa o2 ), enabling']"
1358,10.1016/j.jcat.2020.05.038,Cooperation of hierarchical pores with strong Brønsted acid sites on SAPO-34 catalysts for the glycerol dehydration to acrolein,2020,,,"['strong bronsted acid sites', 'efficient nanoporous catalysts', 'another significant challenge']"
1359,10.1016/j.jcat.2020.11.007,Shape selectivity in linear paraffins hydroconversion in 10-membered-ring pore zeolites,2021,,,"['require much higher temperatures', 'noble metal like pd', 'usually linear paraffinic feedstock']"
1360,10.1016/j.jcis.2007.10.025,Synthesis and characterization of silicalite-1/carbon-graphite membranes,2008,,,"['standard hydrothermal synthesis method', 'single component flux ratios', 'single gas permeation fluxes']"
1361,10.1016/j.jcis.2011.12.024,Synthesis of MCM-22 zeolite using rice husk as a silica source under varying-temperature conditions,2012,,,"['cationic brilliant red 5gn', 'dye adsorption followed pseudo', 'basic dye used']"
1362,10.1016/j.jcis.2012.02.038,Crystallization process of zeolite rho prepared by hydrothermal synthesis using 18-crown-6 ether as organic template,2012,,,"['structure directing agent', 'ray fluorescence spectrometry', 'efficient manufacturing processes']"
1363,10.1016/j.jcis.2012.06.061,Adsorption of carbon dioxide and nitrogen on zeolite rho prepared by hydrothermal synthesis using 18-crown-6 ether,2012,,,"['emission scanning electron microscopy', 'increasing 18c6 molar ratio', '18c6 molar ratio']"
1364,10.1016/j.jcis.2013.05.073,Protein adsorption onto nanozeolite: Effect of micropore openings,2013,,,"['protein adsorption raises necessity', 'mechanism governing interactions', 'design biocompatible materials']"
1365,10.1016/j.jcis.2013.11.065,Catalytically active and hierarchically porous SAPO-11 zeolite synthesized in the presence of polyhexamethylene biguanidine,2014,,,"['using wet impregnation method', 'strong acidic sites', 'starting silicoaluminophosphate gel']"
1366,10.1016/j.jcis.2014.12.029,N-methyldiethanolamine: A multifunctional structure-directing agent for the synthesis of SAPO and AlPO molecular sieves,2015,,,
1367,10.1016/j.jcis.2015.09.067,In situ hydrothermal synthesis of a novel hierarchically porous TS-1/modified-diatomite composite for methylene blue (MB) removal by the synergistic effect of adsorption and photocatalysis,2016,,,"['significant dye removal performance', 'highest specific surface area', 'optimized zeolite loading amount']"
1368,10.1016/j.jcis.2015.11.005,Synthesis of hierarchal SAPO-34 nano catalyst with dry gel conversion method in the presence of carbon nanotubes as a hard template,2016,,,"['fischer test results showed', 'catalyst using carbon nanotubes', 'organic structure directing agent']"
1369,10.1016/j.jcis.2016.04.049,Simultaneous determination of epinephrene and paracetamol at copper-cobalt oxide spinel decorated nanocrystalline zeolite modified electrodes,2016,,,"['cuco2o4 decorated nanocrystalline zsm', 'mco2o4 spinels modified electrodes', 'uv – visible']"
1370,10.1016/j.jcis.2016.06.045,"Regulating acidity, porosity, and morphology of hierarchical SAPO-11 zeolite by aging treatment",2016,,,"['strong bronsted acid sites', 'g ., microwave irradiation', 'moderate acid sites']"
1371,10.1016/j.jcis.2018.05.053,Synthesis and catalytic performance of hierarchically structured MOR zeolites by a dual-functional templating approach,2018,,,
1372,10.1016/j.jcis.2018.07.074,Sucrose facilitated synthesis of mesoporous silicoaluminophosphate SAPO-11 with different crystalline phases of MoO3 for highly-efficient oxidative desulfurization,2018,,,"['different moo3 crystalline phases', 'showed significantly high yield', 'prepared optimal catalyst']"
1373,10.1016/j.jclepro.2017.08.080,Fabrication of silanated zeolite T/6FDA-durene composite membranes for CO2/CH4 separation,2017,,,"['robeson upper limit 2008', 'durene polymer matrix failed', 'durene polymer demonstrated 2']"
1374,10.1016/j.jclepro.2020.120688,"Hybrid adaptive neuro-fuzzy inference systems for forecasting benzene, toluene & m-xylene removal from aqueous solutions by HZSM-5 nano-zeolite synthesized from coal fly ash",2020,,,"['statistical analysis clearly proved', 'attained within 90 min', 'fuzzy inference system integrated']"
1375,10.1016/j.jcrysgro.2004.07.050,Synthesis of large ETS-4 crystals in the Na and Na/K systems: the effects of alkali metal ion and synthesis mixture alkalinity,2004,,,"['alkali metal cation system', 'major factor affecting ets', '80 ), polycrystalline ets']"
1376,10.1016/j.jcrysgro.2005.05.069,Synthesis of large optically clear AlPO4-5 single crystals,2005,,,"['r 2005 elsevier b', 'large perfect hexagonal', 'high hf content']"
1377,10.1016/j.jcrysgro.2005.11.107,Influence of synthesis parameters on vanadium-silicalite-1 crystal growth prepared with fluoride-containing media,2006,,,"['zeolite crystals increases regularly', 'kinetic data show', 'initial transition metal']"
1378,10.1016/j.jcrysgro.2008.09.022,Synthesis and characterization of TMA-A zeolite nanocrystals incorporating ZnO nanoclusters,2009,,,"['uv – vis spectroscopy', 'ion exchange method followed', 'crystalline zno nanoclusters']"
1379,10.1016/j.jcrysgro.2008.09.049,Ionothermal synthesis of microporous aluminum and gallium phosphates,2008,,,"['ray single crystal diffraction', 'gallium phosphates including alpo4', 'ray powder diffraction']"
1380,10.1016/j.jcrysgro.2009.08.031,Fabrication of MTN-type zeolite by self-assembling of supramolecular compound,2009,,,"['supramolecular compound called 2', 'highly crystalline mtn samples', 'highly crystalline mtn sample']"
1381,10.1016/j.jcrysgro.2010.10.163,Influence of starting zeolite on synthesis of RUT type zeolite by interzeolite conversion method,2011,,,
1382,10.1016/j.jcrysgro.2014.08.024,Synthesis of large single crystals of AlPO–LTA by using n-Propylamine as structure directing agent,2014,,,"['received 15 may 2014', 'using n', 'hydrothermal synthesis']"
1383,10.1016/j.jcrysgro.2015.09.012,In-situ aging microwave heating synthesis of LTA zeolite layer on mesoporous TiO2 coated porous alumina support,2015,,,"['optimized process parameters resulted', 'porous lta zeolite layer', 'lta zeolite layer']"
1384,10.1016/j.jcrysgro.2018.06.016,Crystal growth kinetics of unseeded high silica chabazite,2018,,,"['solid state kinetic processes', 'allowed crystal growth data', 'crystal growth rate increased']"
1385,10.1016/j.jct.2019.106003,"Adsorption of metformin from an aqueous solution by Fe-ZSM-5 nano-adsorbent: Isotherm, kinetic and thermodynamic studies",2020,,,"['maximum monolayer adsorption capacity', 'optimum operating conditions', 'high reusability including']"
1386,10.1016/j.jece.2016.06.021,Fe/ZSM-5 zeolites for organic-pollutant removal in the gas phase: Effect of the iron source and loading,2016,,,"['ultimate mineralized product co2', 'high bet surface area', 'al ratio strongly affect']"
1387,10.1016/j.jechem.2017.02.002,Effect of silicon precursor on silicon incorporation in SAPO-11 and their catalytic performance for hydroisomerization of n-octane on Pt-based catalysts,2017,,,"['29si mas nmr techniques', 'synthesized using silica sol', 'catalytic activity strongly depended']"
1388,10.1016/j.jelechem.2017.07.012,Using of silver nanoparticles incorporated in nanoporous ZSM-5 hierarchical zeolite prepared from bagasse as a new sensor for electrocatalytic determination of H2O2 in biological samples,2017,,,"['7 ], clinical control', '4 ], biology industry', 'since direct electrochemical reduction']"
1389,10.1016/j.jeurceramsoc.2005.06.022,Hydrothermal synthesis of AlPO4-5 type zeolitic materials by using aluminum dross as a raw material,2006,,,"['various physical properties', 'using aluminum dross', 'obtained reaction product']"
1390,10.1016/j.jeurceramsoc.2008.03.033,Hydrothermal synthesis of nanostructure NaA zeolite: The effect of synthesis parameters on zeolite seed size and crystallinity,2008,,,"['synthesized via hydrothermal method', 'scanning electron microscopy', 'obtained results showed']"
1391,10.1016/j.jhazmat.2009.04.035,Synthesis of AlPO4-5 and CrAPO-5 using aluminum dross,2009,,,"['bet surface area measurement', 'prepared using aluminum dross', 'structure directing agent']"
1392,10.1016/j.jhazmat.2014.06.040,Photocatalytic degradation of 17α-ethinylestradiol (EE2) in the presence of TiO2-doped zeolite,2014,,,"['reactive species quenching experiments', 'oxidative degradation pathways initiated', 'doped zeolite system provides']"
1393,10.1016/j.jhazmat.2017.07.019,Synergistic effect of UV pretreated Fe-ZSM-5 catalysts for heterogeneous catalytic complete oxidation of VOC: A technology development for sustainable use,2017,,,"['residual materials analysis showed', 'voc except small amount', 'one time uv irradiation']"
1394,10.1016/j.jhazmat.2018.10.015,Performance of surfactant-modified *BEA-type zeolite nanosponges for the removal of nitrate in contaminated water: Effect of the external surface,2019,,,"['new anion exchanger system', 'high external surface area', 'maximum nitrate removal capacity']"
1395,10.1016/j.jhazmat.2019.01.014,Catalytic combustion of VOC on sandwich-structured Pt@ZSM-5 nanosheets prepared by controllable intercalation,2019,,,"['higher thermal stability even', '2 also gives 100', 'pt clusters also served']"
1396,10.1016/j.jhazmat.2020.122458,Oxidative desulfurization of model oil over Ta-Beta zeolite synthesized via structural reconstruction,2020,,,"['far outperforming traditional fluoride', 'zeolite possessed nanosized crystals', 'efficient hydrothermal synthesis strategy']"
1397,10.1016/j.jlumin.2019.03.015,Photoluminescence properties of Eu2+-doped microporous zeolite SSZ-39 with color tunable emission,2019,,,"['exhibits excellent catalytic performance', 'reducing atmosphere annealed process', 'broad emission band peaks']"
1398,10.1016/j.jmrt.2020.08.067,MTO performance over seed-assisted SAPO-34 zeolites synthesized by reducing template consumption,2020,,,"['processes including environmental pollution', 'main commercial processes', 'last recent decades']"
1399,10.1016/j.jnoncrysol.2012.10.001,Thermal collapse of SAPO-34 molecular sieve towards a perfect glass,2013,,,"['sio2 species initially remain', 'silicoaluminophosphate molecular sieve cha', 'virtually complete recrystallization']"
1400,10.1016/j.jnucmat.2019.05.050,Multi-glass investigation of Stage III glass dissolution behavior from 22 to 90 °C triggered by the addition of zeolite phases,2019,,,"['weak acid discriminator developed', '68 kj [?] mol', 'glass corrosion behavior potentially']"
1401,10.1016/j.jpcs.2006.09.009,A novel method for the assembly of nano-zeolite crystals on porous stainless steel microchannel and then zeolite film growth,2007,,,"['covalently bonded zeolite seeds', 'neighboring grain impinges', 'hydrothermal synthesis consists']"
1402,10.1016/j.jpcs.2007.10.119,Green catalysis by microwave synthesized nanostructured materials,2008,,,"['two catalytic active sites', 'enhanced catalytic activity', 'mfi type zeolite']"
1403,10.1016/j.jpcs.2009.12.046,Physicochemical characteristics of ZSM-5/SAPO-34 composite catalyst for MTO reaction,2010,,,"['34 might give rise', 'series composite catalyst synthesized', '34 composite catalysts showed']"
1404,10.1016/j.jpcs.2012.09.005,Deactivation by coke deposition on the HZSM-5 catalysts in the methanol-to-hydrocarbon conversion,2012,,,"['main catalyst component', 'bulky coke molecules', '4 fused rings']"
1405,10.1016/j.jpcs.2017.03.021,Ultrasonic-assisted hydrothermal synthesis and catalytic behavior of a novel SAPO-34/Clinoptilolite nanocomposite catalyst for high propylene demand in MTO process,2017,,,"['natural zeolite enhances considerably', 'specific surface area', 'physicochemical analysis indicated']"
1406,10.1016/j.jpcs.2017.05.030,Characterization of CPs/Ca-exchanged FAU- and LTA-type zeolite nanocomposites and their selectivity for CO2 and N2 adsorption,2017,,,"['type zeolite composites', 'volumetric adsorption method', 'adsorption isotherms']"
1407,10.1016/j.jpcs.2017.06.016,Positron annihilation lifetime spectroscopy (PALS) study of the as prepared and calcined MFI zeolites,2017,,,"['organic structural direction agents', 'positron annihilation lifetime spectroscopy', 'positron annihilation data']"
1408,10.1016/j.jphotochem.2019.04.032,Enhanced photo-Fenton degradation performance over multi-metal co-supported SAPO-18 zeolites by promoted active species yield,2019,,,"['thus exhibits considerable activity', 'removal within 20 min', 'achieved within 10 min']"
1409,10.1016/j.jpowsour.2014.03.033,Nickel phosphate molecular sieve as electrochemical capacitors material,2014,,,"['mesoporous nickel phosphate nipo', 'make nickel phosphate material', 'promising new electrode material']"
1410,10.1016/j.jpowsour.2017.01.006,Polyethylene separator activated by hybrid coating improving Li+ ion transference number and ionic conductivity for Li-metal battery,2017,,,"['borne nanosized molecular sieve', 'metal anode based batteries', 'battery using pristine pe']"
1411,10.1016/j.jssc.2004.02.028,Hydrothermal synthesis and structure of the new three-dimensional fluorogallophosphate JGP-4 with a Ga/P ratio of 7/8,2004,,,"['ga5p4 building units', 'first metal phosphate', '3h3o +* h2o']"
1412,10.1016/j.jssc.2004.06.049,Hydrothermal synthesis and characterization of two new three-dimensional fluoroindium phosphates In4(PO4)4(H2O)4F2·C6H14N2 and In8(PO4)8(H2O)8F4·(C5H14N2)2,2004,,,"['inductively coupled plasma analysis', 'membered ring channels along', 'membered ring channels']"
1413,10.1016/j.jssc.2004.11.027,"Synthesis and characterization of two aluminophosphates templated by N-methyl-1,3-diaminopropane",2005,,,"['single crystal analysis showed', 'refined using powder x', 'monoclinic space group p21']"
1414,10.1016/j.jssc.2004.12.036,Hydro(solvo)thermal synthesis and structural characterization of a new organically templated gallophosphate: [H3N(CH2)2NH3]1/2·[Ga5 (PO4)4(OH)4],2005,,,"['monoclinic space group c2', 'new secondary building unit', '1h nmr spectra']"
1415,10.1016/j.jssc.2005.06.003,A coupled electron diffraction and rigid unit mode (RUM) study of the crystal chemistry of some zeotypic AlPO4 compounds,2005,,,"['underlying cmc21 parent structure', 'complex f1 triclinic polymorph', 'frequency rigid unit modes']"
1416,10.1016/j.jssc.2005.12.013,MFI-type boroaluminosilicate: A comparative study between the direct synthesis and the templating method,2006,,,"['substitution ratio concomitantly brings', 'zeolite framework stability', 'scanning electron microscopy']"
1417,10.1016/j.jssc.2006.01.074,"Hydrothermal synthesis and characterization of the first 1-D indiumphosphate chain In2(HPO4)2(H2PO4)2F2·C4N2H12, a precursor for high dimensional structures",2006,,,"['hydrothermally prepared using piperazine', 'inductively coupled plasma analysis', 'membered ring compound 4']"
1418,10.1016/j.jssc.2006.03.031,New organically templated gallium oxalate-phosphate structures based on Ga4(PO4)4(C2O4) building unit,2006,,,"['inorganic hybrid gallium oxalate', '12mr large pore channels', 'building units link together']"
1419,10.1016/j.jssc.2006.09.024,Ionothermal synthesis of β-NH4AlF4 and the determination by single crystal X-ray diffraction of its room temperature and low temperature phases,2007,,,"['synthesised ionothermally using 1', 'two different polymorphs', 'single crystal x']"
1420,10.1016/j.jssc.2008.12.002,IM-16: A new microporous germanosilicate with a novel framework topology containing d4r and mtw composite building units,2009,,,
1421,10.1016/j.jssc.2010.02.020,Structure investigation of fluorinated aluminophosphate ULM-3 Al templated by 3-methylaminopropylamine,2010,,,"['proposed hydrogen bonding scheme', 'detail mapa arrangement inside', 'unit cell formula']"
1422,10.1016/j.jssc.2012.03.039,Elastic behavior of MFI-type zeolites: 3 – Compressibility of silicalite and mutinaite,2012,,,"['situ synchrotron x', 'irreversible upon decompression', 'natural zeolite mutinaite']"
1423,10.1016/j.jssc.2012.04.028,Zeolite with trimodal porosity by desilication of zeolite nanocrystals aggregate,2012,,,"['originally existed intercrystalline mesopores', 'zeolite nanocrystal aggregate', 'trimodal porosity']"
1424,10.1016/j.jssc.2013.02.026,Effects of ultrasound-related variables on sonochemically synthesized SAPO-34 nanoparticles,2013,,,"['high crystallinity using teaoh', 'silicoaluminophosphate molecular sieve', 'experimental data establish']"
1425,10.1016/j.jssc.2014.12.031,"Synthesis and characterization of pure STW-zeotype germanosilicate, Cu- and Co-substituted STW-zeotype materials",2015,,,"['much higher thermal stability', 'tg – dsc', 'icp ), thermogravimetric']"
1426,10.1016/j.jssc.2018.08.004,Hydrothermal synthesis of core-shell ZSM-5/SAPO-34 composite zeolites and catalytic performance in methanol-to-aromatics reaction,2018,,,"['synthesized using hydrothermal method', 'optimum reaction condition', 'moderate acid sites']"
1427,10.1016/j.jssc.2018.12.016,Synthesis of highly crystalline nanosized HZSM-5 catalyst employing combined hydrothermal and sonochemical method: Investigation of ultrasonic parameters on physico-chemical and catalytic performance in methanol to propylene reaction,2019,,,"['minimum mean particle size', 'mean particle size', 'smaller particle size']"
1428,10.1016/j.jssc.2019.120969,Synthesis of ZSM-5 via organotemplate-free and dry gel conversion method: Investigating the effects of experimental parameters,2019,,,"['obtained without organic template', 'smaller particle size', 'possible formation mechanism']"
1429,10.1016/j.jssc.2019.121033,Hollow structures by controlled desilication of beta zeolite nanocrystals,2020,,,"['nanometric beta zeolite crystals', 'tea +) cations', 'present work examines']"
1430,10.1016/j.jssc.2020.121228,Synthesis of hierarchical zeolite T nanocrystals with the assistance of zeolite seed solution,2020,,,"['tightly packed nanosized fiber', 'synthesized samples typically display', 'crystal growth rate increase']"
1431,10.1016/j.jssc.2020.121335,"MoZn /AlPO4-5 zeolite: Preparation, structural characterization and catalytic dehydration of ethanol",2020,,,"['high potential catalytic applications', 'bimetal ratios effect towards', 'zn oxides interactions leading']"
1432,10.1016/j.jwpe.2019.100864,Hydrophilic ZSM-5 membrane for forward osmosis operation,2019,,,"['relatively wide temperature ranges', '5 membrane also kept', 'secondary growth method']"
1433,10.1016/j.matchemphys.2004.01.010,Verification of extra-framework aluminum in zeolite L by acetylacetone,2004,,,"['formed upon thermal treatment', 'several successive washing', 'employing complexing agents']"
1434,10.1016/j.matchemphys.2004.10.019,Template removal from polycrystalline silicalite-1 self-supporting layer,2005,,,"['containing template species remained', 'containing template species', 'minor morphological changes']"
1435,10.1016/j.matchemphys.2005.06.031,Influence of seed size on the formation and microstructure of zeolite silicalite-1 membranes by seeded growth,2006,,,"['whereas using zeolite seeds', 'membranes becomes poorer', 'membranes become coarser']"
1436,10.1016/j.matchemphys.2005.08.047,Crystallization and catalytic activity of high titanium loaded TS-1 zeolite,2006,,,"['using microwave heating', 'tpa +), naoh', 'ti mole ratios']"
1437,10.1016/j.matchemphys.2005.12.026,"Synthesis, characterization and catalytic performance of titanium silicalite-1 prepared in the presence of nonionic surfactants",2006,,,"['synthesized using amorphous sio2', 'nonionic surfactants also improved', 'nonionic surfactants used']"
1438,10.1016/j.matchemphys.2006.11.007,Silicalite-1 polycrystalline layers and crystal twins: Morphology and grain boundaries,2007,,,"['less organized silica remaining', 'clear solutions using tpabr', 'grain boundaries became observable']"
1439,10.1016/j.matchemphys.2007.03.029,Monitoring of crystallization processes during synthesis of zeolite A by in situ27Al NMR spectroscopy,2007,,,"['performed using modified sharp', 'phase boundary controlled mechanisms', 'usual monotonic decay']"
1440,10.1016/j.matchemphys.2008.07.085,Carbon anode material formed from template molecules occluded in a magnesium-substituted aluminophosphate,2009,,,"['new doped carbon material', 'occluded organic molecules', 'lithium secondary batteries']"
1441,10.1016/j.matchemphys.2008.08.008,Facile synthesis and morphology control of zeolite MCM-22 via a two-step sol–gel route with tetraethyl orthosilicate as silica source,2009,,,"['synthesis gel mixture', 'low ph sol', 'gel reaction followed']"
1442,10.1016/j.matchemphys.2008.08.038,Crystal morphology control of AlPO4-11 molecular sieves by microwave irradiation,2009,,,"['slow nucleation rate caused', 'microwave irradiation using diisopropylamine', 'control experiments including use']"
1443,10.1016/j.matchemphys.2011.07.053,Hydrothermal synthesis of nanocrystalline zeolite Beta by acid-catalyzed hydrolysis of teraethylorthosilicate,2011,,,"['suitable synthesis conditions', 'static hydrothermal conditions', 'silicate precursors created']"
1444,10.1016/j.matchemphys.2012.02.028,Synthesis of hydrophobic zeolite X@SiO2 core–shell composites,2012,,,
1445,10.1016/j.matchemphys.2012.03.045,Static hydrothermal crystallization of SUZ-4 zeolite in the presence of seed and tetraethylammonium hydroxide,2012,,,"['templated hydrothermal approach leads', 'using tetraethylammonium hydroxide', 'static hydrothermal synthesis']"
1446,10.1016/j.matchemphys.2012.12.033,Influence of TEA2O/SiO2 ratio on the polymorph formation and crystallization of zeolite beta,2013,,,"['nucleation rate decreases', 'ratio nanosize beta', 'highest surface area']"
1447,10.1016/j.matchemphys.2013.02.069,Encapsulation of ferro- and ferricyanide complexes inside ZSM-5 zeolite synthesized from rice straw: Implications for synthesis of Prussian blue pigment,2013,,,"['nitrogen adsorption isotherms allow', 'feiii tetrahedral monomeric moieties', 'cn -- iron charge']"
1448,10.1016/j.matchemphys.2013.05.053,Factors affecting the formation of Sn-Beta zeolites by steam-assisted conversion method,2013,,,"['gel changed synthesis composition', 'synthesized samples show', 'rapidly produce pure']"
1449,10.1016/j.matchemphys.2015.01.061,Synthesis of colloidal stable Linde Type J (LTJ) zeolite nanocrystals from rice husk silica and their catalytic performance in Knoevenagel reaction,2015,,,"['rietveld refinement studies revealed', 'colloidal form without adding', 'al ratio ¼ 1']"
1450,10.1016/j.matchemphys.2015.07.043,Effect of the crystal size of Cu-ZSM-5 on the catalytic performance in N2O decomposition,2015,,,"['different average crystal sizes', 'smallest crystal size', 'biggest crystal size']"
1451,10.1016/j.matchemphys.2015.08.051,Synthesis and evaluation of seed-directed hierarchical ZSM-5 catalytic supports: Inductive influence of various seeds and aluminosilicate gels on the physicochemical properties and catalytic dehydrogenative behavior,2015,,,"['moderate hierarchy factors possessed', 'construct wide supplementary pores', 'high bet surface area']"
1452,10.1016/j.matchemphys.2016.01.014,Carbon nanotubes-porous ceramic composite by in situ CCVD growth of CNTs,2016,,,"['three different reaction techniques', 'simple ion exchange reaction', 'catalytic chemical vapour deposition']"
1453,10.1016/j.matchemphys.2016.12.004,The role of Al species on the formation of hierarchical morphology of ZSM-11 zeolite,2017,,,"['al species containing systems', 'well crystallized silicalite', 'newly formed si']"
1454,10.1016/j.matchemphys.2016.12.031,"AlPO-5 nanocrystals templated by 1-ethyl-2,3-dimethylimidazolium hydroxide and their textural and water sorption properties",2017,,,"['dimethylimidazolium hydroxide ([ edmim', 'higher water sorption capacity', 'water sorption applications']"
1455,10.1016/j.matchemphys.2017.03.022,Zeolite-zeolite composite composed of Y zeolite and single-crystal-like ZSM-5 zeolite: Fabricated by a process like “big fish swallowing little one”,2017,,,"['tem ), n2 adsorption', '5 zeolite crystals nucleated', 'xrd ), ft']"
1456,10.1016/j.matchemphys.2017.04.061,Crystal growth study of K-F nanozeolite and its catalytic behavior in Aldol condensation of benzaldehyde and heptanal enhanced by microwave heating,2017,,,"['nanosized potassium aluminosilicate f', 'flattened cuboid shaped k', 'free aldol condensation reaction']"
1457,10.1016/j.matchemphys.2017.12.040,CO2 adsorption on polyethylenimine-modified ZSM-5 zeolite synthesized from rice husk ash,2018,,,"['different pei loading ratios', 'high co2 adsorption selectivity', 'rice husk ash']"
1458,10.1016/j.matchemphys.2018.06.048,High-temperature efficient isomorphous substitution of boron into ZSM-5 nanostructure for selective and stable production of ethylene and propylene from methanol,2018,,,"['weak acid sites leads', 'short synthesis time increased', 'short crystallization times']"
1459,10.1016/j.matchemphys.2018.09.082,"Effects of various alkali metal cations on the synthesis, crystallization and catalytic properties of NKX-2 aluminophosphites",2019,,,"['2 solids possessed basicity', '2 crystalline phase could', 'alkali metal hydroxides played']"
1460,10.1016/j.matchemphys.2019.04.090,"Synthesis of CO
                  
                     
                     
                        2
                     
                  
               -adsorbing ZSM-5 zeolite from rice husk ash via the colloidal pretreatment method",2019,,,"['using rice husk ash', 'co2 adsorption measurement showed', 'sips isotherm models']"
1461,10.1016/j.matchemphys.2019.121754,Hierarchical Ti-containing hollownest-structured zeolite synthesized by seed-assisted method for catalytic epoxidation of alkenes efficiently,2019,,,"['shows predominant catalytic property', 'randomly intergrown mww', 'nearly 100 %.']"
1462,10.1016/j.matchemphys.2019.122322,Preparation and characterization of Cu and Mn modified beta zeolite membrane catalysts for toluene combustion,2020,,,"['typical truncated bipyramidal shape', 'like stainless steel fibers', 'mn4 +, mn3 +,']"
1463,10.1016/j.matchemphys.2019.122610,Synthesis of loosely aggregating polycrystalline ZSM-5 with luxuriant mesopore structure and its hierarchically cracking for bulky reactants,2020,,,"['increased external surface area', 'finely tailored without adding', 'affluent mesopore structure resulted']"
1464,10.1016/j.matchemphys.2020.123100,Crystal growth study of nanosized K-MER zeolite from bamboo leaves ash and its catalytic behaviour in Knoevenagel condensation of benzaldehyde with ethyl cyanoacetate,2020,,,"['synthesizing pure fine chemicals', 'parallel forming bulkier bundle', 'microwave instant heating condition']"
1465,10.1016/j.matdes.2016.03.035,Nanosized Sn-MFI zeolite for selective detection of exhaust gases,2016,,,"['0 – 20ppm ).', 'tin containing zeolite could', 'situ ir spectroscopy']"
1466,10.1016/j.matdes.2017.03.008,Controlled release of core-shell ZSM-5/chitosan ellipsoids loaded with pifithrin-α for enhanced osteoinductivity,2017,,,"['mrna relative expression levels', 'first time fabricated core', 'proteasome mediated degradation']"
1467,10.1016/j.materresbull.2005.07.040,Synthesis and crystal structure of tetramethylammonium fluoride octadecasil,2006,,,"['tetragonal space group i4', 'ray diffraction data taken', 'silica framework model developed']"
1468,10.1016/j.materresbull.2008.08.006,Microwave-assisted fast vapor-phase transport synthesis of MnAPO-5 molecular sieves,2009,,,"['fourier transform infrared spectra', 'slightly higher catalytic activity', 'higher surface areas']"
1469,10.1016/j.materresbull.2009.07.017,Synthesis of ZSM-23/ZSM-22 intergrowth zeolite with a novel dual-template strategy,2009,,,"['scanning electron microscopy', 'fluoride anion could', '24 could result']"
1470,10.1016/j.materresbull.2010.01.007,Synthesis of high-silica offretite by the interzeolite conversion method,2010,,,"['forming alkali metal cations', 'mas nmr measurements', 'benzyltrimethylammonium cations']"
1471,10.1016/j.materresbull.2010.05.033,Adsorption of nitrogen and oxygen in cobalt (II)-exchanged zeolite A,2010,,,"['ii )- exchanged zeolite', 'strong interaction brought', 'static volumetric system']"
1472,10.1016/j.materresbull.2011.01.015,Hydrothermal synthesis of hierarchical titanium silicalite-1 using single template,2011,,,"['vis diffuse reflectance spectroscopy', 'enhanced external surface area', 'additional porosity including supermicro']"
1473,10.1016/j.materresbull.2011.05.006,Organotemplate-free route for synthesizing SUZ-4 zeolite under static hydrothermal condition,2011,,,"['seed crystal causes', 'open microporous channels', 'dynamic hydrothermal procedure']"
1474,10.1016/j.materresbull.2011.10.008,A new route for the synthesis of titanium silicalite-1,2012,,,"['mfi type structure containing', 'extralattice anatase nanoparticles inside', 'high crystalline titanium silicalite']"
1475,10.1016/j.materresbull.2013.01.021,Statistical analysis of sonochemical synthesis of SAPO-34 nanocrystals using Taguchi experimental design,2013,,,"['l9 orthogonal array', 'final product phase', 'experimental data establish']"
1476,10.1016/j.materresbull.2013.04.040,Application of full factorial design method to silicalite synthesis,2013,,,"['also affects product morphology', 'also providing interpretation', 'largest crystal size']"
1477,10.1016/j.materresbull.2013.11.014,Methanol conversion to light olefins over nanostructured CeAPSO-34 catalyst: Thermodynamic analysis of overall reactions and effect of template type on catalytic properties and performance,2014,,,"['sustained desired light olefins', 'strong acid sites evidenced', 'weak acid sites']"
1478,10.1016/j.materresbull.2015.01.062,Seed-assisted OSDA-free synthesis of ZSM-5 zeolite and its application in dehydrogenation of propane,2015,,,"['economical route considering reproducibility', 'step synthesis technique exploits', 'short synthesis time benefits']"
1479,10.1016/j.materresbull.2016.11.001,High-silica nanoflower hierarchical Fe-MFI with excellent catalytic performance for N2O decomposition,2017,,,"['nanoflower structure show potential', 'total pore volume', 'facile hydrothermal method']"
1480,10.1016/j.materresbull.2019.110691,"Fast, low-pressure, low-temperature microwave synthesis of ABW cesium aluminosilicate zeolite nanocatalyst in organotemplate-free hydrogel system",2020,,,"['ray diffraction rietveld refinement', 'assisted hydrothermal technique without', 'high accessible basic sites']"
1481,10.1016/j.matlet.2004.01.027,Novel tubular composite carbon-zeolite membranes,2004,,,"['highly intergrown zeolite naa', 'zeolite naa membranes', 'seed ethanol solution']"
1482,10.1016/j.matlet.2005.08.057,Preparation of zeolite ZSM-35 disc by hydrothermal transformation of sintered body,2006,,,
1483,10.1016/j.matlet.2005.12.091,Synthesis and structure-directing effect of piperazinium hydroxides derived from piperazines for the formation of porous zeolites,2006,,,"['dry gel conversion route', 'stage weight losses', 'stage weight loss']"
1484,10.1016/j.matlet.2006.07.050,Seeded growth of beta zeolite membranes using zeolite structure-directing agent,2007,,,"['directly using organic agent', 'secondary hydrothermal synthesis', 'zsda method consists']"
1485,10.1016/j.matlet.2006.07.097,Direct synthesis of Zn-ZSM-5 with novel morphology,2007,,,"['step route using', 'diffuse reflectance uv', 'novel structure might']"
1486,10.1016/j.matlet.2007.03.009,Aging time effect on the synthesis of small crystal LTA zeolites in the absence of organic template,2007,,,"['organic templates using', 'average crystal size', 'crystal size']"
1487,10.1016/j.matlet.2007.05.026,Rapid synthesis of zeolite MCM-22 by acid-catalyzed hydrolysis of tetraethylorthosilicate,2008,,,"['produce siliceous precursors', 'well crystallized mcm', 'sio2 molar ratio']"
1488,10.1016/j.matlet.2007.05.064,A novel route to synthesis Aluminum silicate hollow spheres having ZSM-5 structure in absence of template,2008,,,"['5 structure without using', 'prepared silica hollow spheres', 'sem ), tg']"
1489,10.1016/j.matlet.2007.07.028,Rapid synthesis and characterization of aluminophosphate molecular sieve: EMM-8,2008,,,"['structure directing agent', 'scanning electron microscopy', 'phosphorous precursors respectively']"
1490,10.1016/j.matlet.2008.05.053,Synthesis of nanocrystalline sodalite with organic additives,2008,,,"['synthesis solution yielded sodalite', 'nitrogen sorption capability', 'bet surface area']"
1491,10.1016/j.matlet.2008.08.055,Synthesis of small particle-sized CoAPO-5 and CoAPO-20 by surfactant-assisted method,2008,,,
1492,10.1016/j.matlet.2008.09.022,Seeded synthesis of layered titanosilicate JDF-L1,2009,,,"['synthesis time needed', 'seeded procedure reduced', 'seeded hydrothermal synthesis']"
1493,10.1016/j.matlet.2008.09.034,Preparation of magnetic ZSM-5/Ni/fly-ash hollow microspheres using fly-ash cenospheres as the template,2009,,,"['vibrating sample magnetometer', 'scanning electron microscope', 'e ., preparation']"
1494,10.1016/j.matlet.2008.10.003,Preparation of zeolite T membranes by microwave-assisted in situ nucleation and secondary growth,2009,,,"['water flux reached 1', 'single gas permeation', '90wt .% alcohol']"
1495,10.1016/j.matlet.2009.05.033,Optical studies of ZSM-5 crystals infiltrated with TiO2,2009,,,"['shows similar features except', '120um along c axis', 'ray powder diffraction spectra']"
1496,10.1016/j.matlet.2010.06.060,Ionothermal synthesis of AlPO4 molecular sieves in the presence of quaternary ammonium cation,2010,,,
1497,10.1016/j.matlet.2010.07.058,Ionothermal synthesis of AlPO4-34 molecular sieves using heterocyclic aromatic amine as the structure directing agent,2010,,,"['substituted heterocyclic aromatic amines', 'structure directing agent', 'ionic liquid need']"
1498,10.1016/j.matlet.2010.10.036,Synthesis of dendritic TS-1 film on honeycomb cordierite,2011,,,"['uniform particle size', 'loose dendrite morphology', 'honeycomb cordierite surface']"
1499,10.1016/j.matlet.2011.04.064,Preparation of floral mesoporous SAPO-34 with the aid of fluoride ion,2011,,,"['lowest strong acidity compared', 'nh3 temperature programmed desorption', 'lowest overall olefin yield']"
1500,10.1016/j.matlet.2011.10.019,Synthesis of nanosized ZSM-5 zeolite with intracrystalline mesopores,2012,,,"['microporous structure directing agent', 'xrd results indicate', 'tem images show']"
1501,10.1016/j.matlet.2011.11.073,Synthesis of nano-zeolite IM-5 by hydrothermal method with the aid of PEG and CTAB,2012,,,"['hydrothermal method using 1', 'selected area electron diffraction', 'transmission electron microscopy']"
1502,10.1016/j.matlet.2011.11.075,Study of the influence of gel composition in the synthesis of self-supported silicalite-1 layers,2012,,,"['tpa +, oh −', 'scanning electron microscopy', 'ray diffraction']"
1503,10.1016/j.matlet.2011.11.095,Zeolite Y deposition on aluminum substrate without structure directing agents (SDAs),2012,,,"['oxide layer generates', 'high contact area', 'good adhesive property']"
1504,10.1016/j.matlet.2012.01.094,Synthesis of small-sized ZSM-5 zeolites employing mixed structure directing agents,2012,,,"['ethyl butyl ammonium bromide', '400 – 1200', '100 – 400nm']"
1505,10.1016/j.matlet.2012.07.079,A facile synthesis of ZSM-11 zeolite particles using rice husk ash as silica source,2012,,,"['1221 cm 1 indicated', 'xrd pattern confirmed', 'tetrabutyl ammonium ion']"
1506,10.1016/j.matlet.2012.09.076,The seeded growth of dense and thin SAPO-34 membranes on porous α-Al2O3 substrates under microwave irradiation,2013,,,"['ch4 separation selectivity could', '2 10 6 mol', '1 mpa pressure drop']"
1507,10.1016/j.matlet.2013.01.002,Microwave-assisted synthesis of nanosized FAU-type zeolite in water-in-oil microemulsion,2013,,,"['10 – 60 min', 'xrd patterns confirmed fau', 'larger bet surface area']"
1508,10.1016/j.matlet.2013.06.086,Synthesis of zeolite NaA from sugarcane bagasse ash,2013,,,"['obtained without phase contamination', '72 – 160 h', 'synthesized using sugarcane bagasse']"
1509,10.1016/j.matlet.2013.06.088,CO2 adsorption behavior of microwave synthesized zeolite beta,2013,,,"['constant temperature 40 1c', 'absolute pressure 1 atm', 'microwave synthesized zeolite beta']"
1510,10.1016/j.matlet.2013.08.106,Synthesis of Fe substituted aluminophosphate FeAPO-5 zeolite with mesoporosity in compressed CO2 for the improved catalytic activity,2013,,,"['fe substituted aluminophosphate feapo', 'compressed co2 route opens', '5 synthesized without co2']"
1511,10.1016/j.matlet.2013.09.046,Fluorine-free synthesis of large ZSM-39 crystals incorporated with alkaline earth metals in an environment-friendly system,2013,,,"['black calcined sample implied', 'thermogravimetric curve displayed', 'experimental results indicated']"
1512,10.1016/j.matlet.2013.10.007,Organic template-free synthesis of ZSM-5 zeolite from coal-series kaolinite,2014,,,"['avoid generating environmental pollution', 'free method using coal', 'opened pore system']"
1513,10.1016/j.matlet.2014.01.059,Micron ZSM-11 microspheres seed-assisted synthesis of hierarchical submicron ZSM-11 with intergrowth morphology,2014,,,"['enhanced external surface area', '10 – 30 m2', 'molar ratio ).']"
1514,10.1016/j.matlet.2014.03.053,Synthesis of zeolite A nanocrystals by controlling the polymeric state of silicate precursors,2014,,,"['various ph media', 'different hp processes', 'samples also increased']"
1515,10.1016/j.matlet.2014.03.075,One-step synthesis of hierarchical Zn-ZSM-11 via a facile ZnO route,2014,,,"['synthesizing hierarchical zn', 'shaped intergrowth morphology', 'zn containing zsm']"
1516,10.1016/j.matlet.2014.03.085,Synthesis of a Fe–MFI zeolite with super-micropores by using potassium hexacyanoferrate(III) as an iron source,2014,,,"['tetrahedrally coordinated fe3', 'mfi possessing super', 'zeolite network']"
1517,10.1016/j.matlet.2014.05.197,Hierarchically porous zeolite beta synthesized via steam-assisted crystallization of silanized dry gel,2014,,,"['well dispersed sodium cations', 'greater spatial separation effect', 'silanized dry gel prepared']"
1518,10.1016/j.matlet.2014.06.022,Microwave synthesis of colloidal stable AlPO-5 nanocrystals with high water adsorption capacity and unique morphology,2014,,,"['higher water adsorption capacity', 'assisted hydrothermal method using', 'colloidal stable nanosized alpo']"
1519,10.1016/j.matlet.2014.12.076,Effect of secondary and tertiary alkylamines for the synthesis of Zeolite L,2015,,,
1520,10.1016/j.matlet.2015.04.067,Hierarchical SAPO-11 preparation in the presence of glucose,2015,,,"['proposed mesopore construction mechanism', 'mesoporous structure directing agent', 'transimission electron microscopy']"
1521,10.1016/j.matlet.2015.06.120,Unconventional silica source employment in zeolite synthesis: Raw powder glass in MFI synthesis case study,2015,,,"['performed using hydrofluoric acid', 'silica mfi zeolite synthesis', 'hydrochloric acid solution']"
1522,10.1016/j.matlet.2015.06.123,Tinospora crispa-like ZSM-5/silica fibers synthesized by electrospinning and hydrothermal method,2015,,,"['like zsm – 5', 'different crystallization times', 'silica fibers using']"
1523,10.1016/j.matlet.2015.08.058,Synthesis of pure sodalite with wool ball morphology from alkali fusion kaolin,2015,,,"['organic structure directing agents', 'wool ball like morphology', 'wool ball morphology']"
1524,10.1016/j.matlet.2015.09.033,Direct synthesis of alkaline earth metal Ca incorporated KHSi2O5 layered silicate,2015,,,"['structured potassium hydrogen disilicate', 'fourier transform infrared spectrum', 'selected sample also disclose']"
1525,10.1016/j.matlet.2016.05.006,Raw powder glass as a silica source in the synthesis of colloidal MEL zeolite,2016,,,"['sorption isotherms shapes coincided', 'thermogravimetric analysis showed', 'new silica source']"
1526,10.1016/j.matlet.2016.06.114,Zeolite Y film as a versatile material for electrochemical sensors,2016,,,"['transparent conducting oxide glass', 'conducting fto glass substrate', 'synthetic gel composition']"
1527,10.1016/j.matlet.2016.07.013,Organotemplate-free hydrothermal synthesis of NaNKX-2 aluminophosphite basic catalyst,2016,,,"['h2o system without anok', 'exhibited novel grain', 'basic synthesis condition']"
1528,10.1016/j.matlet.2016.08.001,Structural transformation of an imidazolium-templated two-dimensional aluminophosphate and its proton conduction under anhydrous conditions,2016,,,"['complex hydrogen bonding network', 'disordered structural transformation induced', 'show inherent proton conductivity']"
1529,10.1016/j.matlet.2017.06.121,Study on the oxidation transformation of diethylamine in a confined region of ZSM-22,2017,,,"['work opens new opportunities', '13c nmr spectra data', '13c mas nmr spectroscopy']"
1530,10.1016/j.matlet.2017.07.098,Synthesis of pure silica STT-type zeolite membrane,2017,,,"['type pure silica zeolite', 'alumina porous support tube', 'toluene separation tests']"
1531,10.1016/j.matlet.2017.08.074,Single gel hydrothermal synthesis and characterization of vanadium isomorphously modified silicalite-1 and ZSM-5,2017,,,"['vanadium modified mfi materials', 'materials presented modification', 'single gel synthesis']"
1532,10.1016/j.matlet.2018.01.146,Preparation of ZSM-22 zeolite with hierarchical pore structure,2018,,,"['nitrogen adsorption analysis showed', 'xrd results indicated', 'naoh solution concentration']"
1533,10.1016/j.matlet.2018.05.118,Screw-like morphology of silicoaluminophosphate-11 (SAPO-11) crystallized in ethanol medium,2018,,,"['remarkable textural properties', 'bet surface area', 'spherical aggregative crystals']"
1534,10.1016/j.matlet.2018.10.100,Modification of synthetic zeolite X by thiourea and its adsorption for Cd (II),2019,,,"['chns ), fe', 'maximum adsorption capacity', 'higher removal capacity']"
1535,10.1016/j.matlet.2019.02.035,Synthesis of Ti-containing 14-ring extra-large-pore zeolite of Ti-SFN and its catalytic application for bulky cycloalkene,2019,,,"['chemical vapor deposition method', 'superior catalytic performance', '2 x 8']"
1536,10.1016/j.matlet.2019.126934,Facile synthesis of low-silica zeolite erionite by ultrasonic-assisted method,2020,,,"['great specific surface area', 'framework preferentially adsorbs co2', 'transmission electron microscopy']"
1537,10.1016/j.matlet.2020.127497,One-pot synthesis of core-shell structured SSZ-13 zeolite using aluminum isopropoxide as an aluminum source,2020,,,"['amorphous gel precursors deposited', '13 zeolite showed unequivocally', 'micron crystalline aggregated ssz']"
1538,10.1016/j.matlet.2020.127845,Fast synthesis of zeolite NaP by crystallizing the NaY gel under microwave irradiation,2020,,,"['fourier transform infrared spectroscopy', 'produce pure phase nap', 'scanning electron microscopy']"
1539,10.1016/j.mcat.2016.12.005,The effective silylation of external surface on H-ZSM5 with cyclic siloxane for the catalytic cracking of naphtha,2017,,,"['among various silylation reagents', 'zeolite without prohibiting', 'effective silylation compounds']"
1540,10.1016/j.mcat.2017.05.021,Controlling size and acidity of SAPO-34 catalyst for efficient ethylene to propylene transformation,2017,,,"['improved catalytic performance achieved', 'efficient etp transformation process', 'si /( si']"
1541,10.1016/j.mcat.2017.08.003,Synthesis of SAPO-34 using N-octyl-d-glucamine as additive for enhanced catalytic performance in CH3Br conversion to light olefins,2017,,,"['directly synthesized using n', 'smallest particle size shows', '6 %), whereas']"
1542,10.1016/j.mcat.2017.08.016,Understanding the pathways of improved chlorohydrination of allyl chloride with HCl and H2O2 catalyzed by titanium-incorporated zeolites,2017,,,"['raman spectroscopy directly reveals', 'containing species generated via', 'developing green chemical processes']"
1543,10.1016/j.mcat.2017.11.027,Studies on dispersion and reactivity of vanadium oxides deposited on lamellar ferrierite zeolites for condensation of glycerol into bulky products,2018,,,"['higher surface area generated', 'higher catalytic activities', 'selectivity towards solketal']"
1544,10.1016/j.mcat.2018.06.009,Isoamyl acetate preparation from reaction of vinyl acetate and Isoamyl alcohol catalyzed by H-ZSM-5 zeolite: a kinetic study,2020,,,"['bronsted acid sites exclusively', 'acyl nucleophilic substitution mechanism', 'secondary product due']"
1545,10.1016/j.mcat.2019.110411,The study of active sites for producing furfural and soluble oligomers in fructose conversion over HZSM-5 zeolites,2019,,,"['exterior weak lewis acid', 'intermediate 2 ).', 'strong bronsted acids']"
1546,10.1016/j.mcat.2019.110458,Influence of synthesis route on physico-chemical and catalytic properties of nanosized K-LTL zeolites,2019,,,"['temperature programed desorption techniques', 'investigated using elemental analysis', 'highly dispersed ltl nanocrystals']"
1547,10.1016/j.mcat.2020.110770,The influence of zoned Al distribution of ZSM-5 zeolite on the reactivity of hexane cracking,2020,,,"['serious pore blocking due', 'pure silica crystal seed', 'pure silica gel']"
1548,10.1016/j.memsci.2003.07.016,Driving force for pervaporation through zeolite membranes,2003,,,"['correlation allows qualitative predictions', 'fugacity ratios correctly predicted', 'separation factors also depended']"
1549,10.1016/j.memsci.2003.10.015,Synthesis of NaA zeolite membrane on a ceramic hollow fiber,2004,,,"['ceramic hollow fiber support', 'gas permeation data indicated', 'ceramic hollow fiber']"
1550,10.1016/j.memsci.2004.04.027,SAPO-34 membranes for CO2/CH4 separation,2004,,,"['observed near 275 k', 'co2 permeate concentration showed', 'membrane pressure drop increased']"
1551,10.1016/j.memsci.2004.10.036,Effects of impurities on CO2/CH4 separations through SAPO-34 membranes,2005,,,"['8 mol /( m2', 'thus inhibit co2 permeation', '34 membrane separated co2']"
1552,10.1016/j.memsci.2005.09.010,Preparation and characterization of iron salt embedded electrodialysis Analcime-C zeolite clay composite membrane,2006,,,"['mesoporous clay support followed', 'sodium chloride solution', 'situ hydrothermal crystallization']"
1553,10.1016/j.memsci.2005.10.033,Microwave synthesis of LTA zeolite membranes without seeding,2006,,,"['lta zeolite membranes synthesized', 'lta zeolite membranes', 'formed zeolite layer']"
1554,10.1016/j.memsci.2006.04.041,A durable ZSM-5/SS composite tubular membrane for the selective separation of p-xylene from its isomers,2006,,,"['stainless steel porous tube', 'n2 permeation measurements together', 'three thermal cycles']"
1555,10.1016/j.memsci.2006.04.051,Formation mechanism of microwave synthesized LTA zeolite membranes,2006,,,"['fourier transform infrared spectroscopy', 'following microwave assistant crystallization', 'amorphous particles transform']"
1556,10.1016/j.memsci.2006.12.033,Dehydration of TFEA/water mixture through hydrophilic zeolite membrane by pervaporation,2007,,,"['term pervaporation tests showed', 'water flux increased significantly', 'nay zeolite membranes']"
1557,10.1016/j.memsci.2007.02.015,Modeling transient permeation of polar organic mixtures through a MFI zeolite membrane using the Maxwell–Stefan equations,2007,,,"['observed mixture permeation results', 'observed experimental results', 'isotopic transient permeation']"
1558,10.1016/j.memsci.2007.02.037,Evaluation of effective routes and sizes for permeation through polycrystalline MFI-type zeolite membranes prepared by secondary growth,2007,,,"['butane isomers also supported', 'different average potential energies', 'average potential energies']"
1559,10.1016/j.memsci.2007.03.041,Hydrothermal stability of LTA zeolite membranes in pervaporation,2007,,,"['water mainly occurred', 'lta zeolite membranes', 'lta zeolite membrane']"
1560,10.1016/j.memsci.2007.04.017,Flexible nanostructure of MFI zeolite membranes,2007,,,"['low hydrocarbon partial pressures', 'phase separation factor', 'expansion dramatically decreases']"
1561,10.1016/j.memsci.2007.04.027,Synthesis of thin defect-free hydroxy sodalite membranes: New candidate for activated water permeation,2007,,,"['gas permeation results showed', 'using direct hydrothermal synthesis', 'sem ), thermo']"
1562,10.1016/j.memsci.2007.08.018,Catalytic dehydrogenation of ethylbenzene to styrene in a zeolite silicalite-1 membrane reactor,2007,,,"['600 degc without decreasing', 'membrane reactor reached 74', 'bed reactor value 67']"
1563,10.1016/j.memsci.2007.08.023,"Recovery of hydrocarbons from mixtures containing C3H6, C3H8 and N2 using NaX membranes",2007,,,"['typical polypropylene vent stream', 'c3h8 )/ n2 mixtures', 'equimolar binary mixtures']"
1564,10.1016/j.memsci.2007.08.040,Zeolite K-LTL-loaded sodium alginate mixed matrix membranes for pervaporation dehydration of aqueous–organic mixtures,2007,,,"['present membranes could withstand', 'repetitive cyclic pv runs', 'dependent pervaporation flux data']"
1565,10.1016/j.memsci.2007.09.017,Preparation of higher flux NaA zeolite membrane on asymmetric porous support and permeation behavior at higher temperatures up to 145°C in vapor permeation,2008,,,"['asymmetric type membrane could', 'monolayer porous alumina support', 'previously reported naa membrane']"
1566,10.1016/j.memsci.2007.09.031,Hydrogen purification using a SAPO-34 membrane,2008,,,"['34 membrane separated h2', '34 membrane separated co2', 'decreased h2 permeances significantly']"
1567,10.1016/j.memsci.2007.09.032,Transport of binary water–ethanol mixtures through a multilayer hydrophobic zeolite membrane,2008,,,"['dusty gas model parameters', 'relatively low feed temperatures', 'relatively low ethanol concentrations']"
1568,10.1016/j.memsci.2007.12.052,Removal of trivalent chromium contaminant from aqueous media using FAU-type zeolite membranes,2008,,,"['rejection (> 95 %)', 'stainless steel tubular supports', 'favorable ion filtration effect']"
1569,10.1016/j.memsci.2008.01.038,Synthesis and structural characterization of EMT-type membranes and their performance in nanofiltration experiments,2008,,,"['e ., substantially lower', 'deionised water permeation carried', 'various pressures showed']"
1570,10.1016/j.memsci.2008.09.046,Application of hydroxy sodalite films as novel water selective membranes,2009,,,"['alcohol separation factor larger', 'dewatering several organic alcohol', 'supported hydroxy sodalite']"
1571,10.1016/j.memsci.2008.11.039,Butene isomers separation on titania supported MFI membranes at conditions relevant for practice,2009,,,"['undiluted 50 %/ 50', 'remains therefore nearly constant', 'simple molecular sieving mechanism']"
1572,10.1016/j.memsci.2009.02.028,Concentration polarization in SAPO-34 membranes at high pressures,2009,,,"['increased feed rate increased', 'feed flow rate', 'diffuse fast enough']"
1573,10.1016/j.memsci.2009.08.040,Preparation and characterization of silicalite-1 membrane by counter-diffusion secondary growth,2009,,,"['continuous without obvious defects', '1 mpa pressure drop', 'displaying good permeation property']"
1574,10.1016/j.memsci.2009.10.024,Preparation of novel chabazite (CHA)-type zeolite layer on porous α-Al2O3 tube using template-free solution,2010,,,"['solution around ph 2', 'type zeolite layer', 'solution containing strontium']"
1575,10.1016/j.memsci.2009.11.030,"Influence of NO
                  x
                adsorbed species on component permeation through ZSM-5 membranes",2010,,,"['partially surface concentration dependent', 'gas translational diffusion seemed', 'gas mixtures containing no2']"
1576,10.1016/j.memsci.2010.04.006,Blocking defects in SAPO-34 membranes with cyclodextrin,2010,,,"['7 mpa feed pressure', 'maximum defect size decreased', 'overall defect area']"
1577,10.1016/j.memsci.2010.04.020,Influence of crystal expansion/contraction on zeolite membrane permeation,2010,,,"['34 zeolite powders correlated', '5 membrane defects increased', '300 k contracted b']"
1578,10.1016/j.memsci.2010.05.022,Separation of methanol and ethanol from synthesis gas using MFI membranes,2010,,,"['two different si', '250 deg c', 'membrane separation performance']"
1579,10.1016/j.memsci.2010.05.025,Carbon dioxide removal from synthesis gas using MFI membranes,2010,,,"['membrane processes may represent', 'feed also contained water', 'effective pore size']"
1580,10.1016/j.memsci.2010.05.048,Permeation mechanism through zeolite NaA and T-type membranes for practical dehydration of organic solvents,2010,,,"['porous cylindrical mullite tubes', 'commercially available zeolite naa', 'grown zeolite crystal layer']"
1581,10.1016/j.memsci.2010.06.054,Template removal from SAPO-34 crystals and membranes,2010,,,"['7 mol /( m2', '6 mpa feed pressure', 'five membranes whose templates']"
1582,10.1016/j.memsci.2010.07.040,"Influence of synthesis gel composition on morphology, composition, and dehydration performance of CHA-type zeolite membranes",2010,,,"['type zeolite membrane could', 'synthesis gel containing strontium', 'type zeolite membranes']"
1583,10.1016/j.memsci.2010.08.022,Formation of high flux CHA-type zeolite membranes and their application to the dehydration of alcohol solutions,2010,,,"['prepare high flux cha', 'type zeolite membranes', 'crystal growth conditions']"
1584,10.1016/j.memsci.2010.10.007,NF/RO faujasite zeolite membrane-ammonia absorption solvent hybrid system for potential post-combustion CO2 capture application,2011,,,"['novel concept regarding nanofiltration', 'combustion co2 scrubbing solution', 'synthetic gel precursors leads']"
1585,10.1016/j.memsci.2011.01.011,Copolyimide mixed matrix membranes with oriented microporous titanosilicate JDF-L1 sheet particles,2011,,,"['carboxyl group containing copolyimide', 'produce mixed matrix membranes', 'polymer solution concentration used']"
1586,10.1016/j.memsci.2011.02.007,Synthesis of MCM-22 zeolite membranes and vapor permeation of water/acetic acid mixtures,2011,,,"['hydrophilic internal surface due', 'secondary growth technique consisting', 'silanol groups within']"
1587,10.1016/j.memsci.2011.10.036,Seeding-free synthesis of dense zeolite FAU membranes on 3-aminopropyltriethoxysilane-functionalized alumina supports,2012,,,"['negatively charged precursor species', 'mixed gas separation factors', 'well intergrown fau membrane']"
1588,10.1016/j.memsci.2012.01.008,Synthesis and modification of ZSM-5/silicalite bilayer membrane with improved hydrogen separation performance,2012,,,"['thick silicalite bottom layer', 'entire zeolite membrane thickness', 'bilayer zeolite membrane resulted']"
1589,10.1016/j.memsci.2012.03.034,Biocatalytic zeolite membrane for the production of l-DOPA,2012,,,"['innovative route based', 'free radical scavenger', 'mushroom tyrosinase immobilized']"
1590,10.1016/j.memsci.2012.03.058,Spatially resolved gas permeation through SAPO-34 membranes,2012,,,"['scanning electron micrographs indicated', 'moveable mass spectrometer probe', 'spatially resolved measurements indicate']"
1591,10.1016/j.memsci.2012.04.025,Exfoliated zeolite Nu-6(2) as filler for 6FDA-based copolyimide mixed matrix membranes,2012,,,"['different carboxyl group concentrations', 'small pore size', 'high aspect ratio']"
1592,10.1016/j.memsci.2012.05.019,Nafion/microporous titanosilicate ETS-4 composite membranes for effective methanol crossover reduction in direct methanol fuel cells,2012,,,"['direct methanol fuel cells', 'proton diffusion coefficients obtained', 'pure bulk water']"
1593,10.1016/j.memsci.2012.05.060,Development of alumina supported ternary mixed matrix membranes for separation of H2/light-alkane mixtures,2012,,,"['single gas permeability measurements', 'different gas mixtures', 'solvent evaporation method']"
1594,10.1016/j.memsci.2012.05.074,Long term pervaporation desalination of tubular MFI zeolite membranes,2012,,,"['detailed stability experiments carried', 'water flux decreased alongside', 'rich zeolite structure leading']"
1595,10.1016/j.memsci.2013.03.065,Nanocomposite poly(arylene ether sulfone) reverse osmosis membrane containing functional zeolite nanoparticles for seawater desalination,2013,,,"['copolymer chain stiffness due', 'helped improve water permeability', 'ro membranes containing apes']"
1596,10.1016/j.memsci.2013.06.051,Effect of MFI zeolite intermediate layers on gas separation performance of carbon molecular sieve (CMS) membranes,2013,,,"['selective carbon molecular sieve', 'gas pair separation performance', 'form polycrystalline zeolite layers']"
1597,10.1016/j.memsci.2013.08.048,Nonionic zeolite membrane as potential ion separator in redox-flow battery,2014,,,"['nafion ion exchange membranes', 'silicalite contains uniform channels', 'significantly reduced self']"
1598,10.1016/j.memsci.2014.01.032,Separating molecules by size in SAPO-34 membranes,2014,,,"['molecular simulations reported previously', 'spatial defect distributions measured', 'nm diameter ), appeared']"
1599,10.1016/j.memsci.2014.04.044,Prediction of CO2/CH4 permeability through Sigma-1–Matrimid®5218 MMMs using the Maxwell model,2014,,,"['partial pore blockage effects', 'average absolute relative error', 'ch4 gas separation experiments']"
1600,10.1016/j.memsci.2014.07.025,Simultaneous separation of H2S and CO2 from CH4 by a high silica CHA-type zeolite membrane,2014,,,"['400 kpa pressure difference', 'real sour natural gas', '13 mol %, h2s']"
1601,10.1016/j.memsci.2014.08.035,Alumina-supported AlPO-18 membranes for CO2/CH4 separation,2014,,,"['7 mol /( m2', 'single hydrothermal synthesis step', '2 mpa feed pressure']"
1602,10.1016/j.memsci.2014.09.021,Influence of propane on CO2/CH4 and N2/CH4 separations in CHA zeolite membranes,2015,,,"['adsorbing co2 competes better', 'indicating extremely low densities', 'thus significantly increasing co2']"
1603,10.1016/j.memsci.2014.11.054,,2015,,,
1604,10.1016/j.memsci.2015.01.054,Pervaporation separation of ethanol–water mixtures through B-ZSM-11 zeolite membranes on macroporous supports,2015,,,"['total flux also showed', 'separation factor showed', 'total flux increased']"
1605,10.1016/j.memsci.2015.03.012,Colloidal silicalite-nafion composite ion exchange membrane for vanadium redox-flow battery,2015,,,"['vanadyl ion transport selectivity', 'lower electrical resistance', 'thick commercial nafion']"
1606,10.1016/j.memsci.2015.03.041,MFI membranes for separation of carbon dioxide from synthesis gas at high pressures,2015,,,"['suitable co2 adsorption isotherm', 'single gas permeation experiments', 'decreased carbon dioxide adsorption']"
1607,10.1016/j.memsci.2015.03.078,"SAPO-34 Membranes for N2/CH4 separation: Preparation, characterization, separation performance and economic evaluation",2015,,,"['preliminary economic evaluation indicates', 'benchmark technology cryogenic distillation', 'several routes towards n2']"
1608,10.1016/j.memsci.2015.06.043,Improved performance of PDMS/silicalite-1 pervaporation membranes via designing new silicalite-1 particles,2015,,,"['much less silanol groups', 'thus showing higher selectivity', 'high performance pv membranes']"
1609,10.1016/j.memsci.2015.07.045,Facile synthesis of zeolite FAU molecular sieve membranes on bio-adhesive polydopamine modified Al2O3 tubes,2015,,,"['relative wide pore size', 'zeolite fau membrane prepared', 'relative high h2 permeance']"
1610,10.1016/j.memsci.2015.08.048,Synergetic effect of H-ZSM-5/Silicalite-1@Pt/Al2O3 core–shell catalyst to enhance the selective hydrogenation of p-xylene,2015,,,"['coating mfi membranes onto', 'enhanced selective hydrogenation property', '2 %, respectively']"
1611,10.1016/j.memsci.2015.08.068,Increasing H2/N2 separation selectivity in CHA zeolite membranes by adding a third gas,2015,,,"['larger n2 molecule decreased', 'ethane also decreased h2', 'ethane decreased h2 loadings']"
1612,10.1016/j.memsci.2015.10.024,Microstructure manipulation of MFI-type zeolite membranes on hollow fibers for ethanol–water separation,2016,,,"['facile secondary growth method', 'using appropriate seed size', 'water contact angle']"
1613,10.1016/j.memsci.2015.11.020,Influence of change in the unit cell parameters on permeation properties of AEI-type zeolite membrane,2016,,,"['calcined membrane decreased due', 'unit cell parameters owing', 'porous support tube']"
1614,10.1016/j.memsci.2016.01.043,"DDR-type zeolite membrane synthesis, modification and gas permeation studies",2016,,,"['temperature sda removal process', 'bar feed gas pressure', 'co2 permeance virtually unchanged']"
1615,10.1016/j.memsci.2016.02.034,Determination and optimization of factors affecting CO2/CH4 separation performance in poly(ionic liquid)-ionic liquid-zeolite mixed-matrix membranes,2016,,,"['2008 robeson upper bound', '260 +- 20 barrers', 'membranes via conventional solvent']"
1616,10.1016/j.memsci.2016.03.056,Synthesis of high performance mordenite membranes from fluoride-containing dilute solution under microwave-assisted heating,2016,,,"['acetic acid aqueous solutions', 'acetic acid aqueous mixtures', 'high performance mordenite membranes']"
1617,10.1016/j.memsci.2016.08.010,Aluminophosphate-17 and silicoaluminophosphate-17 membranes for CO2 separations,2016,,,"['synthesized using nano zeolite', '7 mol /( m2', '2 mpa pressure drop']"
1618,10.1016/j.memsci.2016.09.002,Preparation and gas permeation properties on pure silica CHA-type zeolite membranes,2017,,,"['hydrothermal secondary growth method', 'effective molecular sieve performance', 'present pore blockages']"
1619,10.1016/j.memsci.2016.10.044,Enhanced gas separation performance using mixed matrix membranes containing zeolite T and 6FDA-durene polyimide,2017,,,"['work exhibited significant enhancement', 'obtained using 1 wt', 'industrial gas separation especially']"
1620,10.1016/j.memsci.2016.11.004,Room-temperature ionic liquids modified zeolite SSZ-13 membranes for CO2/CH4 separation,2017,,,"['three modified membranes decreased', 'tespmim ][ bf4', 'room temperature compared']"
1621,10.1016/j.memsci.2017.01.012,Fabrication and molecular transport studies of highly c-Oriented AFI membranes,2017,,,"['also continuous without disruption', 'porous alumina support', 'magnitude greater permeance']"
1622,10.1016/j.memsci.2017.06.004,Preparation of defect-free DDR zeolite membranes by eliminating template with ozone at low temperature,2017,,,"['quality ddr zeolite membranes', 'ch4 mixture containing 1', 'ddr zeolite framework']"
1623,10.1016/j.memsci.2017.07.059,A zeolite membrane module composed of SAPO-34 hollow fibers for use in fluorinated gas enrichment,2017,,,"['year global warming potential', '34 crystal took place', 'hollow fiber membranes produced']"
1624,10.1016/j.memsci.2017.11.068,Organic template-free synthesis of high-quality CHA type zeolite membranes for carbon dioxide separation,2018,,,"['organic structure directing agent', 'cha type zeolite particles', 'seeded growth method']"
1625,10.1016/j.memsci.2017.12.051,Approaching complete CO conversion and total H2 recovery for water gas shift reaction in a high-temperature and high-pressure zeolite membrane reactor,2018,,,"['water gas shift reaction', 'nearly complete co conversion', 'tubular zeolite membrane reactor']"
1626,10.1016/j.memsci.2018.01.066,Optimized rapid thermal processing for the template removal of SAPO-34 zeolite membranes,2018,,,"['7 mol /( m2', '0 mpa pressure drop', 'thermal cycling may lead']"
1627,10.1016/j.memsci.2018.05.016,Effect of toluene adsorption on permeation through SAPO-34 membranes,2018,,,"['kpa feed pressure ),', 'estimate external surface coverages', 'membrane co2 driving force']"
1628,10.1016/j.memsci.2018.07.024,Scale-up of high performance mordenite membranes for dehydration of water-acetic acid mixtures,2018,,,"['long mordenite membrane prepared', 'term acid stability', 'secondary growth method']"
1629,10.1016/j.memsci.2018.08.025,High-flux CHA zeolite membranes for H2 separations,2018,,,"['7 mol /( m2', 'membranes displayed similar trends', '34 membrane showed co2']"
1630,10.1016/j.memsci.2018.08.041,Vapor separation of methanol-dimethyl carbonate mixture on SAPO-34 zeolite membrane,2018,,,"['6 mpa pressure drop', 'methanol adsorption induced expansion', 'methanol flux decreased substantially']"
1631,10.1016/j.memsci.2018.09.049,Carbon dioxide/alkane separations in a SSZ-13 membrane,2018,,,"['predict permeation behavior', 'permeation measurements indicate', 'using adsorption measurements']"
1632,10.1016/j.memsci.2018.11.049,Ultrafast synthesis of thin all-silica DDR zeolite membranes by microwave heating,2019,,,"['14 mpa pressure drop', '7 mol /( m2', 'silica ddr zeolite membrane']"
1633,10.1016/j.memsci.2018.12.021,SAPO-34 membranes for xenon capture from air,2019,,,"['gas mixtures represents one', 'challenging molecular gas separations', 'benchmark technology used']"
1634,10.1016/j.memsci.2019.03.061,All-silica DD3R zeolite membrane with hydrophilic-functionalized surface for efficient and highly-stable pervaporation dehydration of acetic acid,2019,,,"['wca ), sem', 'strong inorganic acids', 'stable pervaporation dehydration']"
1635,10.1016/j.memsci.2019.03.073,Enhancing plasticization-resistance of mixed-matrix membranes with exceptionally high CO2/CH4 selectivity through incorporating ZSM-25 zeolite,2019,,,"['binary gas measurements indicate', 'binary gas permeability using', 'single gas permeation tests']"
1636,10.1016/j.memsci.2019.04.046,Scale-up of NaA zeolite membranes using reusable stainless steel tubes for dehydration in an industrial plant,2019,,,"['macroporous tubular stainless steel', 'scale naa zeolite membranes', 'flux naa membranes prepared']"
1637,10.1016/j.memsci.2019.05.047,Defect-free high-silica CHA zeolite membranes with high selectivity for light gas separation,2019,,,"['around 2 x 10', 'zeolite membrane layer', 'wise temperature increase']"
1638,10.1016/j.memsci.2019.117569,Advanced scalable zeolite “ions-sieving” composite membranes with high selectivity,2020,,,"['highly selective composite membranes', 'highest performance ever reported', 'sulfone )/ sulfonated poly']"
1639,10.1016/j.memsci.2019.117647,Synthesis of ethanol perm-selective MFI zeolite membranes by binary structure directing agents,2020,,,"['xrd ), single', 'sem ), x', 'scanning electron microscopy']"
1640,10.1016/j.memsci.2020.117825,"A new seeding method, dry rolling applied to synthesize SAPO-34 zeolite membrane for nitrogen/methane separation",2020,,,"['homogeneous seed layer due', 'optimum condition showed n2', 'secondary growth process compared']"
1641,10.1016/j.memsci.2020.118023,High performance SSZ-13 membranes prepared at low temperature,2020,,,"['milled nano cha seeds', 'micron range mainly came', 'low temperature synthesis avoided']"
1642,10.1016/j.micromeso.2003.08.022,Formation of mesopores in zeolite beta by steaming: a secondary pore channel system in the (001) plane,2003,,,"['newly formed cylindrical mesopores', 'new porous network consists', 'dealuminated macrocrystalline beta zeolites']"
1643,10.1016/j.micromeso.2003.09.012,Improvement of zeolite NaA nucleation sites on (001) rutile by means of UV-radiation,2003,,,"['irradiated tio2 support appears', 'improved wetting properties', 'coated membrane supports']"
1644,10.1016/j.micromeso.2003.09.025,Light hydrocarbon sorption properties of pure silica Si-CHA and ITQ-3 and high silica ZSM-58,2004,,,"['light hydrocarbon sorption properties', 'ddr structure type ),', 'high silica zsm']"
1645,10.1016/j.micromeso.2003.09.027,Molecular sieve synthesis using alkylated sparteine derivatives as structure-directing agents,2004,,,"['two new sparteine derivatives', 'single crystal x', 'ray structures obtained']"
1646,10.1016/j.micromeso.2003.10.012,Effect of acidity and anions on synthesis of AFI molecular sieves in wide pH range of 3–10,2004,,,"['high aspect ratio', 'afi molecular sieve', 'crystal size increased']"
1647,10.1016/j.micromeso.2003.11.005,"Preparation, characterization and reactivity of V- and/or Co-containing AlPO-18 materials (VCoAPO-18) in the oxidative dehydrogenation of ethane",2004,,,"['solid state mas nmr', 'catalytic results give evidence', 'spectroscopic techniques employed']"
1648,10.1016/j.micromeso.2003.11.017,Synthesis of zeolite beta in fluoride media under microwave irradiation,2004,,,"['affect overall synthesis time', 'ammonium fluoride accelerated', 'synthesis solution might']"
1649,10.1016/j.micromeso.2003.12.011,"Reinvestigation into the synthesis of zeolites using diquaternary alkylammonium ions (CH3)3N+(CH2)
                  n
               N+(CH3)3 with n=3–10 as structure-directing agents",2004,,,
1650,10.1016/j.micromeso.2003.12.015,Hydrothermal synthesis and structure of ASU-14 topological framework by using ethylenediamine as a structure-directing agent,2004,,,"['aqueous solution containing geo2', 'ray powder diffraction analysis', 'single crystal diffraction']"
1651,10.1016/j.micromeso.2003.12.020,Morphological and surface analysis of titanosilicate ETS-4 synthesized hydrothermally with organic precursors,2004,,,"['afm measured step height', 'intergrown plate crystallites', '10 +- 0']"
1652,10.1016/j.micromeso.2003.12.025,Interactions of water and methanol with MeAPO-5. FTIR microspectroscopic study on single crystals,2004,,,"['afi type molecular sieves', 'free stretching oh vibrations', '5 materials interacted primarily']"
1653,10.1016/j.micromeso.2004.02.003,Microwave-assisted preparation of zeolite K–H from alumatrane and silatrane,2004,,,"['obtaining crystalline product results', 'sio2 ratio also influences', 'wide ph range']"
1654,10.1016/j.micromeso.2004.02.010,Synthesis and crystallization mechanism of zeolite TS-2 by microwave and conventional heating,2004,,,"['whereas extraframework tio2 phases', 'starting clear synthesis gel', 'clear liquid gels']"
1655,10.1016/j.micromeso.2004.03.010,"Synthesis and characterization of Al,B-levyne type crystals from gels containing methyl-quinuclidinium ions",2004,,,
1656,10.1016/j.micromeso.2004.03.014,Distribution of cobalt atoms in microporous gallophosphates: first approach by 31P NMR spin echo mapping,2004,,,
1657,10.1016/j.micromeso.2004.03.025,"The directing role of 1,4-diazabicyclo[2,2,2]octane (DABCO)-phosphate unit in synthesis of zincophosphate faujasite (ZnPO-X) ☆",2004,,,"['ray diffraction study', 'like zincophosphate framework', 'structure directing behavior']"
1658,10.1016/j.micromeso.2004.03.029,Characterization of titanosilicate ETS-4 crystals grown from synthesis mixtures of different alkalinity,2004,,,"['bridging unit containing semi', 'spherulites obtained decreased whereas', 'step height nicely coincides']"
1659,10.1016/j.micromeso.2004.03.030,Synthesis of titanosilicate ETS-4 with controlled morphology and investigation of its crystallization kinetics,2004,,,"['sulfuric acid added', 'overall molar composition', 'largest dimension coinciding']"
1660,10.1016/j.micromeso.2004.03.032,Measurements of diffusion through a zeolite membrane using isotopic-transient pervaporation,2004,,,"['5 zeolite membrane', '20 times faster', 'transient responses']"
1661,10.1016/j.micromeso.2004.04.008,"Aligned monolayer assembly of zeolite crystals on platinum, gold, and indium–tin oxide surfaces with molecular linkages",2004,,,"['crystals also readily self', 'uniformly aligned monolayers', 'glass upon refluxing']"
1662,10.1016/j.micromeso.2004.06.007,ERS-12: A new layered tetramethylammonium silicate composed by ferrierite layers,2004,,,
1663,10.1016/j.micromeso.2004.06.016,Synthesis of ZSM-5 zeolite in fluoride media: an innovative approach to tailor both crystal size and acidity,2004,,,"['specific surface areas', 'specific surface area', 'crystal size ranging']"
1664,10.1016/j.micromeso.2004.06.018,High silica zeolite Y nanocrystals by dealumination and direct synthesis,2004,,,"['40 nm size range', 'ir ), n2 adsorption', 'two distinct weight losses']"
1665,10.1016/j.micromeso.2004.06.023,Synthesis and characterization of IM-10: a new microporous silicogermanate with a novel topology,2004,,,
1666,10.1016/j.micromeso.2004.06.027,Low temperature synthesis and properties of ZSM-5 aggregates formed by ultra-small nanocrystals,2004,,,"['typically around 200 m2', 'high external surface area', 'potentially interesting catalyst']"
1667,10.1016/j.micromeso.2004.07.009,A study of Silicalite-1 and Al-ZSM-5 membrane synthesis on stainless steel supports,2004,,,"['comparable hydrogen permeation rates', 'membrane synthesis procedure proved', 'despite lower membrane thicknesses']"
1668,10.1016/j.micromeso.2004.07.010,Synthesis and characterization of nanoporous nickel phosphates VSB-1 with systematic doping of cobalts in the frameworks,2004,,,"['0 mol .% relative', 'cobalt ions substitute predominantly', 'vis spectra reveal']"
1669,10.1016/j.micromeso.2004.07.019,Microwave-assisted hydrothermal synthesis of hydroxy-sodalite zeolite membrane,2004,,,"['gas permeation results showed', 'stage synthesis procedure produced', 'high quality pure hydroxy']"
1670,10.1016/j.micromeso.2004.07.032,Non-thermal calcination by ultraviolet irradiation in the synthesis of microporous materials,2004,,,"['medium pressure mercury lamp', 'confirmed using three test', 'transform infrared spectroscopy']"
1671,10.1016/j.micromeso.2004.07.034,Investigations on iron substitution in VPI-5 and its redox behavior,2004,,,"['ray absorption spectroscopy', 'large pore iron', 'reduced material']"
1672,10.1016/j.micromeso.2004.07.040,A pair distribution function analysis of zeolite beta,2005,,,"['two neutron scattering datasets', 'two datasets gave', 'pair distribution function']"
1673,10.1016/j.micromeso.2004.08.011,Raman investigation of the SUZ-4 zeolite,2005,,,"['studied using raman spectroscopy', 'high frequency region', 'bronsted acid sites']"
1674,10.1016/j.micromeso.2004.08.022,The effects of seeding in the synthesis of zeolite ZSM-48 in the presence of tetramethylammonium ion,2005,,,
1675,10.1016/j.micromeso.2004.09.020,"Hydrothermal synthesis, crystal structure and thermal behaviour of a zincoborophosphate, (H4TETA)1.5[Zn6B6P12O48]·1.5H2O (TETA=triethylenetetraamine), with a chiral tetrahedral framework (CZP framework type)",2005,,,"['known sodium zincoborophosphate hydrate', 'upon heating 1 loses', 'zno ), h3bo3']"
1676,10.1016/j.micromeso.2004.10.008,Meso/macroporous AlPO-5 spherical macrostructures tailored by resin templating,2005,,,"['different treatment times using', 'calcination leaving behind self', 'nitrogen adsorption measurements']"
1677,10.1016/j.micromeso.2004.10.014,Fluorine-containing organic molecules as structure directing agents in the synthesis of crystalline microporous materials. Part I: Synthesis of AlPO4-5 and SAPO-5 from fluorobenzyl-pyrrolidine,2005,,,"['structure directing agents used', 'structure directing role', 'para positions deteriorates']"
1678,10.1016/j.micromeso.2004.10.016,Thin ZSM-5 film catalysts on quartz and alumina supports,2005,,,"['soda glass supported catalysts', 'quartz supported catalysts', 'zero rate constants']"
1679,10.1016/j.micromeso.2004.10.023,Investigation into the role of MgO in the synthesis of MAPO-11 large single crystals,2005,,,"['31p magic angle spinning', '27al magic angle spinning', 'molecular sieve single crystals']"
1680,10.1016/j.micromeso.2004.11.004,In situ diagnostics of zeolite crystallization by ultrasonic monitoring,2005,,,"['ex situ xrd analysis', 'synthesis gels caused', 'phase sensitive measurement']"
1681,10.1016/j.micromeso.2004.11.013,Selective crystallization of CoAPO-34 and VAPO-5 molecular sieves under microwave irradiation in an alkaline or neutral condition,2005,,,"['kinetically favorable meapo phase', 'microwave synthesis gives rise', 'incorporated aluminophosphate molecular sieves']"
1682,10.1016/j.micromeso.2004.12.003,Synthesis of long zeolite-L crystals with flat facets,2005,,,"['crystals whose one end', 'commonly used al source', 'side planes upon heating']"
1683,10.1016/j.micromeso.2004.12.027,"Preparation, channel surface hydroxyl characterization and photoluminescence properties of nanoporous nickel phosphate VSB-1",2005,,,"['reactions requiring bronsted acidity', 'ion exchange studies showed', 'enhanced pl intensities']"
1684,10.1016/j.micromeso.2005.01.006,Hydrothermal synthesis of titanosilicate ETS-10 using Ti(SO4)2,2005,,,"['ternary reaction composition diagram', 'square basal plane shared', 'narrow reaction composition zone']"
1685,10.1016/j.micromeso.2005.01.026,Preparation and characterization of UTD-12/ZSM-48 thin films via pulsed-laser deposition,2005,,,"['organic structure directing agent', 'onto stainless steel foil', 'hydrothermal treatment process utilizing']"
1686,10.1016/j.micromeso.2005.01.029,Competitive nucleation and growth in seeded batch crystallization of titanosilicate ETS-10 using Ti(SO4)2,2005,,,"['0 wt .% resulted', '300 ), seed crystals', 'seeded batch crystallizations']"
1687,10.1016/j.micromeso.2005.02.008,Magnesioaluminophosphate molecular sieves with ATS topology: Synthesis by dry-gel conversion method and catalytic properties in the isopropylation of biphenyl,2005,,,
1688,10.1016/j.micromeso.2005.02.013,Enhancement of the basic properties in FAU zeolites by impregnation with cesium hydroxide,2005,,,"['show catalytic activity due', 'toluene methylation without affecting', 'good initial basic properties']"
1689,10.1016/j.micromeso.2005.04.009,The synthesis of large crystals of zeolite Y re-visited,2005,,,
1690,10.1016/j.micromeso.2005.04.018,Template synthesis and characterization of a novel three-dimensional open-framework indium phosphate (C6N4H22)1/2[In3(HPO4)6]·H3O,2005,,,"['protonated organic amine molecules', 'prepared hydrothermally using trithylenetetramine', '6 ]* h3o crystallized']"
1691,10.1016/j.micromeso.2005.04.025,"Solvent effects in the synthesis of CoAPO-5, -11 and -34 molecular sieves",2005,,,
1692,10.1016/j.micromeso.2005.05.011,Synthesis and characterization of a gallosilicate analog of zeolite paulingite,2005,,,
1693,10.1016/j.micromeso.2005.05.017,Synthesis of high silica mordenite nanocrystals using o-phenylenediamine template,2005,,,"['template route method using', 'several techniques including xrd', 'al molar ratios 38']"
1694,10.1016/j.micromeso.2005.05.020,Thermal analyses of various alkylamines-templated aluminophosphate AlPO4-21,2005,,,"['xrd ), tg', 'two al atoms', 'ray powder diffraction']"
1695,10.1016/j.micromeso.2005.05.045,Spectroscopic characterization of iron-containing MCM-58,2006,,,"['29si mas nmr spectroscopy', 'paramagnetic high spin fe', 'iii ), isolated fe']"
1696,10.1016/j.micromeso.2005.06.023,[C3N2H12]·[MnAl3P4O17]·[H3O]: A manganese (II)-substituted aluminophosphate with zeotype AFN topology,2005,,,"['protonated h2o molecules reside', 'h3o ], triclinic p', 'ii )- substituted aluminophosphate']"
1697,10.1016/j.micromeso.2005.06.029,Non-ionic-microemulsion mediated growth of zeolite A,2005,,,"['longer time periods show', 'microemulsion induces rapid growth', 'control experiments demonstrate']"
1698,10.1016/j.micromeso.2005.06.032,Zeolite Y coatings on Al-2024-T3 substrate by a three-step synthesis method,2005,,,"['high ph conditions required', 'aluminum alloy 2024', 'step synthesis method']"
1699,10.1016/j.micromeso.2005.07.020,Fabrication of analcime zeolite fibers by hydrothermal synthesis,2005,,,"['thermal stability', 'synthesis sol', 'surface morphology']"
1700,10.1016/j.micromeso.2005.08.001,Synthesizing pure AlPO4-41 phase from the gels containing H3PO3 as the phosphorous source: A new reproducible route,2005,,,"['gels containing h3po3 favor', 'high crystallinity pure phase', 'new reproducible route']"
1701,10.1016/j.micromeso.2005.08.015,Hydrothermal synthesis of oriented ETS-4 films on porous α-alumina substrates,2006,,,"['procedure involved two steps', 'highest growth rate along', 'static synthesis conditions']"
1702,10.1016/j.micromeso.2005.08.030,Effect of the acid properties on the diffusion of C7 hydrocarbons in UL-ZSM-5 materials,2006,,,"['state crystallization starting', 'like mesostructured aluminosilicates', 'synthesized following']"
1703,10.1016/j.micromeso.2005.08.032,Ethylbenzene isomerization over bifunctional platinum alumina–EUO catalysts: Location of the active sites,2006,,,"['weight hourly space velocity', 'large side pockets located', 'temperature 683 k']"
1704,10.1016/j.micromeso.2005.08.035,Solid state NMR investigation of the structure of AlPO4-14A,2006,,,"['unique structural features related', 'h )- al linkage', 'h )- al bonds']"
1705,10.1016/j.micromeso.2005.08.040,In situ growth of AlPO4-5 molecular sieve on stainless steel support,2006,,,"['axis oriented film based', 'type molecular sieve', 'stainless steel slice']"
1706,10.1016/j.micromeso.2005.09.008,Microwave-assisted synthesis of [Cr]APO-5,2006,,,"['completed within 30min whereas', 'conventional hydrothermal crystallization took', 'different probe molecules']"
1707,10.1016/j.micromeso.2005.09.018,Synthesis of molecular sieves using ketal structure-directing agents and their degradation inside the pore space,2006,,,"['eight quaternary ammonium compounds', '13c cp mas nmr', 'readily inside molecular sieves']"
1708,10.1016/j.micromeso.2005.09.025,On the mechanism of zeolite growing: Crystallization by seeding with delayered zeolites,2006,,,
1709,10.1016/j.micromeso.2005.09.028,"Amorphous microporous molecular sieves with different pore dimensions and topologies: Synthesis, characterization and catalytic activity",2006,,,"['organic structure directing agents', 'hydrothermally stable upon calcination', 'shape selective catalysts']"
1710,10.1016/j.micromeso.2005.10.016,Synthesis and thermal stability of beta zeolite using ammonium fluoride,2006,,,"['much less framework defects', 'highly crystalline bea zeolites', 'bea zeolites synthesized']"
1711,10.1016/j.micromeso.2005.10.042,"Study of Mn incorporation into SAPO framework: Synthesis, characterization and catalysis in chloromethane conversion to light olefins",2006,,,"['29si mas nmr study', '34 demonstrated higher activity', 'two weight losses']"
1712,10.1016/j.micromeso.2005.10.047,"The disordered structure of silica zeolite EU-20b, obtained by topotactic condensation of the piperazinium containing layer silicate EU-19",2006,,,"['nitrogen sorption experiments showed', '29si mas nmr spectroscopy', 'organic pore fillers due']"
1713,10.1016/j.micromeso.2005.11.030,"Two new aluminophosphates, IST-1 and IST-2: First examples of a dual templating role of water and methylamine in generating microporous structures",2006,,,"['2 appears structurally related', 'half surprisingly bonds directly', 'state nmr studies showed']"
1714,10.1016/j.micromeso.2005.12.019,Low-voltage high-resolution scanning electron microscope imaging of the uncoated and Cr-coated zeolite Beta,2006,,,"['slow scanning speed could', 'deposit thin cr films', '2 nm cr films']"
1715,10.1016/j.micromeso.2006.02.006,"Ce-containing Mordenites: Synthesis, structure and reactivity towards NO and CO gases",2006,,,"['vis diffuse reflectance spectroscopy', 'components forming mordenite zeolite', '5 wt .% ce']"
1716,10.1016/j.micromeso.2006.02.021,Synthesis and characterization of hybrid organozeolites with high organic content,2006,,,"['(~ 9 wt .%', 'introduce high carbon content', 'maintaining high porosity']"
1717,10.1016/j.micromeso.2006.03.006,Synthesis and characterization of a new open-framework aluminophosphate C4N3H16·Al4P5O20(H2O)2 (AlPO-CJ31),2006,,,"['po4 tetrahedra gives rise', 'membered ring channels along', 'state nmr techniques']"
1718,10.1016/j.micromeso.2006.04.001,A novel zeolite-like structure based on zinc and aluminum phosphate synthesized from H3PO3-containing gel,2006,,,"['synthesized using phosphorous acid', 'monoclinic space group c2', '0 0 1 ].']"
1719,10.1016/j.micromeso.2006.04.003,"Synthesis, characterization, and catalytic properties of MWW zeolite with variable Si/Al ratios",2006,,,"['partial dealumination takes place', 'lamellar mww zeolite precursor', 'calcined mww zeolite']"
1720,10.1016/j.micromeso.2006.04.008,"Synthesis, characterization and catalysis of (Co, V)-, (Co, Cr)- and (Cr, V)APO-5 molecular sieves",2006,,,"['27al mas nmr techniques', 'two framework oxygen atoms', 'catalytic performance remained stable']"
1721,10.1016/j.micromeso.2006.05.028,"Further investigations into “Zeolite synthesis using flexible diquaternary alkylammonium ions (C
                  n
               H2n+1)2HN+(CH2)5N+H(C
                  n
               H2n+1)2 with n
               =1–5 as structure-directing agents”",2006,,,"['molecular modeling studies performed', 'modeling studies show', 'structure directing agent']"
1722,10.1016/j.micromeso.2006.05.037,Synthesis of b-axis oriented high silica MFI type zeolite crystals introduced with co-template role,2006,,,"['13c cp mas nmr', 'axis oriented zeolite crystals', 'obtained zeolite crystals']"
1723,10.1016/j.micromeso.2006.06.002,Micropatterned monolayer assembly of zeolite microcrystals on glass by ionic linkages,2006,,,"['readily decarboxylated upon irradiation', 'showed ag 3d bands', 'two absorption bands']"
1724,10.1016/j.micromeso.2006.06.027,Synthesis and characterization of cobalt substituted aluminophosphate molecular sieve: Co-SSZ-51 under microwave-hydrothermal conditions,2006,,,"['visible diffuse reflectance spectroscopy', 'aluminophosphate molecular sieve ssz', 'structure directing agent']"
1725,10.1016/j.micromeso.2006.06.038,A comparative study of zeolites SSZ-33 and MCM-68 for hydrocarbon trap applications,2006,,,"['hydrocarbon trap employing temperature', 'later material desorbs toluene', 'somewhat higher temperature']"
1726,10.1016/j.micromeso.2006.07.018,A new overgrowth of mazzite on faujasite zeolite crystal investigated by X-ray diffraction and electron microscopy,2006,,,"['mazzite overgrew faujasite particles', 'reliable epitaxial relationship', 'mazzite crystals onto']"
1727,10.1016/j.micromeso.2006.07.024,Environmental syntheses of nanosized zeolites with high yield and monomodal particle size distribution,2006,,,
1728,10.1016/j.micromeso.2006.07.034,Effect of probe molecules with different proton affinities on the coordination of boron atoms in dehydrated zeolite H-[B]ZSM-5,2007,,,"['11b quadrupole coupling constant', '11b mas nmr spectroscopy', 'trigonally coordinated boron species']"
1729,10.1016/j.micromeso.2006.08.010,Novel open-framework fluorinated indium phosphate with 14-ring intersecting channels: Assembled from 6∗1 and racemic pillared secondary building units,2006,,,"['6f3 ], features two', 'solid fluorescence properties', 'secondary building units']"
1730,10.1016/j.micromeso.2006.08.031,Micro/mesoporous aluminosilicate composites from zeolite MCM-22 precursor,2007,,,"['step hydrothermal synthesis procedure', 'second step mesoporous mcm', 'mesoporous aluminosilicate composites']"
1731,10.1016/j.micromeso.2006.09.034,Zeolite synthesis using mechanochemical reaction,2007,,,"['succeeding hydrothermal treatment', 'several characterization results', 'planetary ball mill']"
1732,10.1016/j.micromeso.2006.09.035,Influence of pH and Si content on Si incorporation in SAPO-5 and their catalytic activity for isomerisation of n-heptane over Pt loaded catalysts,2007,,,
1733,10.1016/j.micromeso.2006.10.007,Effects of silicon sources on the formation of nanosized LTA: An in situ small angle X-ray scattering and wide angle X-ray scattering study,2007,,,"['al sites changes progressively', '29si nmr spectra suggest', '17 nm sized particles']"
1734,10.1016/j.micromeso.2006.10.012,(S)-(−)-N-benzylpyrrolidine-2-methanol: A new and efficient structure directing agent for the synthesis of crystalline microporous aluminophosphates with AFI-type structure,2007,,,"['potential catalytic properties', 'different dopants within', 'characterization results demonstrated']"
1735,10.1016/j.micromeso.2006.10.023,"Solvothermal synthesis of germanosilicate-sodalite and silica-sodalite: Effects of water, germanium and fluoride",2007,,,"['dense crystalline silica phase', 'significantly affect sodalite crystallization', 'small amounts acts']"
1736,10.1016/j.micromeso.2006.10.033,"NCL-7, A novel all silica analog of polymorph B rich member of BEA family: Synthesis and characterization",2007,,,"['highly disordered rietveld refinement', 'synthesized using hydrothermal method', 'rich bea type structure']"
1737,10.1016/j.micromeso.2006.11.005,"SU-21, a layered silicogermanate with organic amines covalently-bonded to germanium",2007,,,
1738,10.1016/j.micromeso.2006.11.008,New zeolite topologies based on intergrowths of FAU/EMT systems,2007,,,"['75 %), using', '25 %, 50', 'xylene catalytic reactions']"
1739,10.1016/j.micromeso.2007.01.025,Novel fluorinated indium phosphate with a double-layers structure: Assembled from racemic chiral building units,2007,,,"['new fluorinated indium phosphate', 'hydrothermally prepared employing ethylenediamine', 'ray diffraction analysis reveals']"
1740,10.1016/j.micromeso.2007.01.034,Effect of template concentration and gel dilution on crystallization and particle size of zeolite beta in the absence of alkali cations,2007,,,"['h2o system without', 'concentrated gel favoured', 'sio2 molar ratio']"
1741,10.1016/j.micromeso.2007.01.048,Multinuclear and multidimensional solid-state NMR characterization of EMM-8,2007,,,"['directing agent remains intact', 'least three distinct environments', '1h nmr indicate non']"
1742,10.1016/j.micromeso.2007.02.011,Influence of the in situ decomposition of ethylformamide on the gallophosphates crystallization,2007,,,"['solid state nmr spectroscopy', 'following chemical formula gap2o7f', 'new synthesis route developed']"
1743,10.1016/j.micromeso.2007.02.031,Transformation of MCM-22(P) into ITQ-2: The role of framework aluminium,2007,,,"['investigate systematically', 'different mcm', 'paper']"
1744,10.1016/j.micromeso.2007.02.038,The influence of reactants and Al/Ga/Si ratios on the synthesis of CGS structured zeolites,2007,,,
1745,10.1016/j.micromeso.2007.02.046,Ruthenium-containing small-pore zeolites for shape-selective catalysis,2007,,,"['aqueous calcium nitrate solution', '0 wt .% resulted', 'intrazeolitic ruthenium species could']"
1746,10.1016/j.micromeso.2007.03.040,Lithium dynamics in the zeolite-like lithosilicate RUB-29 and its high-temperature structure after dehydration (Cs14Li42Si72O172),2008,,,"['dc conductivity values estimated', 'ac impedance spectra lie', 'bulk charge transfer process']"
1747,10.1016/j.micromeso.2007.03.043,Synthesis of ZSM-5 zeolite from rice husk ash: Characterization and implications for photocatalytic degradation catalysts,2008,,,"['charge transfer excited complex', 'metal oxides inside zeolites', 'samples characterization including xrd']"
1748,10.1016/j.micromeso.2007.03.046,"Synthesis and characterisation of as-synthesised Mu-26, a zeolitic material with the STF framework topology",2007,,,
1749,10.1016/j.micromeso.2007.04.019,Synthesis and morphological control of large titanosilicate ETS-10 crystals,2008,,,"['square truncated bipyramidal crystals', 'grown upon decreasing x', 'water suppressed three']"
1750,10.1016/j.micromeso.2007.04.031,Phase-selective crystallization of cobalt-incorporated aluminophosphate molecular sieves with large pore by microwave irradiation,2008,,,"['12 mr ), rather', 'stable coapo molecular sieves', 'several cobalt aluminophosphate']"
1751,10.1016/j.micromeso.2007.05.002,"Influence of aluminum content, crystallinity and crystallite size of zeolite Pd/H-ZSM-5 on the catalytic performance in the dehydroalkylation of toluene with ethane",2008,,,"['physicochemically characterized using x', '1h mas nmr spectroscopy', 'industrially relevant test reaction']"
1752,10.1016/j.micromeso.2007.05.003,SBE type cobalt aluminophosphate nanoporous materials: Degradation of the structure-directing agent,2008,,,"['unit cell cage diameter', 'ir spectroscopy data confirmed', 'theoretical unit cell data']"
1753,10.1016/j.micromeso.2007.05.049,Supramolecular assemblies of fluoro-aromatic organic molecules as structure directing agents of microporous materials: Different effects of fluorine,2008,,,
1754,10.1016/j.micromeso.2007.05.051,"Crystal growth of AlPO-5, AlPO-15, and AlPO-21 from aluminum foil",2008,,,"['grown using al metal', 'systematically changing temperature', 'appropriate organic amines']"
1755,10.1016/j.micromeso.2007.06.005,Crystallization of zeolite beta in the presence of chiral amine or rhodium complex,2008,,,"['c 2 symmetry induced', 'secondary structure directing agents', 'acidic condition whose advantage']"
1756,10.1016/j.micromeso.2007.06.017,Reversible H2 storage using a SAPO-34 zeolite layer,2008,,,"['made essentially impermeable', 'least five days', 'h2 flux increased']"
1757,10.1016/j.micromeso.2007.06.019,Preparation of ITQ-29 (Al-free zeolite A) membranes,2008,,,"['propane selectivities well', 'corresponding knudsen values', 'alumina tubular supports']"
1758,10.1016/j.micromeso.2007.07.014,Separating nitrogen/methane on zeolite-like molecular sieves,2008,,,"['specific retention volumes', 'inverse gas chromatography', 'framework metal cations']"
1759,10.1016/j.micromeso.2007.07.023,"Synthesis, characterization and catalytic properties of SAPO-34 synthesized using diethylamine as a template",2008,,,"['successfully synthesized using diethylamine', 'nitrogen adsorption techniques', 'exhibits good thermal']"
1760,10.1016/j.micromeso.2007.07.040,Preparation and characterization of sodium-free nanocrystalline sodalite,2008,,,
1761,10.1016/j.micromeso.2007.09.001,"Structure, acidity and redox properties of MCM-22 ferrisilicate",2008,,,"['weaker intrinsic acid strength', 'hexamethyleneimine template showed relation', 'framework via oxygen atoms']"
1762,10.1016/j.micromeso.2007.09.022,Crystallization and morphology of zeolite MCM-22 influenced by various conditions in the static hydrothermal synthesis,2008,,,"['various static hydrothermal systems', 'much shorter induction period', 'different particle sizes']"
1763,10.1016/j.micromeso.2007.09.039,Crystal size control of transition metal ion-incorporated aluminophosphate molecular sieves: Effect of ramping rate in the syntheses,2008,,,
1764,10.1016/j.micromeso.2007.10.010,Microwave-hydrothermal synthesis and characterization of silico-aluminophosphate molecular sieve: SSZ-51,2008,,,"['tga ), nitrogen adsorption', 'pxrd ), thermogravimetric analysis', 'obtained results clearly demonstrated']"
1765,10.1016/j.micromeso.2007.10.012,Control of framework stoichiometry in MeGaPO laumontites using 1-methylimidazole as structure-directing agent,2008,,,
1766,10.1016/j.micromeso.2007.11.003,Hydrothermal conversion of FAU zeolite into RUT zeolite in TMAOH system,2008,,,"['following molar ratios', 'starting fau zeolite', 'fau zeolite used']"
1767,10.1016/j.micromeso.2007.11.042,"Adsorption of carbon dioxide, methane, nitrogen, oxygen and argon in NaETS-4",2008,,,"['4 structure starts collapsing', 'co2 also decreased drastically', 'highest equilibrium adsorption capacity']"
1768,10.1016/j.micromeso.2007.11.044,Post-transformation of MWW-type lamellar precursors into MCM-56 analogues,2008,,,"['corresponding lamellar precursors made', 'relatively smaller crystal size', '56 structure depended greatly']"
1769,10.1016/j.micromeso.2007.11.046,Development of mixed matrix membranes based on zeolite Nu-6(2) for gas separation,2008,,,"['gas permeation tests carried', '538 kpa retentate pressure', 'ch4 binary mixture revealed']"
1770,10.1016/j.micromeso.2007.11.052,Formation of clathrasil layers by secondary growth of DOH-type nuclei for gas separation applications,2008,,,"['zeolite framework type doh', 'therefore offers high chemical', 'interesting microporous membrane material']"
1771,10.1016/j.micromeso.2007.12.032,Synthesis of highly siliceous ZSM-5 zeolite using silica from rice husk ash,2008,,,"['high specific surface area', 'crystalline rice husk ash', 'simple synthetic route']"
1772,10.1016/j.micromeso.2007.12.041,Layered silicate by proton exchange and swelling of AMH-3,2008,,,"['procedure involving sequential intercalation', 'improved selectivity nanocomposite membranes', 'investigated using characterization techniques']"
1773,10.1016/j.micromeso.2008.01.017,Fluorine-containing organic molecules as structure directing agents in the synthesis of crystalline microporous materials. Part III: Synthesis of all-silica zeolites from fluorine-containing derivatives of 1-benzyl-1-methylpyrrolidinium,2008,,,"['pure silica molecular sieves', 'small pore octadecasil structure', 'structure directing agent may']"
1774,10.1016/j.micromeso.2008.01.022,Influence of template on Si distribution of SAPO-11 and their performance for n-paraffin isomerization,2008,,,"['29si mas nmr showed', 'abundant weak acid sites', 'synthesized using single agent']"
1775,10.1016/j.micromeso.2008.01.030,Synthesis of SAPO-34 templated by diethylamine: Crystallization process and Si distribution in the crystals,2008,,,"['mediated transport mechanism occurred', 'gel transformation cannot', '1 h ).']"
1776,10.1016/j.micromeso.2008.02.006,The competition of organic amines and the phosphorus source on directing the formation of aluminophosphate-based molecular sieves with chabazite structure,2008,,,
1777,10.1016/j.micromeso.2008.02.037,Crystallization of magnesium substituted aluminophosphate of type-36 as studied by solid-state NMR spectroscopy,2008,,,"['aluminophosphate molecular sieve mgapo', 'possible evolution mechanism consisting', 'fully condensed p species']"
1778,10.1016/j.micromeso.2008.02.038,Accelerated synthesis of all-silica DD3R and its performance in the separation of propylene/propane mixtures,2008,,,
1779,10.1016/j.micromeso.2008.04.001,Crystallization behavior of zeolite beta with balanced incorporation of silicon and aluminum synthesized from alkali metal cation-free mixture,2008,,,"['sodium cations also induces', 'aluminum species strongly affects', 'hydrothermally crystallized zeolite beta']"
1780,10.1016/j.micromeso.2008.04.004,Comparison of four catalysts in the catalytic dehydration of ethanol to ethylene,2008,,,"['moderately strong acid strength', 'xrd ), infrared spectroscopy', 'ir ), h2 temperature']"
1781,10.1016/j.micromeso.2008.04.006,Synthetic investigation on MCM-68 zeolite with MSE topology and its application for shape-selective alkylation of biphenyl,2008,,,
1782,10.1016/j.micromeso.2008.04.008,A case study of divergent structure directing effects of geometric isomers: The discovery of a new structure directing agent for an all-silica RTH zeolite prepared in fluoride media,2008,,,"['polycyclic structure directing agent', 'performed detailed nmr analyses', 'report describes experimental work']"
1783,10.1016/j.micromeso.2008.04.010,Nanosized EDI-type molecular sieve,2008,,,
1784,10.1016/j.micromeso.2008.06.001,"MgAPSO-34 molecular sieves with various Mg stoichiometries: Synthesis, characterization and catalytic behavior in the direct transformation of chloromethane into light olefins",2008,,,"['solid state mas nmr', '31p mas nmr spectra', 'vis spectroscopic study evidenced']"
1785,10.1016/j.micromeso.2008.06.013,Synthesis of nanosized ZSM-2 zeolite with potential acid catalytic properties,2009,,,"['high surface area values', 'drift ), nitrogen sorptometry', 'suitable surface acid properties']"
1786,10.1016/j.micromeso.2008.06.036,SU-57 – An aluminosilicogermanate with a DFT topology and variable composition,2009,,,"['29si solid state nmr', 'ge cation concentrations vary', 'two unique tetrahedral']"
1787,10.1016/j.micromeso.2008.07.040,Tetramethylguanidine-templated synthesis of aluminophosphate-based microporous crystals with AFI-type structure,2009,,,"['microporous crystalline spheres would', 'sem ), nitrogen isotherms', 'nitrogen isotherms show']"
1788,10.1016/j.micromeso.2008.08.043,Zeolite synthesis using 1-benzyl-1-methylpyrrolidinium in the presence of Na+ as co-structure directing agent,2009,,,
1789,10.1016/j.micromeso.2008.09.011,"The synthesis, characterization, and structure solution of SSZ-56: An extreme example of isomer specificity in the structure direction of zeolites",2009,,,
1790,10.1016/j.micromeso.2008.09.018,Detemplation of DDR type zeolites by ozonication,2009,,,"['showing porosity characteristics equal', 'thermally calcined sample', 'much lower temperatures']"
1791,10.1016/j.micromeso.2008.09.023,"Synthesis, structural and acidity characterizations of the large-pore zeolite SSZ-42 for controlling cold-start emissions",2009,,,"['11b mas nmr confirmed', '11b mas nmr', 'two materials due']"
1792,10.1016/j.micromeso.2008.09.032,Study of n-octene aromatization over nanoscale HZSM-5 zeolite,2009,,,"['strong acid sites leads', 'strong acid sites results', 'strong acid sites']"
1793,10.1016/j.micromeso.2008.10.023,The bulk material dissolution method with small amines for the synthesis of large crystals of the siliceous zeolites ZSM-22 and ZSM-48,2009,,,"['scanning electron microscopy shows', 'using single crystal x', '800degc produces crystals free']"
1794,10.1016/j.micromeso.2008.10.033,Basic catalytic properties of as-synthesized molecular sieves,2009,,,"['showed distinct activity behavior', 'calcined siliceous molecular sieves', 'possibly balancing framework anions']"
1795,10.1016/j.micromeso.2008.11.002,Aggregation behavior of (S)-(−)-N-benzylpyrrolidine-2-methanol in the synthesis of the AFI structure in the presence of dopants,2009,,,"['eventual helicoidal arrangement', 'thermodynamically stable one', 'dimer fluorescence band']"
1796,10.1016/j.micromeso.2008.11.004,Hierarchical architecture observed in microspheres comprising microporous AlPO4-11 nanocrystals,2009,,,"['hydrothermal reaction system possess', 'contain microporous alpo4', 'hierarchical architecture']"
1797,10.1016/j.micromeso.2008.12.020,First unseeded hydrothermal synthesis of microporous vanadosilicate AM-6,2009,,,"['ftir analyses suggest two', 'size (~ 250 nm', 'tetragonal platy ),']"
1798,10.1016/j.micromeso.2008.12.027,Effect of Al content on phase transitions of zeolite MEL,2009,,,"['theoretically predicted powder x', 'experimentally determined powder x', 'density functional theory']"
1799,10.1016/j.micromeso.2009.01.023,Cooperative structure-directing effects in the synthesis of a low-silica zeolite phillipsite analogue,2009,,,"['based media may provide', 'inorganic cation nh4 +.', 'tg analyses confirmed']"
1800,10.1016/j.micromeso.2009.01.033,Synthesis and characterization of organic-functionalized molecular sieves Ph-SAPO-5 and Ph-SAPO-11,2009,,,"['functionalized molecular sieves silicoaluminophosphates', 'two molecular sieves', 'tga analysis prove']"
1801,10.1016/j.micromeso.2009.02.027,Synthesis of LEV zeolite by interzeolite conversion method and its catalytic performance in ethanol to olefins reaction,2009,,,"['conventional amorphous aluminosilicate gel', 'protonated lev zeolite exhibited', 'sda existed intact']"
1802,10.1016/j.micromeso.2009.03.001,Titanosilicate ETS-10 derived from rice husk ash,2009,,,"['bet surface area analyses', 'commercial colloidal silica source', '10 prepared using ludox']"
1803,10.1016/j.micromeso.2009.03.022,Synthesis and characterization of pure-silica-zeolite Beta low-k thin films,2009,,,"['mechanically stability would make', 'psz beta film exhibited', 'secondary growth method']"
1804,10.1016/j.micromeso.2009.03.035,Coexistence of framework Co2+ and non framework Co0 in CoAPO-5,2009,,,"['desired catalytically active sites', 'large pore afi structure', 'two unoxidized framework co2']"
1805,10.1016/j.micromeso.2009.03.039,Zeolite synthesis in the tetraethylammonium–tetramethylammonium mixed-organic additive system,2009,,,
1806,10.1016/j.micromeso.2009.04.033,"N,N,N,N′,N′,N′-hexamethylpentanediammonium-MWW layered precursor: A reaction intermediate in the synthesis of zeolites TNU-9 and EU-1",2009,,,"['pore zeolites tnu', 'linear diquaternary cation', 'latter two zeolites']"
1807,10.1016/j.micromeso.2009.05.001,Synthesis of zeolite T by microwave and conventional heating,2009,,,"['less stable phase compared', 'using conventional refluxing heating', 'different structural building unit']"
1808,10.1016/j.micromeso.2009.05.004,Hydrothermal synthesis of uniform and well-shaped ITQ-29 crystals,2009,,,"['acidic conditions although', 'high quality itq', 'germanium oxide crystallizes']"
1809,10.1016/j.micromeso.2009.05.013,"Synthesis, characterization of COK-5 with different Si/Al ratios and their catalytic properties for the tert-butylation of phenol",2009,,,"['relatively strong acid sites', 'including heterogeneous seeds zsm', 'acid sites located']"
1810,10.1016/j.micromeso.2009.05.023,Synthesis of highly c-oriented AFI membranes by epitaxial growth,2009,,,"['modified seeded growth procedure', '5 seed layers led', 'oriented afi membranes']"
1811,10.1016/j.micromeso.2009.05.026,An effect of the seed species on the PV performance of the secondary synthesized MER zeolite membranes,2009,,,"['porous mullite tubular substrates', 'peculiarly high ethanol permeation', 'electron diffraction patterns revealed']"
1812,10.1016/j.micromeso.2009.05.027,Influence of the carbon precursors on the structural properties of EMT-type nanocasted-carbon replicas,2009,,,"['studying specific properties related', 'specifically examined using acetylene', 'non commercial zeolite emc']"
1813,10.1016/j.micromeso.2009.05.034,Synthesis of large mordenite crystals with different aspect ratios,2009,,,"['obtain large mordenite crystals', 'accessible micropore volume', 'shell mordenite crystals']"
1814,10.1016/j.micromeso.2009.06.019,"Shape controlled zeolite EU-1 (EUO) catalysts: Dry gel conversion type synthesis, characterization and formation mechanisms",2009,,,"['first crystals appeared throughout', 'initial extrudate water content', 'shape controlled zeolite eu']"
1815,10.1016/j.micromeso.2009.06.035,Multiple paths to nanocrystalline high silica beta zeolite,2010,,,"['pure si bea products', 'containing synthesis mixtures provided', 'consistently provides smaller crystals']"
1816,10.1016/j.micromeso.2009.07.002,Using of zeolite LOS for preparation of sulfur pigments,2010,,,
1817,10.1016/j.micromeso.2009.07.023,Pure-silica zeolite thin films by vapor phase transport of fluoride for low-k applications,2010,,,"['ray energy dispersive analyses', 'vapor phase transport', 'precursor film deposited']"
1818,10.1016/j.micromeso.2009.08.016,"Synthesis and structure analysis of RUB-50, an LEV-type aluminosilicate zeolite",2010,,,"['relatively low water content', 'quaternary ammonium cations possibly', 'type aluminosilicate zeolite rub']"
1819,10.1016/j.micromeso.2009.08.021,"Synthesis, characterization and structure analysis of UZM-22, a MEI-type zeolite framework structure",2010,,,"['18 related zeolite uzm', 'n2 adsorption experiments confirmed', 'structure directing agent']"
1820,10.1016/j.micromeso.2009.08.028,"Single-crystal structures of highly 
                  
                     
                        
                           NH
                        
                        
                           4
                        
                        
                           +
                        
                     
                  
               -exchanged, fully deaminated, and fully Tl+-exchanged zeolite Y (FAU, Si/Al=1.56), all fully dehydrated",2010,,,"['cubic space group fd3', 'four different crystallographic sites', 'ions simultaneously occupy sites']"
1821,10.1016/j.micromeso.2009.09.002,Preparation of large and well-shaped LTA-type AlPO4 crystals by using crown ether Kryptofix 222 as structure directing agent,2010,,,"['crystal surface became rough', 'ga )/ p ratio', 'type alpo4 crystals could']"
1822,10.1016/j.micromeso.2009.09.007,Synthesis and characterization of aluminium containing CIT-1 and their structure–property relationship to hydrocarbon trap performance,2010,,,"['viz ., direct exchange', 'relatively bulky molecule 2', 'surface al species hinder']"
1823,10.1016/j.micromeso.2009.09.012,Synthesis of ferrierite zeolite with pyrrolidine as structure directing agent: A combined X-ray diffraction and computational study,2010,,,"['strong templating role played', 'true template rather', 'ray rietveld refinement']"
1824,10.1016/j.micromeso.2009.10.003,Acidity of MCM-58 and MCM-68 zeolites in comparison with some other 12-ring zeolites,2010,,,"['two novel zeolites mcm', 'pyridine adsorption allowed', 'nearby oh groups']"
1825,10.1016/j.micromeso.2009.10.005,Synthesis of pure silica ITQ-13 zeolite using fumed silica as silica source,2010,,,"['conventionally used tetraethyl orthosilicate', 'plate thickness increased upon', 'teos ), application']"
1826,10.1016/j.micromeso.2009.10.011,"Pure-silica LTA, CHA, STT, ITW, and -SVR thin films and powders for low-k applications",2010,,,
1827,10.1016/j.micromeso.2009.10.021,Facile and reproducible synthesis of ITQ-29 zeolite by using Kryptofix 222 as the structure directing agent,2010,,,"['organic structure directing agent', 'crown ether kryptofix 222', 'using supramolecular self']"
1828,10.1016/j.micromeso.2009.11.018,Imidazolium structure directing agents in zeolite synthesis: Exploring guest/host relationships in the synthesis of SSZ-70,2010,,,"['thirteen screening reaction conditions', 'four contain cycloalkyl groups', 'n )= 29 ).']"
1829,10.1016/j.micromeso.2010.01.011,Non-templated intercrystalline mesoporosity in heteroatom-doped AlPO4-5 using N-methyldicyclohexylamine as structure-directing agent,2010,,,"['high purity using n', 'suggesting different compact packing', '0 0 l reflections']"
1830,10.1016/j.micromeso.2010.03.016,Layering of ferrierite sheets by using large co-structure directing agents: Zeolite synthesis using 1-benzyl-1-methylpyrrolidinium and tetraethylammonium,2010,,,
1831,10.1016/j.micromeso.2010.03.035,Thermostability of hydroxy sodalite in view of membrane applications,2010,,,"['fully dehydrated sample showed', 'direct hydrothermal synthesis method', 'situ temperature programmed xrd']"
1832,10.1016/j.micromeso.2010.06.001,"A novel approach to synthesize ZSM-23 zeolite involving N,N-dimethylformamide",2010,,,"['aluminum ion promoted nucleation', '23 zeolite involving n', '23 zeolite could']"
1833,10.1016/j.micromeso.2010.07.002,The Influence of short-chain tetraalkylammonium cations on the recrystallization of magadiite into zeolites,2010,,,
1834,10.1016/j.micromeso.2010.07.013,Selectivity control through fundamental mechanistic insight in the conversion of methanol to hydrocarbons over zeolites,2010,,,"['light alkenes including ethene', 'controlling product selectivity based', 'favor product formation']"
1835,10.1016/j.micromeso.2010.08.014,Synthesis of large silicon substituted AlPO4-11 single crystals,2011,,,"['space group icm2 symmetry', 'ray diffraction measurement showed', 'large silicon substituted alpo4']"
1836,10.1016/j.micromeso.2010.08.017,Synthesis and characterization of the oxalate cancrinite-type zeolite,2011,,,"['also allowed accurate determination', 'typical cancrinite framework', 'new cancrinite']"
1837,10.1016/j.micromeso.2010.08.025,A powerful structure-directing agent for the synthesis of nanosized Al- and high-silica zeolite Beta in alkaline medium,2011,,,"['conventional hydrothermal treatment', ""4 '- trimethylenebis"", 'stable colloidal suspensions']"
1838,10.1016/j.micromeso.2010.09.034,FAU–LEV interzeolite conversion in fluoride media,2011,,,"['various hydrothermal synthesis conditions', 'obtained using choline hydroxide', 'using choline hydroxide']"
1839,10.1016/j.micromeso.2010.10.033,Synthesis of silicalite-1 using a disiloxane-based structure-directing agent,2011,,,"['water yields solid products', 'mfi framework via cleavage', 'state 29si mas nmr']"
1840,10.1016/j.micromeso.2010.10.050,Assessing the surface sites of the large pore 3-dimensional microporous material H-ITQ-7 using FT-IR spectroscopy and molecular probes,2011,,,"['spectra recorded upon adsorption', 'requires strong bronsted acidity', 'sensitive co probe suggest']"
1841,10.1016/j.micromeso.2010.11.025,Direct exfoliation of layered zeolite Nu-6(1),2011,,,"['bet specific surface area', '29si nmr analyses', 'delaminated zeolite itq']"
1842,10.1016/j.micromeso.2010.11.031,Influence of seeding on FAU–∗BEA interzeolite conversions,2011,,,
1843,10.1016/j.micromeso.2010.12.009,Molecular simulation and adsorption studies of n-hexane in ZSM-11 zeolites,2011,,,"['canonical monte carlo simulations', 'new adsorption measurements carried', 'computer simulations performed']"
1844,10.1016/j.micromeso.2010.12.019,Crystallization and porosity of ZSM-23,2011,,,"['dimensional channels running parallel', 'resulting physical properties', 'zeolite architecture results']"
1845,10.1016/j.micromeso.2010.12.021,Hydrothermal synthesis of MWW-type analogues using linear-type quaternary alkylammonium hydroxides as structure-directing agents,2011,,,"['conventional system using piperidine', 'mfi zeolite appeared', 'main competitive phase']"
1846,10.1016/j.micromeso.2011.01.017,Crystals morphology of AFO-type structure AlPO4-41 and SAPO-41 molecular sieves,2011,,,"['1 0 0 ),', '2 1 0 ),', 'topology molecular sieves']"
1847,10.1016/j.micromeso.2011.01.020,Nanocrystalline sodalite grown from superalkaline NaCl bearing gels at low temperature (333K) and the influence of TEA on crystallization process,2011,,,"['investigated within reaction periods', '3 h reaction time', 'successfully synthesized already']"
1848,10.1016/j.micromeso.2011.01.025,ERS-18: A new member of the NON–EUO–NES zeolite family,2011,,,"['ray powder diffraction data', '5 ]- undecane hydroxide', '18 shows orthorhombic symmetry']"
1849,10.1016/j.micromeso.2011.02.002,Formation of microporous material AlPO4-18 under dry-gel conversion conditions,2011,,,"['microporous molecular sieve alpo4', 'state nmr techniques', 'continuous heating results']"
1850,10.1016/j.micromeso.2011.02.019,Large scale synthesis of pure VSH-1 and its characterization,2011,,,"['measured atomic magnetic moment', 'large quantities (~ 20g', '400nm region arise due']"
1851,10.1016/j.micromeso.2011.02.029,On the nucleation and crystallization of silicalite-1 from a dilute clear sol,2011,,,"['structure directing agents present', 'solution mediated processes rather', 'crystalline aggregates form prior']"
1852,10.1016/j.micromeso.2011.03.018,"Alkali-free synthesis of Al-MTW using 4-cyclohexyl-1,1-dimethylpiperazinium hydroxide as structure directing agent",2011,,,"['first time using 4', 'characterized using xrd', 'structure directing agent']"
1853,10.1016/j.micromeso.2011.03.023,SSZ-60: Synthetic investigation and catalytic application to the alkylation of biphenyl and naphthalene,2011,,,"['etmchp ]+ oh', 'b ]- ssz', 'al ]- ssz']"
1854,10.1016/j.micromeso.2011.04.004,"Synthesis and characterization of DNL-6, a new silicoaluminophosphate molecular sieve with the RHO framework",2011,,,"['new silicoaluminophosphate molecular sieve', 'si atoms directly incorporated', 'si atoms incorporated']"
1855,10.1016/j.micromeso.2011.04.006,"Intercalation chemistry of NU-6(1), the layered precursor to zeolite NSI, leading to the pillared zeolite MCM-39(Si)",2011,,,"['permanently expanded interlayer separation', 'acid solution producing organic', 'multilayer pillared zeolite structure']"
1856,10.1016/j.micromeso.2011.04.027,Hydrothermal synthesis of high-silica mordenite by dual-templating method,2011,,,"['29si nmr mas spectroscopy', '13c mas nmr spectroscopy', 'al ions occupied dominantly']"
1857,10.1016/j.micromeso.2011.04.031,"[V,Al]-ITQ-6: Novel porous material and the effect of delamination conditions on V sites and their distribution",2011,,,"['framework tetrahedral v5 +.', 'localization change throughout', 'double rings region']"
1858,10.1016/j.micromeso.2011.04.039,"A co-templating route to the synthesis of Cu SAPO STA-7, giving an active catalyst for the selective catalytic reduction of NO",2011,,,"['three different 8mr windows', 'state mas nmr spectroscopies', '673 k locates cu2']"
1859,10.1016/j.micromeso.2011.04.041,Structure-direction of chiral 2-hydroxymethyl-1-benzyl-1-methylpyrrolidinium in the cotemplated synthesis of ferrierite: Fundaments of diastereo-recognition from non-chiral microporous structures,2011,,,
1860,10.1016/j.micromeso.2011.05.018,Structural study on the Al distribution in zeolites Nu-6(1) and Nu-6(2),2011,,,
1861,10.1016/j.micromeso.2011.05.028,Hydrothermal syntheses of ETS-10 like vanadosilicates using chiral organic molecules. Part I,2012,,,"['dta )/ thermogravimetric analysis', 'differential thermogravimetric analysis', 'sol gel chemistry']"
1862,10.1016/j.micromeso.2011.06.005,Synthesis and structure of AlPO4-9: An unacquainted member in the family of microporous aluminophosphates,2012,,,"['ray diffraction data shows', 'monoclinic space group c2', 'synthesized using piperazine']"
1863,10.1016/j.micromeso.2011.06.019,Characterization and hydroisomerization performance of SAPO-11 molecular sieves synthesized by dry gel conversion,2012,,,"['29si mas nmr methods', 'vpt exhibit higher crystallinity', 'vpt methods contribute either']"
1864,10.1016/j.micromeso.2011.06.022,"Controllable and SDA-free synthesis of sub-micrometer sized zeolite ZSM-5. Part 2: Influence of sodium ions and ageing of the reaction mixture on the chemical composition, crystallinity and particulate properties of the products",2012,,,"['molecular weight silicate species', 'condensation process takes place', 'crystalline end products obtained']"
1865,10.1016/j.micromeso.2011.06.028,On stability and performance of highly c-oriented columnar AlPO4-5 and CoAPO-5 membranes,2012,,,"['plane crystalline intergrowth revealed', 'original oriented columnar crystals', 'columnar crystalline structure']"
1866,10.1016/j.micromeso.2011.06.030,Strontium(II) chabazite-type silicoaluminophosphate prepared via microwave synthesis and partial detemplation: A superior CO2 adsorbent,2012,,,"['loadings per unit cell', 'small size cubic crystals', 'mas nmr spectra showed']"
1867,10.1016/j.micromeso.2011.08.003,Synthesis of large single crystals of SAPO-47 in the presence of diethylamine using two-step temperature process,2012,,,"['ray diffraction measurement shows', 'unit cell volume', 'space group r3']"
1868,10.1016/j.micromeso.2011.09.020,Influence of the template on the properties of SAPO-31 and performance of Pd-loaded catalysts for n-paraffin isomerization,2012,,,
1869,10.1016/j.micromeso.2011.09.021,"Simple, efficient syntheses of zeolite ZSM-11 (MEL) at temperatures below 100°C using very dense gels",2012,,,"['structure directing power', 'minimal water contents', 'low temperature reactions']"
1870,10.1016/j.micromeso.2011.09.029,Spectroscopic and catalytic characterization of extra large pore zeotype H-ITQ-33,2012,,,"['unusually harsh calcination procedure', 'slow reaction step relative', 'observed product shape selectivity']"
1871,10.1016/j.micromeso.2011.10.009,Ionothermal synthesis of mesoporous SAPO-5 molecular sieves by microwave heating and using eutectic solvent as structure-directing agent,2012,,,
1872,10.1016/j.micromeso.2011.11.030,Enabling the use of the large-pore three-dimensional microporous zinc aluminophosphate STA-1 for catalysis,2012,,,"['xylene isomerization test reaction', 'sao structure upon calcination', 'reported experimental procedure avoids']"
1873,10.1016/j.micromeso.2011.11.034,Molecular engineering of microporous crystals: (IV) Crystallization process of microporous aluminophosphate AlPO4-11,2012,,,"['experimentally observed chemical shifts', 'six crystallographically distinct al', 'different crystallization periods suggested']"
1874,10.1016/j.micromeso.2011.11.036,Synthesis and characterization of tin(IV) MFI: Sodium inhibits the synthesis of phase pure materials,2012,,,"['high ph values', 'current work lays', 'sodium overlayer formed']"
1875,10.1016/j.micromeso.2011.11.037,The synthesis of SAPO-34 with mixed template and its catalytic performance for methanol to olefins reaction,2012,,,"['lower carbon deposition rate', '4 ), longer lifetime', 'tetraethyl ammonium hydroxide']"
1876,10.1016/j.micromeso.2011.12.024,Preparation of RTH-type zeolites with the amount and/or kind of organic structure-directing agents (OSDA): Are OSDAs indispensable for the crystallization?,2012,,,"['type zeolites without using', 'using diverse amines', 'organic amines varied']"
1877,10.1016/j.micromeso.2011.12.051,Organotemplate-free and seed-directed synthesis of levyne zeolite,2012,,,"['free route using rub', 'free synthesis approach', 'techniques including xrd']"
1878,10.1016/j.micromeso.2012.01.032,Molecular engineering of microporous crystals: (V) Investigation of the structure-directing ability of piperazine in forming two layered aluminophosphates,2012,,,"['designing several control experiments', 'investigated using multiple techniques', 'small building fragments formed']"
1879,10.1016/j.micromeso.2012.02.003,Silicoaluminophosphates as CO2 sorbents,2012,,,"['temperature induced shrinkage effect', 'synthesised via hydrothermal means', 'possess many desirable properties']"
1880,10.1016/j.micromeso.2012.02.013,Template burning effects on stability and boron coordination in boron levyne studied by in situ time resolved synchrotron powder diffraction,2013,,,"['real time providing information', 'structural deformation mechanism observed', 'final thermal stability limit']"
1881,10.1016/j.micromeso.2012.02.032,"Delaminated vanadoaluminosilicate with [V,Al]-ITQ-18 structure",2012,,,"['double rings region indicates', 'framework tetrahedral v5 +.', 'acid addition contains v5']"
1882,10.1016/j.micromeso.2012.03.030,Acid stability evaluation of CHA-type zeolites synthesized by interzeolite conversion of FAU-type zeolite and their membrane application for dehydration of acetic acid aqueous solution,2012,,,"['13 zeolite synthesized using', 'high acetic acid stability', 'type zeolite using']"
1883,10.1016/j.micromeso.2012.04.022,The first study on the synthesis of uniform SUZ-4 zeolite nanofiber,2012,,,"['12 x 1500 nm', 'seed slurry containing plenty', 'primarily containing stable suz']"
1884,10.1016/j.micromeso.2012.04.056,Changing active sites in Cu–CHA catalysts: deNOx selectivity as a function of the preparation method,2013,,,"['wet chemical approaches', 'selective catalytic reduction', 'catalytic experiments revealed']"
1885,10.1016/j.micromeso.2012.05.031,Modification of a cobalt–aluminophosphate (Co/Al∼1) with a multidimensional pore system via coupled partial detemplation and solid state ion exchange with alkali metals for the adsorption of light gases,2012,,,"['rich sbe type aluminophosphate', 'high temperature conditions due', 'high partial pressure ranges']"
1886,10.1016/j.micromeso.2012.06.006,Hydrothermal and microwave synthesis of SAPO (CHA) zeolites on aluminium foams for heat pumping applications,2013,,,
1887,10.1016/j.micromeso.2012.06.032,A facile method for the fabrication of IM-5 hollow zeolite sphere in emulsion system,2012,,,"['ctab improved emulsion system', '5 hollow zeolite spheres', 'study may provide']"
1888,10.1016/j.micromeso.2012.06.035,Direct synthesis of a titanosilicate molecular sieve containing large and medium pores in its structure,2012,,,"['characterization clearly indicates', 'titanosilicate form', 'tetrahedral coordination']"
1889,10.1016/j.micromeso.2012.06.036,Synthesis and characterization of chiral zeolite ITQ-37 by using achiral organic structure-directing agent,2012,,,"['new achiral organic structure', '1 cations remain intact', 'chiral zeolite germanosilicate itq']"
1890,10.1016/j.micromeso.2012.07.004,"Synthesis, characterization and template removal of an iron-containing aluminophosphate molecular sieve with LAU topology",2013,,,
1891,10.1016/j.micromeso.2012.07.014,OSDA-free synthesis of MTW-type zeolite from sodium aluminosilicate gels with zeolite beta seeds,2012,,,"['27al mas nmr showed', 'adsorption – desorption isotherm', 'provide specific aluminosilicate precursors']"
1892,10.1016/j.micromeso.2012.07.017,Catalytic activity of germanosilicate UTL zeolite in bifunctional hydroisomerisation of n-decane,2013,,,"['results show classical methods', 'possess low hydrolytic stability', 'factors influencing stability']"
1893,10.1016/j.micromeso.2012.07.051,Effect of the acid–base properties of metal phosphate molecular sieves on the catalytic performances in synthesis of propylene glycol methyl ether from methanol and propylene oxide,2013,,,"['metal phosphate molecular sieves', 'tuted nickel phosphate fe', 'silicoaluminophosphate molecular sieves sapo']"
1894,10.1016/j.micromeso.2012.08.020,Synthesis of aluminophosphate by the ionothermal method using factorial design,2013,,,"['generate ion exchange sites', 'ion exchange properties', 'ion exchange experiments']"
1895,10.1016/j.micromeso.2012.09.004,"A new zeotype borogermanate β-K2B2Ge3O10: Synthesis, structure, property and conformational polymorphism",2013,,,"['ring helical channels possesses', 'new zeotype borogermanate b', 'space group c2']"
1896,10.1016/j.micromeso.2012.10.004,,2013,,,
1897,10.1016/j.micromeso.2012.11.011,Nanosized ZSM-5 zeolites: Seed-induced synthesis and the relation between the physicochemical properties and the catalytic performance in the alkylation of naphthalene,2013,,,"['weight hourly space velocity', 'large external surface area', 'large micropore volume']"
1898,10.1016/j.micromeso.2012.11.015,Simultaneous isomorphous incorporation of boron and germanium in MFI zeolites,2013,,,"['mfi zeolites containing boron', 'unit cell volume', 'preparing materials using']"
1899,10.1016/j.micromeso.2012.11.038,Effect of HF concentration on the composition and distribution of Ge species in the framework of ITQ-13 and ITQ-17 zeolites,2013,,,"['gels containing various amounts', 'zeolites possess similar compositions', 'ge atomic ratios close']"
1900,10.1016/j.micromeso.2013.01.004,Synthesis and crystal structure analysis of a novel strontosilicate AES-19 having two dimensional eight-membered ring micropores,2013,,,"['crystal structure analysis demonstrated', 'coordinated strontium atoms connected', 'containing silicate material aes']"
1901,10.1016/j.micromeso.2013.01.025,"Anisotropic fluorescence materials: Effect of the synthesis conditions over the incorporation, alignment and aggregation of Pyronine Y within MgAPO-5",2013,,,"['newly synthesised composite materials', 'highly fluorescent anisotropic material', 'different hydrothermal synthesis conditions']"
1902,10.1016/j.micromeso.2013.01.034,Synthesis and characterization of K-phillipsite (K-PHI) membrane for potassium extraction from seawater,2013,,,"['energy dispersion spectroscopy', 'average separation factor', 'potential inorganic membrane']"
1903,10.1016/j.micromeso.2013.02.009,"Adsorption of volatile organic compounds in pure silica CHA, ∗BEA, MFI and STT-type zeolites",2013,,,"['car exhaust gas decontamination', 'window size widens slightly', 'four pure silica zeolites']"
1904,10.1016/j.micromeso.2013.02.017,Syntheses and characterizations of aluminophosphate molecular sieves AFI guided by missing value estimation on database of aluminophosphate syntheses,2013,,,"['bp impute method', 'aminoethyl )- piperazine', 'aluminophosphate molecular sieves']"
1905,10.1016/j.micromeso.2013.03.003,Green synthesis of SUZ-4 zeolite controllable in morphology and SiO2/Al2O3 ratio,2013,,,"['possible green process', 'mother liquid produced', 'synthesis recycling 100']"
1906,10.1016/j.micromeso.2013.03.006,Synthesis of FAU and EMT-type zeolites using structure-directing agents specifically designed by molecular modelling,2013,,,"['calculate short range forces', 'high throughput experiment design', 'design templates matching closely']"
1907,10.1016/j.micromeso.2013.03.023,UTL zeolite and the way beyond,2013,,,"['iza code pcr ).', ""completely new (' top"", 'd4r units enriched']"
1908,10.1016/j.micromeso.2013.03.026,A study of the formation of microporous material SAPO-37,2013,,,"['several techniques including pxrd', 'different structural building units', 'weak nonbonding interactions']"
1909,10.1016/j.micromeso.2013.03.053,Hydrothermal conversion of magadiite into mordenite in the presence of cyclohexylamine,2013,,,
1910,10.1016/j.micromeso.2013.05.001,n-Hexadecane hydroisomerization over BTMACl/TEABr/MTEABr templated ZSM-12,2013,,,"['btmacl ), tetraethylammonium bromide', 'elongated cubic shaped morphology', 'hydroisomerization reaction using n']"
1911,10.1016/j.micromeso.2013.06.013,First synthesis of SAPO molecular sieve with LTL-type structure by hydrothermal conversion of SAPO-37 with FAU-type structure,2013,,,"['sapo formation process via', 'prolonged reaction time', 'depend significantly upon']"
1912,10.1016/j.micromeso.2013.06.034,Alkylation of naphthalene with methanol over SAPO-11 molecular sieve synthesized by different crystallization methods,2013,,,"['different preparation methods result', 'samples demonstrated good activity', 'naphthalene methylation reaction revealed']"
1913,10.1016/j.micromeso.2013.06.038,A diffusion study of small hydrocarbons in DDR zeolites by micro-imaging,2013,,,"['microscopic pfg nmr self', 'increasing critical molecular diameter', 'three different ddr specimens']"
1914,10.1016/j.micromeso.2013.08.003,Advances in the synthesis of titanosilicates: From the medium pore TS-1 zeolite to highly-accessible ordered materials,2014,,,"['large pore molecular sieves', 'offers diffusion limitations', 'mesoporous ordered materials']"
1915,10.1016/j.micromeso.2013.08.004,PFG NMR diffusion measurements of CH4 and CO2 through large ZSM-58-crystals,2013,,,"['basic characterisation involving x', 'intracrystalline molecular diffusion occurs', 'smaller carbon dioxide exceed']"
1916,10.1016/j.micromeso.2013.08.016,Formation of and silicon incorporation in SAPO-5 synthesized via dry-gel conversion,2013,,,"['tetrahedrally coordinated atoms bridged', 'represents silica islands within', 'organic structure directing agent']"
1917,10.1016/j.micromeso.2013.09.022,New ABC-6 net molecular sieves ZnAPO-57 and ZnAPO-59: Framework charge density-induced transition from two- to three-dimensional porosity,2014,,,"['higher framework charge densities', 'ring pore systems perpendicular', '6 net framework topologies']"
1918,10.1016/j.micromeso.2013.09.023,"Nanofibrous SUZ-4 loading Pt used for selective catalytic reduction of NO
                  x
                by hydrogen",2014,,,"['1 wt .% pt', 'selective catalytic reduction', 'nitrous species adsorbed']"
1919,10.1016/j.micromeso.2013.09.027,On the synthesis and characterization of all-silica CHA zeolite particles,2014,,,"['thermogravimetric analysis effectively recognized', 'dispersed anisometric zeolite particles', 'cha particles presumably due']"
1920,10.1016/j.micromeso.2013.10.030,Experimental and computational studies on the adsorption of CO2 and N2 on pure silica zeolites,2014,,,"['grand canonical monte carlo', 'purely siliceous models', 'limit zero coverage']"
1921,10.1016/j.micromeso.2013.11.010,Synthesis of ZSM-2 nanocrystals at ambient temperature,2014,,,"['crystal size around 50nm', 'micropore area increased rapidly', 'micropore size distributions']"
1922,10.1016/j.micromeso.2013.11.026,"Seed-directed, rapid synthesis of MAZ-type zeolites without using organic structure-directing agent",2014,,,"['k )- aluminosilicate system', 'composite building unit hypothesis', 'obtained product showed textural']"
1923,10.1016/j.micromeso.2013.11.043,"Organotemplate-free, seed-directed, and rapid synthesis of Al-rich zeolite MTT with improved catalytic performance in isomerization of m-xylene",2014,,,"['physicochemical characterizations including xrd', '170 degc ), compared', '170 degc ).']"
1924,10.1016/j.micromeso.2013.12.013,Experimental energetics of large and extra-large pore zeolites: Pure silica beta polymorph C (BEC) and Ge-containing ITQ-33,2014,,,"['energetic trends seen previously', 'two sdas produce phases', 'large pore germanosilicate itq']"
1925,10.1016/j.micromeso.2013.12.028,Hierarchical porous zeolite ZSM-58 derived by desilication and desilication re-assembly,2014,,,"['broad pore size distribution', 'total specific surface area', 'intermediate naoh concentrations independent']"
1926,10.1016/j.micromeso.2014.01.014,"MZ-35, a new layered pentasil borosilicate synthesized in the presence of large alkali cations",2014,,,"['unusually small unit cell', 'features space group p', 'connected pentasil units related']"
1927,10.1016/j.micromeso.2014.02.010,New insights into the degermanation process of ITQ-17 zeolites,2014,,,"['longer treatments ...) increase', 'structure gradually collapses due', 'almost totally degermanated layer']"
1928,10.1016/j.micromeso.2014.02.034,Synthesis of SFH-type aluminosilicate zeolite with 14-membered ring and its applications as solid acidic catalyst,2014,,,"['type borosilicate zeolite', 'higher catalytic performance', 'type aluminosilicate zeolites']"
1929,10.1016/j.micromeso.2014.02.036,Pressure-induced water intrusion in FER-type zeolites and the influence of extraframework species on structural deformations,2014,,,
1930,10.1016/j.micromeso.2014.02.044,Catalytic decomposition of N2O over Cu-ZSM-11 catalysts,2014,,,"['27al mas nmr', 'al ratio increases', 'al ratio demonstrates']"
1931,10.1016/j.micromeso.2014.03.009,Ionothermal synthesis of phase pure AlPO4-5 using a series of tri-substituted imidazolium bromides,2014,,,
1932,10.1016/j.micromeso.2014.03.012,Long-term steam stability of MWW structure zeolites (MCM-22 and ITQ-1),2014,,,"['structural defects adversely affected', 'day intervals using xrd', 'two different temperatures']"
1933,10.1016/j.micromeso.2014.03.016,,2014,,,
1934,10.1016/j.micromeso.2014.03.028,Synthesis of SAPO-34 with alkanolamines as novel templates and their application for CO2 separation,2014,,,
1935,10.1016/j.micromeso.2014.03.030,Preparation of high silica chabazite with controllable particle size,2014,,,"['controlling particle size distributions', 'size controlling synthesis step', 'crystal growth mechanism based']"
1936,10.1016/j.micromeso.2014.03.033,Synthesis of ZSM-12 (MTW) with different Al-source: Towards understanding the effects of crystallization parameters,2014,,,"['tetra ethyl ammonium bromide', 'structure directing agent', 'different agglomeration shapes']"
1937,10.1016/j.micromeso.2014.04.002,"CHA-type zeolites with high boron content: Synthesis, structure and selective adsorption properties",2014,,,"['11b mas nmr shows', 'cha cavity becomes narrower', 'tetrahedral bo4 units']"
1938,10.1016/j.micromeso.2014.04.010,Synthesis of AlPO-5 with diol-substituted imidazolium-based organic template,2014,,,
1939,10.1016/j.micromeso.2014.04.035,"Synthesis and characterization of zeolites MTT and MFI, with controlled morphologies using mixed structure directing agents",2014,,,
1940,10.1016/j.micromeso.2014.05.001,Seed-assisted synthesis of high silica ZSM-35 through interface-induced growth over MCM-49 seeds,2014,,,"['highest values ever reported', 'common composite building units', 'shows excellent stability']"
1941,10.1016/j.micromeso.2014.05.019,Synthesis of low-silica CHA zeolite chabazite in fluoride media without organic structural directing agents and zeolites,2014,,,"['organic structural directing agents', 'higher bet surface area', 'gel synthesis increased']"
1942,10.1016/j.micromeso.2014.05.028,Hydrothermal conversion of FAU and ∗BEA-type zeolites into MAZ-type zeolites in the presence of non-calcined seed crystals,2014,,,"['composite building units composed', 'type zeolite strongly depended', 'type zeolite could']"
1943,10.1016/j.micromeso.2014.05.042,Synthesis and characterization of large single crystal of ZAPSO-43,2014,,,"['ray diffraction measurement show', 'organic template dipropyl', 'around 250 lm']"
1944,10.1016/j.micromeso.2014.05.043,Direct crystallization of CHA-type zeolite from amorphous aluminosilicate gel by seed-assisted method in the absence of organic-structure-directing agents,2014,,,"['type aluminosilicate zeolites', 'synthetic chabazite crystallized', 'amorphous aluminosilicate gel']"
1945,10.1016/j.micromeso.2014.05.046,Preparation of T-type zeolite membranes using a dip-coating seeding suspension containing colloidal SiO2,2014,,,"['90 wt .% ethanol', 'average water permeation flux', 'water permeation flux']"
1946,10.1016/j.micromeso.2014.06.021,An novel approach to synthesize layered material PLS-4,2014,,,"['developed using amorphous silica', 'three new morphologies', 'novel synthetic route']"
1947,10.1016/j.micromeso.2014.06.028,Rapid synthesis of SAPO-34 nanocatalyst by dry gel conversion method templated with morphline: Investigating the effects of experimental parameters,2014,,,"['slow crystal growth', 'gel drying temperature', 'particle sizes lower']"
1948,10.1016/j.micromeso.2014.07.029,Ionothermal syntheses and characterizations of cobalt-substituted extra-large pore aluminophosphate molecular sieves with -CLO topology,2014,,,
1949,10.1016/j.micromeso.2014.07.033,One-step approach for synthesis of nanosized Cu-doped zeolite A crystals using the Cu–EDTA-complex,2014,,,"['distorted octahedral crystal field', 'average size 200 nm', 'morphology show spheroidal zeolite']"
1950,10.1016/j.micromeso.2014.08.051,The synthesis of aluminophosphate and germanosilicate LTA using a triquaternary structure directing agent,2014,,,"['triquaternary osda prepared', 'germanosilicate reaction chemistries', 'relatively unexplored']"
1951,10.1016/j.micromeso.2014.09.018,Hydrothermal synthesis of hierarchical zeolite T aggregates using tetramethylammonium hydroxide as single template,2015,,,"['highest bet surface area', 'synthesized samples typically display', 'preparation parameters including']"
1952,10.1016/j.micromeso.2014.09.032,Synthesis variables and behavior of VPI-5: A review,2015,,,
1953,10.1016/j.micromeso.2014.09.058,As-synthesized TEA-BEA zeolite: Effect of Si/Al ratio on the Knoevenagel condensation,2015,,,"['reactions involving basic sites', '-][ tea +] species', 'characterized towards zeolitic properties']"
1954,10.1016/j.micromeso.2014.10.008,"Synthesis, characterization and structure solution of ULS-1 |ETMA8(H2O)20|[Si24O48(OH)8], a layered silicate composed of half-sodalite cages",2015,,,"['solutions containing ethyltrimethylammonium hydroxide', 'c unit cell constant', 'uop layered silicate']"
1955,10.1016/j.micromeso.2014.10.011,"Hierarchical Fe-, Cu- and Co-Beta zeolites obtained by mesotemplate-free method. Part I: Synthesis and catalytic activity in N2O decomposition",2015,,,"['waste gases emitted', 'parent zeolite gel', 'nitric acid plants']"
1956,10.1016/j.micromeso.2014.10.028,Sub-zeolite of FER topology derived from an interlayer modification of PLS-3 lamellar precursor,2015,,,"['promising solid acid catalyst', 'ordered stacking manner along', 'possessed disordered stacking']"
1957,10.1016/j.micromeso.2014.10.049,Imidazolium-based ionic liquids as novel organic SDA to synthesize high-silica Y zeolite,2015,,,"['highly crystalline pure phase', '27al nmr characterizations showed', '13c nmr results suggested']"
1958,10.1016/j.micromeso.2014.11.017,EMT-type zeolite nanocrystals synthesized from rice husk,2015,,,"['accomplished within 28 h', 'precursor suspension free', 'high crystalline yield']"
1959,10.1016/j.micromeso.2014.12.012,Verified synthesis of pure silica CHA-type zeolite in fluoride media,2015,,,"['membered ring channels', 'increasingly popular zeolites', 'adamant ammonium fluoride']"
1960,10.1016/j.micromeso.2014.12.016,Changes of medium-range structure in the course of crystallization of mordenite from diatomite,2015,,,"['membered rings formed initially', 'various rings lager', 'scanning electron micrograph']"
1961,10.1016/j.micromeso.2014.12.023,Transformation of analcime into IMF structure during the synthesis of IMF zeolite,2015,,,"['show behavior similar', '15 – 20', 'pure imf phase']"
1962,10.1016/j.micromeso.2015.01.003,Alkylation of phenol with tert-butyl alcohol over dealuminated HMCM-68 zeolites,2015,,,"['best catalytic performance due', 'enlarged surface area', '27al mas nmr']"
1963,10.1016/j.micromeso.2015.01.033,One shot synthesis of EMT-type zeolite nanocrystals aggregates for potential industrial applications,2015,,,"['type structure zeolite', 'simple approach paves', 'present study demonstrates']"
1964,10.1016/j.micromeso.2015.01.034,"ZSM-5 and ferrierite synthesized by magadiite conversion method in 1, 6-hexamethylenediamine system",2015,,,"['binary crystallization phase diagram', 'regular phase transformations', 'various reactant ratios']"
1965,10.1016/j.micromeso.2015.01.048,Molecular engineering of microporous crystals: (VIII) The solvent-dependence of the structure-directing effect of ethylenediamine in the synthesis of open-framework aluminophosphates,2015,,,"['investigated using powder x', 'heating two mixtures', 'framework aluminophosphate alpo4']"
1966,10.1016/j.micromeso.2015.02.028,Ionothermal syntheses of transition-metal-substituted aluminophosphate molecular sieves in the presence of tetraalkylammonium hydroxides,2015,,,"['detailed synthetic investigation shows', 'adding four tetraalkylammonium hydroxides', 'metal sources greatly influence']"
1967,10.1016/j.micromeso.2015.03.015,Titanium impregnated borosilicate zeolites for epoxidation catalysis,2015,,,"['5 provided lower yields', 'titanium containing molecular sieves', 'framework positions previously occupied']"
1968,10.1016/j.micromeso.2015.03.023,Seed-directed synthesis of EMT-type zeolite from an organic-template-free system,2015,,,"['showed better directing effect', '2 synthesized using 18', 'oh -/ sio2 ratio']"
1969,10.1016/j.micromeso.2015.03.031,Microwave synthesis of AFI-type aluminophosphate molecular sieve under solvent-free conditions,2015,,,"['xrd ), n2 physisorption', 'tetraethylammonium bromide ): 125c', 'key influential factors controlling']"
1970,10.1016/j.micromeso.2015.04.014,TiO2-TON zeolite synthesis using an ionic liquid asastructure-directing agent,2015,,,"['ray diffraction data indicated', 'possessing rice grain morphology', 'electron probe microanalysis indicated']"
1971,10.1016/j.micromeso.2015.04.017,A new zeolite formed from interlayer expansion of the precursor COK-5,2015,,,"['resolution transmission electron micrograph', 'oes ), infrared spectroscopy', 'ir spectroscopy confirm']"
1972,10.1016/j.micromeso.2015.04.041,Directing gel: An effective method tailoring morphology of MWW zeolites and their catalytic performance in liquid-phase alkylation of benzene with ethylene,2015,,,"['typical diffraction peaks corresponding', 'active centers jointly induced', 'irregular mww sheets packed']"
1973,10.1016/j.micromeso.2015.05.038,Understanding the structure directing action of copper–polyamine complexes in the direct synthesis of Cu-SAPO-34 and Cu-SAPO-18 catalysts for the selective catalytic reduction of NO with NH3,2015,,,"['smaller square planar complexes', 'situ synchrotron ir spectroscopy', 'polyamine complexes direct crystallisation']"
1974,10.1016/j.micromeso.2015.05.042,Organic structure-directing agent-free synthesis of NES-type zeolites using EU-1 seed crystals,2015,,,
1975,10.1016/j.micromeso.2015.06.036,Single-walled carbon nanotubes prepared in small AlPO4-5 and CoAPO-5 molecular sieves by low-temperature hydrocracking,2016,,,"['resolution transmission electron microscopy', 'polarized raman scattering indicated', 'lowest amorphous carbon density']"
1976,10.1016/j.micromeso.2015.07.002,Considerations on the symmetry of pure silica ITQ-7 zeolite (ISV) derived from 29Si MAS NMR and Rietveld analysis,2016,,,"['topology isv synthesized', 'space group leads', 'rings pore system']"
1977,10.1016/j.micromeso.2015.07.022,Direct synthesis of hierarchical ferrierite nanosheet assemblies via an organosilane template approach and determination of their catalytic activity,2016,,,"['fer nanosheet assemblies corresponds', 'zeolites besides mfi', 'structure directing agent']"
1978,10.1016/j.micromeso.2015.08.012,Unexpected crystal growth modifier effect of glucosamine as additive in the synthesis of SAPO-35,2016,,,"['crystal growth modifier effect', 'average crystal size varied', 'short reaction times']"
1979,10.1016/j.micromeso.2015.09.002,FTIR study of CO and N2 adsorption on [Ge]FAU zeolites in their Na- and H-forms,2016,,,"['new approach comprising utilization', 'one oxygen ), na', 'na +- n2 adducts']"
1980,10.1016/j.micromeso.2015.10.011,An adsorption study on STA-16(Co),2016,,,"['high pressure separation processes', 'low pressure co2 pseudo', 'ten cycle experiments resulted']"
1981,10.1016/j.micromeso.2015.10.038,Synthesis of phosphorus-modified small-pore zeolites utilizing tetraalkyl phosphonium cations as both structure-directing and phosphorous modification agents,2016,,,
1982,10.1016/j.micromeso.2015.11.007,Mordenite zeolite with ultrahigh SiO2/Al2O3 ratio directly synthesized from ionic liquid-assisted dry-gel-conversion,2016,,,"['methylimidazolium bromide ([ bmim', 'achieved without using seed', 'thermal stability tests demonstrated']"
1983,10.1016/j.micromeso.2015.11.008,Tetraalkylammonium salt/alcohol mixtures as deep eutectic solvents for syntheses of high-silica zeolites,2016,,,
1984,10.1016/j.micromeso.2015.11.014,Highly permeable N2/CH4 separation SAPO-34 membranes synthesized by diluted gels and increased crystallization temperature,2016,,,"['effectively separated gas mixtures', '34 membranes towards n2', 'increased crystallization temperature']"
1985,10.1016/j.micromeso.2015.11.016,"Effect of acid leaching and catalytic properties of zeolite [Al,B]-MWW utilized as ethene methylation catalyst",2016,,,"['b ]- mww zeolite', '27al mas nmr techniques', 'extraframework al species retained']"
1986,10.1016/j.micromeso.2015.11.037,Effect of the Al content in the precursor on the crystallization of OSDA-free Beta zeolite,2016,,,"['successfully synthesized without using', 'monitoring time course changes', 'aluminum content substantially improved']"
1987,10.1016/j.micromeso.2015.12.025,Co-templated synthesis of polymorph A-enriched zeolite beta,2016,,,"['drying treated mixture gave', 'normal zeolite beta', 'enriched zeolite beta']"
1988,10.1016/j.micromeso.2015.12.052,PKU-20: A new silicogermanate constructed from sti and asv layers,2016,,,"['monoclinic space group c2', 'synchrotron single crystal x', 'ring pockets along']"
1989,10.1016/j.micromeso.2015.12.060,Investigation of shape selective properties of SSZ-87 and other zeolites via hydrocarbon adsorption and catalytic test reactions,2016,,,"['interconnected via single 10', 'via hydrocarbon adsorption', 'unusual single 10']"
1990,10.1016/j.micromeso.2016.01.004,Synthesis of silicalite-1 using fluoride media under microwave irradiation,2016,,,"['sodium hydroxide concentration led', 'robust hydrophobic zeolites', 'involve large content']"
1991,10.1016/j.micromeso.2016.01.009,Rapid synthesis and characterization of DD3R zeolite with (NH4)2SiF6 as silica source,2016,,,"['12 h without seeding', 'big dd3r crystals obtained', 'big dd3r crystals']"
1992,10.1016/j.micromeso.2016.02.005,Facile control of nanosized ZSM-22 crystals using dynamic crystallization technique,2016,,,"['examined using xrd patterns', 'suitable rotational speed resulted', 'different crystal sizes']"
1993,10.1016/j.micromeso.2016.02.009,One-pot hydrothermal synthesis of nanostructured ZrAPSO-34 powder: Effect of Zr-loading on physicochemical properties and catalytic performance in conversion of methanol to ethylene and propylene,2016,,,"['sample synthesized without metal', 'intact cha structure produced', 'relative crystallinity strongly reduced']"
1994,10.1016/j.micromeso.2016.02.041,Investigation of crucial synthesis parameters of rich Al-MTT framework zeolite: Toward more determination for synthesis zone of SSZ-32,2016,,,"['reported without seeds', 'produce small crystals', 'mtt framework ).']"
1995,10.1016/j.micromeso.2016.03.026,Ionothermal synthesis of LTA-type aluminophosphate molecular sieve membranes with gas separation performance,2016,,,"['recycled mother liquids exhibit', 'using recycled mother liquids', 'thoroughly investigated using x']"
1996,10.1016/j.micromeso.2016.03.033,Static in-situ hydrothermal synthesis of small pore zeolite SSZ-16 (AFX) using heated and pre-aged synthesis mixtures,2016,,,"['two cycle calcination procedure', 'fully crystalline zeolite ssz', 'zeolite subsurface region']"
1997,10.1016/j.micromeso.2016.05.014,One-step oxidehydration of glycerol to acrylic acid using ETS-10-like vanadosilicates,2016,,,"['synthesized hydrothermally using derivatives', 'raman scattering analyses suggested', 'organic structure directing agents']"
1998,10.1016/j.micromeso.2016.06.009,Synthesis of SAPO-18 with low acidic strength and its application in conversion of dimethylether to olefins,2016,,,"['synthesis methods using methyltriethoxysilane', '18 molecular sieves synthesized', 'tpd measurement revealed']"
1999,10.1016/j.micromeso.2016.06.012,"Steam-dealuminated, OSDA-free RHO and KFI-type zeolites as catalysts for the methanol-to-olefins reaction",2016,,,"['made zeolites deactivate rapidly', 'undergo secondary dimerization', 'osdas ), post']"
2000,10.1016/j.micromeso.2016.06.016,Microwave-assisted hydrothermal synthesis of mordenite zeolite: Optimization of synthesis parameters,2016,,,
2001,10.1016/j.micromeso.2016.06.026,"Synthesis of ferrierite by a new combination of co-structure-directing agents: 1,6-bis(N-methylpyrrolidinium)hexane and tetramethylammonium",2016,,,"['chn chemical analyses suggest', 'since even using tma', 'made ferrierite samples indicate']"
2002,10.1016/j.micromeso.2016.07.017,Effect of synthesis conditions on zeolite Beta properties and its performance in vacuum gas oil hydrocracking activity,2016,,,"['vacuum gasoil hydrocracking showed', 'ammonia temperature programmed desorption', 'x ray diffraction']"
2003,10.1016/j.micromeso.2016.08.003,"Syntheses of SSZ-39 and mordenite zeolites with N,N-dialkyl-2,6-dimethyl-piperidinium hydroxide/iodides: Phase-selective syntheses with anions",2016,,,"['maximum pore size', 'adding small amounts', 'mor -> aei']"
2004,10.1016/j.micromeso.2016.08.025,"Adsorption equilibria of CO2 and small hydrocarbons in AEI-, CHA-, STT-, and RRO-type siliceous zeolites",2016,,,"['amount adsorbed depends strongly', '29si mas nmr spectroscopy', 'type materials showed potential']"
2005,10.1016/j.micromeso.2016.08.039,Aberration-corrected STEM analysis of the RHO family of zeolites with embedded isoreticular structures,2016,,,"['main constituent cages', 'beam sensitive materials', 'structural expansion']"
2006,10.1016/j.micromeso.2016.09.002,Rapid synthesis of ZSM-22 zeolites using imidazolium-based ionic liquids as OSDAs in fluoride media,2016,,,"['tetrahedrally coordinated states indicating', 'organic structure directing agents', 'becoming increasingly desirable due']"
2007,10.1016/j.micromeso.2016.09.029,Mechanism on solvent-free crystallization of NaA zeolite,2017,,,"['29si mas nmr techniques', 'xrd patterns show', 'sodium aluminate solids']"
2008,10.1016/j.micromeso.2016.09.033,Microporous pure-silica IZM-2,2017,,,"['would facilitate structural determination', 'highest concentrations giving spherical', 'fully condensed silica moieties']"
2009,10.1016/j.micromeso.2016.09.043,Synthesis of all-silica DDR zeolite in an environment-friendly way,2017,,,
2010,10.1016/j.micromeso.2016.09.045,Ionothermal synthesis and characterization of CoAPO-34 molecular sieve,2017,,,"['pxrd ), thermogravimetric analysis', 'doped aluminophosphate molecular sieve', 'characterized using powder x']"
2011,10.1016/j.micromeso.2016.10.033,Supramolecular chemistry controlled by packing interactions during structure-direction of nanoporous materials: Effect of the addition of methyl groups on ephedrine derivatives,2017,,,"['subsequent methyl groups reduces', 'subsequent methyl groups', 'strong electrostatic repulsion']"
2012,10.1016/j.micromeso.2016.10.040,Insight into seed-assisted template free synthesis of ZSM-5 zeolites,2017,,,"['large complex aggregates showed', 'form fully crystalline zsm', 'synthesize fully crystalline zsm']"
2013,10.1016/j.micromeso.2016.11.013,"Charge density mismatch synthesis of zeolite beta in the presence of tetraethylammonium, tetramethylammonium, and sodium ions: Influence of tetraethylammonium decomposition",2017,,,
2014,10.1016/j.micromeso.2016.11.015,Size-controlled synthesis of hierarchical ferrierite zeolite and its catalytic application in 1-butene skeletal isomerization,2017,,,
2015,10.1016/j.micromeso.2016.11.023,Synthesis of Zr-containing BEC-type germanosilicate with high Lewis acidity,2017,,,"['01m hcl aqueous solution', 'structure via solvothermal treatment', 'vis spectroscopic techniques']"
2016,10.1016/j.micromeso.2016.12.008,Effect of multi-step desilication and dealumination treatments on the performance of hierarchical EU-1 zeolite for converting methanol to olefins,2017,,,"['step sequential treatments succeed', 'steps sequential alkaline', 'solid state nmr']"
2017,10.1016/j.micromeso.2016.12.019,Ultrafast synthesis of thin SAPO-34 zeolite membrane by oil-bath heating,2017,,,"['expensive microwave system', 'regular oven heating', 'different separation applications']"
2018,10.1016/j.micromeso.2017.01.028,Solventless synthesis of AEL-type aluminophosphate molecular sieve from mechanochemically pretreated low-templated reactants,2017,,,
2019,10.1016/j.micromeso.2017.01.040,Synthesis of ZSM-5 aggregates made of zeolite nanocrystals through a simple solvent-free method,2017,,,"['micrometer sized single crystals', '5 zeolite particles composed', 'free synthesis system made']"
2020,10.1016/j.micromeso.2017.02.022,From 1-D to 3-D zeolite structures: performance assessment in catalysis of vapour-phase methanol dehydration to DME,2017,,,"['dme production via vapour', 'causing catalyst deactivation whilst', 'substitution level depending']"
2021,10.1016/j.micromeso.2017.02.034,Synthesis and crystal structure analysis of a novel microporous barium-containing silicate AES-20,2017,,,"['interlayer barium atoms pillaring', 'novel microporous barium', 'ray diffraction data']"
2022,10.1016/j.micromeso.2017.02.060,The effect of H2O/SiO2 ratio in precursor solution on the crystal size and morphology of zeolite ZSM-5,2017,,,"['wider crystal size distribution', 'average crystal size increase', 'crystal size distribution']"
2023,10.1016/j.micromeso.2017.02.064,Investigation of the energetic performance of pure silica BEC-type zeolite under high pressure water and 20 M LiCl intrusion-extrusion experiments,2017,,,"['20m licl aqueous solution', 'extrusion experiments shows clearly', '20m licl solution']"
2024,10.1016/j.micromeso.2017.02.073,Rational seed-directed synthesis of MSE-type zeolites using a simple organic structure-directing agent by extending the composite building unit hypothesis,2017,,,"['unlike previous reports stating', 'relatively better microporosity characteristics', 'composite building unit hypothesis']"
2025,10.1016/j.micromeso.2017.03.014,Direct synthesis of the aluminosilicate form of the small pore CDO zeolite with novel OSDAs and the expanded polymorphs,2017,,,"['organic structure directing agents', 'preliminary catalytic results indicate', 'containing layered cdo precursor']"
2026,10.1016/j.micromeso.2017.03.033,On the synthesis and catalytic cracking properties of Al-ITQ-13 zeolites,2017,,,"['13 zeolite samples synthesized', 'resultant zeolite samples', 'short crystallization time']"
2027,10.1016/j.micromeso.2017.03.052,Single isomerization selectivity of glucose in methanol over Sn-BEC zeolite of homogenous Sn distribution,2017,,,"['synthesis time required', 'rapid synthesis route', '19f mas nmr']"
2028,10.1016/j.micromeso.2017.04.004,ZTS-1 and ZTS-2: Novel intergrowth zeolites with AFX/CHA structure,2017,,,"['synthetic conditions completely different', 'spinning nuclear magnetic resonance', 'resolution transmission electron microscopy']"
2029,10.1016/j.micromeso.2017.04.008,Comparison of the structure-directing effect of ephedrine and pseudoephedrine during crystallization of nanoporous aluminophosphates,2017,,,"['two isomers experimentally observed', 'strong supramolecular aggregation together', 'supramolecular chemistry associated']"
2030,10.1016/j.micromeso.2017.04.026,"High silica zeolite Phi, a CHA type zeolite with ABC-D6R stacking faults",2017,,,
2031,10.1016/j.micromeso.2017.04.035,Insights into the aminothermal crystallization process of SAPO-34 and its comparison with hydrothermal system,2017,,,"['semicrystalline alpo layered phase', 'state nmr techniques', 'aminothermal synthesis reported']"
2032,10.1016/j.micromeso.2017.04.053,K-F zeolite nanocrystals synthesized from organic-template-free precursor mixture,2017,,,"['form secondary spherical particles', 'flattened cuboid shape morphology', 'high crystalline solid yield']"
2033,10.1016/j.micromeso.2017.05.049,"Synthesis and characterization of tin, tin/aluminum, and tin/boron containing MFI zeolites",2017,,,"['situ ir spectroscopy indicate', 'framework possessing lewis acidity', 'boron containing mfi zeolites']"
2034,10.1016/j.micromeso.2017.06.012,"Synthesis, characterization, and catalytic application of hierarchical SAPO-34 zeolite with three-dimensionally ordered mesoporous-imprinted structure",2017,,,"['dimensionally ordered mesoporous carbons', 'dimensionally ordered mesoporous', 'prolonged catalytic lifetime']"
2035,10.1016/j.micromeso.2017.06.017,Fluoride-mediated synthesis of TON and MFI zeolites using 1-butyl-3-methylimidazolium as structure-directing agent,2017,,,"['phase obtained upon reducing', 'intact osda molecules within', 'thermogravimetric analyses showed']"
2036,10.1016/j.micromeso.2017.07.004,ECNU-10 zeolite: A three-dimensional MWW-Type analogue,2017,,,"['3d mww zeolite obtained', 'synthesized using 1', 'structure directing agent']"
2037,10.1016/j.micromeso.2017.07.006,The evolution of titanium species in boron-containing Ti-MWW zeolite during post-treatment revealed by UV resonance Raman spectroscopy,2017,,,"['thoroughly characterize titanium species', 'framework tio6 species transformed', 'active framework tio4 species']"
2038,10.1016/j.micromeso.2017.07.039,Extra large pore opening CFI and DON-type zeosils for mechanical energy storage,2018,,,"['perfect reversible spring behavior', 'larger pore aperture', 'cases rise considerably']"
2039,10.1016/j.micromeso.2017.07.042,Preparation of nanosized SSZ-13 zeolite with enhanced hydrothermal stability by a two-stage synthetic method,2018,,,"['zeolites promises attractive benefits', 'exhibiting equivalent catalytic performance', 'tuned within 50']"
2040,10.1016/j.micromeso.2017.07.050,Nanocrystalline TON-type zeolites synthesized under static conditions,2018,,,"['heterocyclic structure directing agents', 'increased solid concentration used', 'static hydrothermal conditions']"
2041,10.1016/j.micromeso.2017.08.032,Seed-directed synthesis of zincoaluminosilicate MSE-type zeolites using co-precipitated gels with tetraethylammonium hydroxide as a simple organic structure directing agent,2018,,,"['contained homogenously dispersed zinc', 'using zn /( zn', 'synthesis gels containing co']"
2042,10.1016/j.micromeso.2017.08.036,Systematic approaches towards template-free synthesis of EMT-type zeolites,2018,,,"['synthesise pure zeolite emc', 'scanning electron microscopy', 'ray powder diffraction']"
2043,10.1016/j.micromeso.2017.09.011,Synthesis and structure of analcime and analcime-zirconia composite derived from coal fly ash cenospheres,2018,,,"['coal fly ash cenospheres', 'eds ), powder x', 'narrow particle size distribution']"
2044,10.1016/j.micromeso.2017.10.023,Microwave assisted synthesis of MTT-TON intergrowth crystals for the catalytic conversion of naphtha to olefins,2018,,,"['reduced mass transfer limitation', '12h via microwave heating', 'microwave assisted synthesis']"
2045,10.1016/j.micromeso.2017.10.045,"Hydrothermal synthesize of modified Fe, Ag and K-SAPO-34 nanostructured catalysts used in methanol conversion to light olefins",2018,,,"['prepared using hydrothermal treatment', 'ray diffraction patterns indicated', 'resulting catalytic tests showed']"
2046,10.1016/j.micromeso.2017.11.005,Hierarchical zeolite ZSM-58 as shape selective catalyst for methanol-to-olefins reaction,2018,,,"['remarkably narrow product spectrum', 'higher product yields', 'zeolitic ddr topology']"
2047,10.1016/j.micromeso.2017.11.011,"Simultaneous effects of water, TEAOH and morpholine on SAPO-34 synthesis and its performance in MTO process",2018,,,"['total olefins yield', 'tetraethyl ammonium hydroxide', 'strong acid site']"
2048,10.1016/j.micromeso.2017.11.030,"Synthesis and characterization of Ti-STF zeolite using 1,2,3-triethyl-4-methylimidazolium as structure-directing agent",2018,,,"['fluoride route using 1', 'e ., extra', 'diffuse reflectance ultraviolet']"
2049,10.1016/j.micromeso.2017.11.034,Fast preparation of ERI-structure AlPO-17 and SAPO-17 in the presences of isomorphous and heterogeneous seeds,2018,,,"['included twice phase conventions', 'state nmr spectroscopy', 'seeded growth using']"
2050,10.1016/j.micromeso.2017.11.041,Confined-space synthesis of hierarchical MgAPO-11 molecular sieves with good hydroisomerization performance,2018,,,"['well characterized using xrd', 'reversed crystal growth route', 'excellent diffusion properties resulting']"
2051,10.1016/j.micromeso.2017.12.008,Synthesis of SAPO-16 molecular sieve in non-aqueous medium by microwave method using hexamethyleneimine as a template,2018,,,
2052,10.1016/j.micromeso.2017.12.009,"Hierarchical porous MCM-68 zeolites: Synthesis, characterization and catalytic performance in m-xylene isomerization",2018,,,"['newly prepared hierarchical zeolites', 'phase isomerization reaction', 'isomerization rate ratio']"
2053,10.1016/j.micromeso.2017.12.015,Structural investigations in pure-silica and Al-ZSM-12 with MTEA or TEA cations,2018,,,"['times longer b edge', 'state nmr spectroscopy', 'ray powder pattern']"
2054,10.1016/j.micromeso.2018.01.030,One-step ionothermal synthesis of oriented molecular sieve corrosion-resistant coatings,2018,,,"['oriented molecular sieve films', 'random oriented films', 'step ionothermally formed']"
2055,10.1016/j.micromeso.2018.01.037,Mechanistic study on the synthesis of ZSM-5 from a layered silicate magadiite,2018,,,"['linear channels rather', 'linear channels', 'zag channels']"
2056,10.1016/j.micromeso.2018.02.004,Tuning the material and catalytic properties of SUZ-4 zeolites for the conversion of methanol or methane,2018,,,"['pyridine probe molecules enabled', 'report boron containing', 'ray absorption spectroscopy']"
2057,10.1016/j.micromeso.2018.02.044,"Synthesis, characterization and hydroisomerization activity of ZSM-22/23 intergrowth zeolite",2018,,,"['nuclear magnetic resonance spectroscopy', 'fourier transform infrared spectroscopy', 'cpmas nmr ), respectively']"
2058,10.1016/j.micromeso.2018.02.047,"Orchestrating fluoride effect, secondary growth and microwave irradiation in the synthesis of EU-1/ZSM-48 intergrowth crystals for the conversion of dimethyl ether to olefins",2018,,,"['showed additional peak attributed', 'sample showed exceptional stability', 'short crystallization time offered']"
2059,10.1016/j.micromeso.2018.02.049,Silica beta synthesized under alkaline conditions,2018,,,"['pure silica zeolite b', 'pure silica b', 'heteroatom zeolite b']"
2060,10.1016/j.micromeso.2018.03.033,Synthesis of phosphorus-modified AFX zeolite using a dual-template method with tetraethylphosphonium hydroxide as phosphorus modification agent,2018,,,
2061,10.1016/j.micromeso.2018.04.033,Synthesis of ZSM-23 zeolite with dual structure directing agents for hydroisomerization of n-hexadecane,2018,,,
2062,10.1016/j.micromeso.2018.04.043,Ultrafast synthesis of TS-1 without extraframework titanium species in a continuous flow system,2018,,,"['large heat transfer coefficient', 'faster nucleation rate improved', 'ever increasing environmental requirements']"
2063,10.1016/j.micromeso.2018.05.011,Hydrothermal synthesis of nanostructured Ce-SAPO-34: High-performance and long-lifetime catalyst with various ceria contents for methanol to light olefins conversion,2018,,,"['synthesized via hydrothermal method', '85 %, respectively', '34 molecular sieve']"
2064,10.1016/j.micromeso.2018.05.032,Facile synthesis of Sn-containing MFI zeolites as versatile solid acid catalysts,2018,,,"['heteroatom tin warmly incorporate', '31p mas nmr spectroscopy', 'high methyl lactate productivity']"
2065,10.1016/j.micromeso.2018.05.033,EMT-type zeolite for deep purification of trace polar-oxygenated compounds from light olefins,2018,,,"['situ ftir spectra indicated', 'regeneration experiment also demonstrated', 'desorption analyzer indicated']"
2066,10.1016/j.micromeso.2018.05.049,Preparation of chabazite with mesopores templated from a cationic polymer,2018,,,
2067,10.1016/j.micromeso.2018.06.001,Investigation of the acidic nature of MCM-68 zeolite based on the adsorption of CO and bulky probe molecules,2018,,,"['evaluated using infrared spectroscopy', 'stronger lewis acid sites', 'lewis acid sites']"
2068,10.1016/j.micromeso.2018.06.034,Controlled synthesis of hierarchical beta zeolite through design template to enhance gas-phase beckmann rearrangement performance,2018,,,"['superior catalytic performance', 'phase beckmann rearrangement', 'fold longer lifetime']"
2069,10.1016/j.micromeso.2018.06.045,"Ionothermal synthesis and characterisation of Mn-, Co-, Fe- and Ni-containing aluminophosphates",2018,,,"['efficient way using mnf3', '13c cp mas nmr', 'offers efficient synthesis compared']"
2070,10.1016/j.micromeso.2018.07.005,Synthesis of CHA-type titanosilicate zeolites using titanium oxide as Ti source and evaluation of their physicochemical properties,2019,,,
2071,10.1016/j.micromeso.2018.07.012,Hydroisomerization of n-decane over the Pd/ZSM-22 bifunctional catalysts: The effects of dynamic and static crystallization to the zeolite,2019,,,"['weaker bronsted acid strength', 'catalytic test results indicate', 'catalysts show higher selectivity']"
2072,10.1016/j.micromeso.2018.07.017,Preparation of TS-1 zeolite membrane from dilute precursor synthesis solution,2019,,,"['dilute precursor synthesis solution', 'high catalytic performance ts', 'precursor synthesis solution']"
2073,10.1016/j.micromeso.2018.07.020,OSDA-free chabazite (CHA) zeolite synthesized in the presence of fluoride for selective methanol-to-olefins,2019,,,"['emission scanning electron microscopy', 'xrd ), nitrogen physisorption', 'synthesized without using templates']"
2074,10.1016/j.micromeso.2018.08.023,Synthesis of ANA-zeolite-based Cu nanoparticles composite catalyst and its regularity in styrene oxidation,2019,,,"['based copper composite catalyst', 'structure directing agent', 'composite catalyst']"
2075,10.1016/j.micromeso.2018.08.036,"Facile synthesis of highly crystalline EMT zeolite by hydrothermal conversion of FAU zeolite in the presence of 1,1’-(1,4-butanediyl)bis(1-azonia-4-azabicyclo [2,2,2]octane) dihydroxide",2019,,,"['highly crystalline emt zeolite', 'short crystallization period', 'known organic structure']"
2076,10.1016/j.micromeso.2018.09.005,Microwave-assisted ionothermal synthesis of Fe-LEV molecular sieve with high iron content in low-dosage of eutectic mixture,2019,,,"['various techniques including xrd', 'intact tetraethylammonium bromide molecules', 'containing aluminophosphate molecular sieve']"
2077,10.1016/j.micromeso.2018.09.012,Evolution of the crystal growth mechanism of zeolite W (MER) with temperature,2019,,,"['hydrated silicate ionic liquids', '27al nuclear magnetic resonance', 'underlying crystal growth mechanism']"
2078,10.1016/j.micromeso.2018.09.022,Facile synthesis of large-pore zeolite ITQ-26 by using an easily-available imidazolium as structure-directing agent,2019,,,"['thus attracted great attention', 'synthetic gel likely self', 'obtained organic cation 1']"
2079,10.1016/j.micromeso.2018.10.003,Synthesis of Ti-containing extra-large-pore zeolites of Ti-CIT-5 and Ti-SSZ-53 and their catalytic applications,2019,,,"['tetrahedrally coordinated state', 'chemical vapor deposition', '4 x 8']"
2080,10.1016/j.micromeso.2018.10.014,Synthesis of Cs-ABW nanozeolite in organotemplate-free system,2019,,,"['reactive clear precursor hydrogel', 'obtained within 120 min', 'initial gel molar composition']"
2081,10.1016/j.micromeso.2018.10.019,Zeolite hydrothermal conversion in the presence of various cyclic alkylammonium cations and synthesis of nanosized BEA and MFI zeolites,2019,,,"['showed catalytic activities superior', 'higher external surface area', 'zeolite synthesis using faujasite']"
2082,10.1016/j.micromeso.2018.11.002,Crystallization of AEI and AFX zeolites through zeolite-to-zeolite transformations,2019,,,
2083,10.1016/j.micromeso.2018.11.012,Synthesis EMT-type zeolite by microwave and hydrothermal heating,2019,,,"['132 %), regular appearance', 'successfully synthesized via microwave', 'microwave heating significantly reduced']"
2084,10.1016/j.micromeso.2018.11.021,Application of Fe-MFI zeolite catalyst in heterogeneous electro-Fenton process for water pollutants abatement,2019,,,"['proposed catalytic system exhibited', 'biorefractory model dye pollutant', 'total organic carbon']"
2085,10.1016/j.micromeso.2018.11.038,Synthesis of SSZ-13 zeolite with zeolite L-added synthesis gel absent from additional aluminum source,2019,,,"['fourier transform infrared spectroscopy', 'zeolite l directly transform', 'tmadaoh )/ sio2 ratios']"
2086,10.1016/j.micromeso.2018.12.030,Vanadosilicate with MWW zeolite structure synthesized from VCl3 by cooperative assembly of organic templates,2019,,,"['29si mas nmr spectra', '13c mas nmr evidences', 'synthesized material whose oxidation']"
2087,10.1016/j.micromeso.2019.01.004,Synthesis of novel aluminosilicate YNU-5 and enhancement of the framework thermal stability by post-synthesis treatment,2019,,,"['highly concentrated silicate solution', 'although several competing phases', 'unconventional hydrothermal synthesis']"
2088,10.1016/j.micromeso.2019.01.021,"An efficient route for synthesis of ERI zeolite through conversion of FAU zeolite in the presence of N,N-dimethylpiperidinium hydroxide",2019,,,"['prepare high quality erionite', 'ethanol dehydration reaction shows', 'charge density mismatch method']"
2089,10.1016/j.micromeso.2019.01.035,Catalytic dehydration of ethanol-to-ethylene over Rho zeolite under mild reaction conditions,2019,,,"['type crystalline topology', 'three different samples', 'membered ring opening']"
2090,10.1016/j.micromeso.2019.01.047,Landscape of AlPO-based structures and compositions in the database of zeolite structures,2019,,,"['found increasing commercial use', '245 framework type codes', 'mss ), especially silicoaluminophosphates']"
2091,10.1016/j.micromeso.2019.01.048,Sulfonium-based organic structure-directing agents for microporous aluminophosphate synthesis,2019,,,"['type alpo amid tridymite', 'zeotype sda due', 'triphenylsulfonium gave single']"
2092,10.1016/j.micromeso.2019.02.021,Fast and efficient synthesis of SSZ-13 by interzeolite conversion of Zeolite Beta and Zeolite L,2019,,,"['used without preliminary treatment', 'improved crystal growth kinetics', 'showed higher crystallinity']"
2093,10.1016/j.micromeso.2019.03.051,Role of sodium cation during aging process in the synthesis of LEV-type zeolite,2019,,,"['control particle sizes', 'reduce synthesis time', 'lev type zeolite']"
2094,10.1016/j.micromeso.2019.04.011,Choline chloride templated CHA zeolite membranes for solvents dehydration with improved acid stability,2019,,,"['open water permeating channels', 'term (> 35 h', 'quality cha zeolite membranes']"
2095,10.1016/j.micromeso.2019.05.007,One-step template-free hydrothermal synthesis of partially Sr-incorporated hierarchical K-CHA zeolite microspheres,2019,,,"['thread ball shape microspheres', 'minimize total surface energy', 'coated solid silica nanoparticle']"
2096,10.1016/j.micromeso.2019.05.017,Generalized ionothermal synthesis of silica-based zeolites,2019,,,
2097,10.1016/j.micromeso.2019.05.052,Conformational sieving effect of organic structure-directing agents during the synthesis of zeolitic materials,2019,,,"['novel conformational sieving effect', 'new stereogenic n center', 'two chiral organic diastereoisomers']"
2098,10.1016/j.micromeso.2019.109779,Synthesis of styrene carbonate from styrene and CO2 catalyzed by walnut-like zeolite LZ-276,2020,,,"['obtained without preliminary synthesis', 'exhibited good catalytic efficiency', 'exploring different reaction conditions']"
2099,10.1016/j.micromeso.2019.109812,Rapid and efficient synthesis of highly crystalline SSZ-13 zeolite by applying high shear mixing in the aging process,2020,,,"['strong shear force generated', 'larger bet surface area', 'applying high shear mixing']"
2100,10.1016/j.micromeso.2019.109913,Nanosol precursor as structural promoter for clinoptilolite via hydrothermal synthesis and resulting effects on selective adsorption of CH4 and N2,2020,,,"['obtained via hydrothermal pre', 'clinoptilolite prepared without sp', 'different crystallization time periods']"
2101,10.1016/j.micromeso.2019.109981,"Two new members of the Silica-X family of materials: RUB-5, a silica zeolite with a very high framework density and RUB-6, a hydrous layer silicate",2020,,,"['generate weak ionic bonds', 'dimensional pore system consisting', 'interlayer expanded zeolite based']"
2102,10.1016/j.micromeso.2019.109987,"New synthesis routes and catalytic applications of ferrierite crystals. Part 1: 1,8-Diaminooctane as a new OSDA",2020,,,
2103,10.1016/j.micromeso.2019.109988,New synthesis routes and catalytic applications of ferrierite crystals. Part 2: The effect of OSDA type on zeolite properties and catalysis,2020,,,
2104,10.1016/j.micromeso.2020.110004,Influences of synthesis conditions on preparation and characterization of Ti-MWW zeolite membrane by secondary hydrothermal synthesis,2020,,,"['long crystallization time cause', 'dilute precursor synthesis gel', 'hetero zeolite phase membrane']"
2105,10.1016/j.micromeso.2020.110027,Synthesis of FER/MFI composite zeolite using isopropylamine as a structure-directing agent,2020,,,"['adsorbed pyridine results showed', 'al2o3 molar ratio ranging', 'mfi composite zeolites could']"
2106,10.1016/j.micromeso.2020.110047,"Unusual high-pressure intrusion-extrusion behavior of electrolyte solutions in Mu-26, a pure silica zeolite of topology STF",2020,,,"['licl aqueous solution infiltration', 'intrusion pressure (~ 6', 'licl aqueous solution']"
2107,10.1016/j.micromeso.2020.110149,Accordion-like effect of flexible organic structure-directing agents in the synthesis of ferrierite zeolite,2020,,,"['different zeolite cell dimensions', 'less convenient organic structure', 'highly flexible cations']"
2108,10.1016/j.micromeso.2020.110194,Synthesis of hierarchical GaZSM-5 zeolites by a post-treatment method and their catalytic conversion of methanol to olefins,2020,,,"['5 zeolite molecular sieves', 'desilication significantly changes acidity', 'strong acid density']"
2109,10.1016/j.micromeso.2020.110213,Insight into the crystallization mechanism of the CON-type zeolite,2020,,,"['11b mas nmr indicated', 'type zeolite ([ al', 'crystal growth process proceeds']"
2110,10.1016/j.micromeso.2020.110251,Preparation and catalytic properties of a novel aluminosilicate zeolite with intersecting 14*12-Ring pore sizes,2020,,,"['also prepared conventional 10', 'simply interlayer silylation', 'silylation using dimethoxydimethylsilane']"
2111,10.1016/j.micromeso.2020.110255,"Synergistic effect between organic structure-directing agent and crystal seed toward controlled morphology, and bimodal pore structure of aggregated nanosized ZSM-5",2020,,,"['microscale single crystals tended', 'tetrahedron configuration bunh', 'structure directing agent']"
2112,10.1016/j.micromeso.2020.110280,Rapid and green synthesis of SAPO-11 for deoxygenation of stearic acid to produce bio-diesel fractions,2020,,,"['prepare water containing gel', 'stearic acid shows', 'reducing wastewater discharge']"
2113,10.1016/j.micromeso.2020.110346,Ionic liquid-templated synthesis of 10-MR zeolites and its origin disclosure,2020,,,"['lowered energy state determined', 'resulting zeolite type', 'dependent parameters affecting']"
2114,10.1016/j.molcata.2004.01.017,Hydrothermally synthesized high silica mordenite as an efficient catalyst in alkylation reaction under liquid phase condition,2004,,,"['using low aluminum contents', 'al molar ratios 40', 'al molar ratios']"
2115,10.1016/j.molcata.2006.02.044,"Synthesis of nanocrystalline zeolite beta in supercritical fluids, characterization and catalytic activity",2006,,,"['supercritical fluid aided crystallization', 'shorter crystallization time without', 'high selectivity towards 4']"
2116,10.1016/j.molcata.2007.04.014,Shape-selective isopropylation of biphenyl over CIT-5 zeolites with CFI topology,2007,,,"[""4 '- dipb occurred"", ""4 '- dipb"", 'bulky dipb isomers']"
2117,10.1016/j.molcata.2007.09.020,The isopropylation of biphenyl over one-dimensional zeolites with corrugated channels,2008,,,"['larger reaction spaces due', 'dimensional corrugated channels compared', 'ifr ), l']"
2118,10.1016/j.molcata.2010.05.014,"Study of the phenol methylation mechanism on zeolites HBEA, HZSM5 and HMCM22",2010,,,"['strong bronsted acid sites', 'surface acid properties', 'particular pore structure']"
2119,10.1016/j.molcata.2011.09.026,Vapour phase oxidation of cyclohexane over CeAlPO-5 molecular sieves,2011,,,"['main product (> 90', 'separate ceria phase', 'free ceria phase']"
2120,10.1016/j.molcata.2016.02.025,Small pore zeolite catalysts for furfural synthesis from xylose and switchgrass in a γ-valerolactone/water solvent,2016,,,"['recycled multiple times', 'gvl )/ water', 'considering total glucose']"
2121,10.1016/j.msec.2014.01.035,Nickel (II) incorporated AlPO-5 modified carbon paste electrode for determination of thioridazine in human serum,2014,,,"['high specific surface area', 'fourier transform infrared spectroscopy', 'diffuse reflectance spectroscopy']"
2122,10.1016/j.msec.2017.03.008,Synthesis and characterization of MFI-type borosilicate zeolites and evaluation of their efficiency as drug delivery systems,2017,,,"['fourier transform infrared spectroscopy', 'sem ), thermogravimetry analysis', 'sensitive drug release feature']"
2123,10.1016/j.mtphys.2018.08.001,,2018,,,
2124,10.1016/j.poly.2004.03.004,Hydrothermal synthesis and characterization of an organically templated gallophosphate JGP-5 ☆,2004,,,"['xrd ), elemental analysis', 'strong templating effect', 'space group cc']"
2125,10.1016/j.powtec.2004.03.016,Crystallization of zeolite L from Na2O–K2O–Al2O3–SiO2–H2O system,2004,,,"['zeolite l powder', 'yields zeolite l', 'scanning electron microscopy']"
2126,10.1016/j.powtec.2010.10.003,Investigation of hydrothermal synthesis parameters on characteristics of T type zeolite crystal structure,2011,,,"['scanning electron microscope ).', 'research work examines changes', 'like aluminosilicate gel']"
2127,10.1016/j.powtec.2011.10.030,High temperature synthesis of SAPO-34: Applying an L9 Taguchi orthogonal design to investigate the effects of experimental parameters,2012,,,"['high temperature environment due', 'high temperature environment', 'mid temperature runs']"
2128,10.1016/j.powtec.2012.01.036,Effect of contributing factors on microwave-assisted hydrothermal synthesis of nanosized SAPO-34 molecular sieves,2012,,,"['obtain fully crystalline sapo', 'hydrothermal heating time played', 'optimum microwave irradiation time']"
2129,10.1016/j.powtec.2012.12.031,Investigations on hydrothermal synthesis parameters in preparation of nanoparticles of LTA zeolite with the aid of TMAOH,2013,,,"['increasing inorganic cation content', 'zeolite size decreases significantly', 'scanning electron microscopy']"
2130,10.1016/j.powtec.2014.01.037,Hydrothermal synthesis of nanosized SAPO-34 molecular sieves by different combinations of multi templates,2014,,,"['several cubic nanosized crystals', 'large bet surface area', 'tetraethyl ammonium hydroxide']"
2131,10.1016/j.powtec.2014.09.036,Effect of crystallization time on properties and catalytic performance of nanostructured SAPO-34 molecular sieve synthesized at high temperatures for conversion of methanol to light olefins,2015,,,"['lower particle size compared', 'low temperature synthesis procedure', 'selectivity toward light olefins']"
2132,10.1016/j.powtec.2017.01.017,Short time microwave/seed-assisted synthesis and physicochemical characterization of nanostructured MnAPSO-34 catalyst used in methanol conversion to light olefins,2017,,,"['light olefins selectivity', 'sufficient synthesis time', 'poor catalytic performance']"
2133,10.1016/j.proeng.2012.01.1256,Synthesis and Characterization of Fe/SUZ-4 Zeolite,2012,,,
2134,10.1016/j.seppur.2019.02.015,Synthesis of a DDR-type zeolite membrane by using dilute solutions of various alkali metal salts,2019,,,
2135,10.1016/j.snb.2017.07.046,Blue photoluminescent carbon nanodots prepared from zeolite as efficient sensors for picric acid detection,2017,,,"['fluorescence resonance energy transfer', '44 zeolite occluding n', 'cnds exhibit high selectivity']"
2136,10.1016/j.solidstatesciences.2003.09.003,The substitution of germanium for silicon in AST-type zeolite,2003,,,"['ray powder diagrams shows', 'ast zeolite framework type', 'powder diffraction data']"
2137,10.1016/j.solidstatesciences.2004.10.039,"Hydrothermal synthesis and characterization of two new three-dimensional open-framework gallophosphates JGP-n (n=8 mathContainer Loading Mathjax, 9) constructed from inorganic layers and HPO4 tetrahedra",2005,,,"['novel ga2p2o10 single four', 'xrd ), elemental analysis', 'using organic amines']"
2138,10.1016/j.solidstatesciences.2006.02.009,A new addition to the Phillipsite family of molecular sieves: A divalent metal-ion-framework substituted microporous aluminophosphate (DAF-8),2006,,,"['yield layered aluminophosphates', 'organic template 1', 'novel phillipsite structure']"
2139,10.1016/j.solidstatesciences.2006.07.004,"Hydrothermal synthesis and crystal structures of two open-framework fluorinated aluminum phosphates templated by 1,3-diaminopropane (ULM-4 & MIL-64)",2006,,,"['monoclinic space group c2', 'infinite zigzag chains corner', 'hexameric units delimits rectangular']"
2140,10.1016/j.solidstatesciences.2007.08.002,IM-14: A novel open-framework germanate synthesised with ethylenediamine as structure-directing agent,2008,,,"['investigated using powder x', '13c liquid nmr spectroscopies', 'framework atom source led']"
2141,10.1016/j.solidstatesciences.2008.09.008,The role of added water in the ionothermal synthesis of microporous aluminium phosphates,2009,,,"['microwave assisted ionothermal synthesis', 'low synthesis pressure', 'ionic liquids appear']"
2142,10.1016/j.solidstatesciences.2011.08.010,Hydrothermal transformation of magadiite into ferrierite in Al2O3–Na2O–ethylenediamine–H2O system,2011,,,
2143,10.1016/j.solidstatesciences.2012.01.023,Synthesis of ultra-high-silica ZSM-5 zeolites with tunable crystal sizes,2012,,,"['scanning electron microscopy', 'inductively coupled plasma', 'highly crystallized zsm']"
2144,10.1016/j.solidstatesciences.2013.08.008,Ionothermal approach for synthesizing AlPO-5 with hexagonal thin-plate morphology influenced by various parameters at ambientpressure,2013,,,"['characterized using various techniques', 'dimethylimidazolium bromide ([ edmim', 'two major factors']"
2145,10.1016/j.solidstatesciences.2014.01.004,Synthesis and crystal morphology control of AlPO4-5 molecular sieves by microwave irradiation,2014,,,"['solvothermal reactions using triethylamine', 'sem ), thermogravimetric analysis', '5 molecular sieves increases']"
2146,10.1016/j.solidstatesciences.2015.11.007,Studies on the formation of hierarchical zeolite T aggregates with well-defined morphology in different template systems,2016,,,"['hierarchical pore structure', 'highest sext value', 'template preparation process']"
2147,10.1016/j.solidstatesciences.2019.03.016,Synthesis of zeolite Y promoted by Fenton's reagent and its application in photo-Fenton-like oxidation of phenol,2019,,,"['lower apparent activation energy', 'hydroxyl free radical ([?', 'apparent growth activation energy']"
2148,10.1016/j.solidstatesciences.2019.106094,Synthesis of chabazite and merlinoite for Cs+ adsorption and immobilization properties by heat-treatment,2020,,,"['higher temperature due', 'cs adsorption performance', 'synthesized mordenite']"
2149,10.1016/j.spmi.2007.10.009,Copper-containing nanoporous films,2008,,,"['nanoporous thin films doped', 'colloidal nanoporous particles', 'nanosized particles determine']"
2150,10.1016/j.ultsonch.2011.09.006,Ultrasonic pretreatment for hydrothermal synthesis of SAPO-34 nanocrystals,2012,,,"['obtain fully crystalline sapo', 'form fully crystalline sapo', 'conventional static hydrothermal technology']"
2151,10.1016/j.ultsonch.2016.05.033,Rapid-synthesis of zeolite T via sonochemical-assisted hydrothermal growth method,2017,,,"['90 min demonstrated zeolite', '5 days via sonochemical', 'synthesized via sonochemical']"
2152,10.1016/j.ultsonch.2019.104679,A time- and cost-effective synthesis of CHA zeolite with small size using ultrasonic-assisted method,2019,,,"['significantly improve crystallinity degree', 'similar element distribution', 'rapid hydrothermal synthesis']"
2153,10.1016/s0009-2614(02)00426-8,Remarkably high electrochemical charge uptake for modified electrodes of polyacetylene molecular wires encapsulated within zeolites and mesoporous MCM-41 aluminosilicate,2002,,,"['polypropyne incorporated within zeolites', 'ni2 +- exchanged aluminosilicates', 'complete polyacetylene oxidation ),']"
2154,10.1016/s0020-1693(99)00247-9,Hydrothermal synthesis of microporous materials with the direct incorporation of porphyrin molecules,1999,,,"['thermal gravimetric analysis', 'structure directing agents', 'ray powder diffraction']"
2155,10.1016/s0021-9517(02)00052-0,High selectivity of MCM-22 for cyclopentanol formation in liquid-phase cyclopentene hydration,2003,,,"['poisoning using organic amines', 'different molecular sizes revealed', 'membered ring channels']"
2156,10.1016/s0021-9517(02)00170-7,A novel titanosilicate with MWW structure III. Highly efficient and selective production of glycidol through epoxidation of allyl alcohol with H2O2,2003,,,"['defect sites due', 'thus contributed negligibly', 'intralayer sinusoid 10']"
2157,10.1016/s0021-9517(02)00178-1,"Synthesis, characterization, and catalytic properties of zeolites IM-5 and NU-88",2003,,,
2158,10.1016/s0021-9517(03)00042-3,Evaluation of Pt/MCM-41//MgAPO-n composite catalysts for isomerization and hydrocracking of n-decane,2003,,,"['mixed without significant decrease', 'composite catalyst without changing', 'composite catalysts containing mgapo']"
2159,10.1016/s0022-3697(01)00066-x,"A three-dimensional zeolitic zinc phosphate, [C8N5H28][Zn5(PO4)5]H2O, with thomsonite structure",2001,,,"['new zeolitic zinc phosphate', 'naturally occurring aluminosilicate mineral', 'mo ka )= 4']"
2160,10.1016/s0022-4596(02)00048-8,An organically templated open-framework cobalt germanate,2003,,,"['amine also acts', '3 ][ ge9o18', 'framework cobalt germanate']"
2161,10.1016/s0144-2449(05)80114-9,"The synthesis and structure of SSZ-24, the silica analog of AIPO4-5",1991,,,
2162,10.1016/s0144-2449(05)80125-3,The structure of as-synthesized AIPO4-16 determined by a new framework modeling method and Rietveld refinement of synchrotron powder diffraction data,1991,,,
2163,10.1016/s0144-2449(05)80167-8,The structure determination and rietveld refinement of the aluminophosphate AIPO4-18,1991,,,
2164,10.1016/s0144-2449(05)80180-0,"The synthesis of silicalite-2 and silica-ZSM-48 from hydrogels containing tetrabutylammonium bromide, hexamethonium bromide, and diaminododecane in the presence of fluoride ions",1991,,,
2165,10.1016/s0144-2449(05)80294-5,Synthesis of a new porous borosilicate with the levyne structure,1992,,,
2166,10.1016/s0144-2449(05)80309-4,Solid-state n.m.r. studies of the high-silica zeolite Theta-1,1990,,,
2167,10.1016/s0144-2449(05)80310-0,Synthesis of new silica-rich cubic and hexagonal faujasites using crown-etherbased supramolecules as templates,1990,,,
2168,10.1016/s0144-2449(88)80031-9,Factors affecting the synthesis of zeolite Theta-1/ Nu-10,1988,,,
2169,10.1016/s0144-2449(88)80226-4,"Hydrothermal crystallization of (hexane-1, 6-diamine)-silicalite-1",1988,,,
2170,10.1016/s0144-2449(88)80228-8,Synthesis and characterization of diethylamine-silica-Nu-10 and diethylamine-silicalite-1,1988,,,
2171,10.1016/s0144-2449(96)00150-9,"CoGaPO-5: Synthesis and crystal structure of (C6N2H14)2[Co4Ga5P9O36], a microporous cobalt-gallium phosphate with a novel framework topology",1997,,,
2172,10.1016/s0144-2449(97)00028-6,"Synthesis, characterization, and catalytic properties of AlPO4-40, CoAPO-40, and ZnAPO-40",1997,,,
2173,10.1016/s0144-2449(97)00043-2,Incorporation of Iron(III) and Chromium(III) in SAPO-37,1997,,,"['pure faujasite structures', 'methanolic solution without', 'tetrapropylammonium ions']"
2174,10.1016/s0144-2449(97)00099-7,Synthesis and characterisation of transition-metal-substituted gallium phosphates with the laumontite structure,1997,,,
2175,10.1016/s0166-9834(00)80218-3,Synthesis and characterization of the very large pore molecular Sieve MCM-9,1989,,,
2176,10.1016/s0166-9834(00)81431-1,Influence of cerium on the catalytic properties of ZSM-20 zeolite in the cracking of n-heptane: Comparison with rare earth Y zeolites,1989,,,
2177,10.1016/s0166-9834(00)82227-7,Synthesis of AlPO4-11 using long-chain secondary amines,1990,,,
2178,10.1016/s0166-9834(00)82333-7,Surface passivation and shape selectivity in xylene isomerization over ZSM-48,1989,,,
2179,10.1016/s0166-9834(00)83137-1,"Shape selective catalysis by zeolite KZ-1 Synthesis, characterization and isomerization of m-xylene",1991,,,
2180,10.1016/s0166-9834(00)83140-1,Oxidizing and reducing properties of SAPO-37 molecular sieve Comparison with acidity and catalysis,1991,,,
2181,10.1016/s0166-9834(00)84425-5,Transformation of MCM-9 into SAPO-8 by various post-synthesis treatments,1990,,,
2182,10.1016/s0167-2738(02)00723-3,Effect of transition metal doping on crystallization of cloverite,2002,,,
2183,10.1016/s0167-2991(02)80012-x,Defect-free MEL-type zeolites synthesized in the presence of an azoniaspiro-compound,2002,,,
2184,10.1016/s0167-2991(04)80824-3,,2004,,,
2185,10.1016/s0167-2991(06)80925-0,On the role of organic amine templates in the synthesis of A1PO molecular sieves: An experimental and computational study,2006,,,
2186,10.1016/s0167-2991(06)81180-8,Rietveld refinement of the tetragonal variant of AlPO4-16 prepared in fluoride medium,1995,,,
2187,10.1016/s0167-2991(07)80881-0,,,,,
2188,10.1016/s0167-2991(08)64102-6,,,,,
2189,10.1016/s0167-2991(08)80185-1,Synthesis and structure of polymorph B of Beta zeolite,2008,,,
2190,10.1016/s0167-2991(08)80188-7,Synthesis of SAPO-31 with di-n-pentylamine: Influence of chemical composition and crystallization Conditions,2008,,,
2191,10.1016/s0167-2991(97)80553-8,"Synthesis of high-silica FAU-, EMT-, RHO- and KFI-type zeolites in the presence of 18-crown-6 ether",1997,,,
2192,10.1016/s0167-2991(97)80576-9,Synthesis and characterization of Sn- containing ZSM-48 type molecular sieves using different templates,1997,,,
2193,10.1016/s0167-2991(97)80631-3,Chemistry of CoAPO-11 and VAPO-5:ESR studies of molecular oxygen adducts,1997,,,
2194,10.1016/s0167-577x(02)00411-1,"Synthesis of high-silica-content mordenite with different SiO2/Al2O3 ratios by using benzene-1,2-diol as additives",2002,,,"['reaction mixture largely influenced', 'experimental results showed', '500h2o :( 0']"
2195,10.1016/s0254-0584(01)00281-4,Titanium species in titanium silicalite TS-1 prepared by hydrothermal method,2001,,,"['investigated using chemical analysis', 'partly condensed titanium species', 'titanium species may exist']"
2196,10.1016/s0254-0584(97)80055-7,Crystallization kinetics of pure TS-1 zeolite using quaternary ammonium halides as templates,1997,,,
2197,10.1016/s0376-7388(00)00358-6,Synthesis of ETS-4/TiO2 composite membranes and their pervaporation performance,2000,,,"['direct hydrothermal synthesis followed', 'appropriate hydrothermal synthetic conditions', 'plane preferred orientation']"
2198,10.1016/s0376-7388(02)00617-8,Pervaporation of organic/water mixtures through B-ZSM-5 zeolite membranes on monolith supports,2003,,,"['5 wt .% organic', 'calculating molecular kinetic diameters', 'membranes effectively removed alcohols']"
2199,10.1016/s0920-5861(00)00472-7,FT-IR studies of the NO adsorption on rare earth (Eu/Gd/Tb) exchanged new generation silicoaluminophosphate catalysts of chabazite type,2000,,,"['rare earth elements europium', 'rare earth exchanged sapo', 'sophisticated instrumental techniques']"
2200,10.1016/s0920-5861(02)00029-9,Synthesis of a new molecular sieve using DABCO-based structure-directing agent,2002,,,"['membered ring channel system', 'refined lattice constants', 'orthorhombic crystal class']"
2201,10.1016/s0920-5861(02)00065-2,"Catalytic DeNO
                  x
                activity of cobalt and copper ions in microporous MeALPO-34 and MeAPSO-34",2002,,,"['n2o decomposition even', 'cu +/ cu2', 'co2 +/ co3']"
2202,10.1016/s0920-5861(02)00074-3,Catalytic degradation of polyethylene over SAPO-37 molecular sieve,2002,,,"['scanning electron microscopy showed', 'hdpe alone suffers decomposition', 'typical faujasite structure']"
2203,10.1016/s0920-5861(02)00334-6,Characterization and catalytic evaluation of mesoporous and microporous molecular sieves containing niobium,2003,,,"['novel microporous aluminophosphate nbapo', 'ray powder diffraction', 'electron spin resonance']"
2204,10.1016/s0920-5861(03)00140-8,Multivariate approach to zeolite synthesis,2003,,,"['stepwise linear discriminant analysis', 'structure directing agent', 'qualitative xrd responses']"
2205,10.1016/s0920-5861(98)00422-2,Cobalt-containing molecular sieves as catalysts for the low conversion autoxidation of pure cyclohexane. Part II. A kinetic study,1999,,,"['truly heterogeneous autoxidation catalysts', 'solid catalysts show', 'chem ., int']"
2206,10.1016/s0920-5861(98)00432-5,Synthesis of large molecular sieve crystals with the AFI (AlPO4-5) topology,1999,,,"['molecular sieves alpo4', 'standard synthesis procedure', 'synthesis gel']"
2207,10.1016/s0920-5861(98)00433-7,"Synthesis, characterization and catalytic properties of ZrAPO-5",1999,,,"['xylene isomerization reaction', '5 molecular sieves', 'synthesized hydrothermally']"
2208,10.1016/s0920-5861(99)00216-3,The interaction of NO with Co2+/Co3+ redox centres in CoAPOs catalysts: FTIR and UV–VIS investigations,1999,,,"['stabilize dinitrosyls absorbing', 'produce dinitrosyls absorbing', 'p ], associated']"
2209,10.1016/s0921-5093(03)00509-4,MFI zeolite synthesis directly from silatrane via sol–gel process and microwave technique,2003,,,"['na +, oh -,', 'triethanolamine using ethylene glycol', 'longer aging times lead']"
2210,10.1016/s0925-4005(97)80314-0,"A capacitance-type chemical sensor that employs VAPO-5, MnAPO-5 and MAPO-36 molecular sieves as the dielectric phase",1997,,,"['deposited onto titanium nitride', 'isostructural manganese aluminum phosphate', 'molecular sieve films function']"
2211,10.1016/s0925-8388(96)02738-7,Hydrothermal synthesis of cerium aluminophosphate,1997,,,"['using various physicochemical methods', 'isopropylamine organic template', 'aluminophosphate molecular sieve']"
2212,10.1016/s0926-2040(97)00004-0,A solid-state NMR study of the molecular sieve VPI–5 synthesized in the presence of a CTABr surfactant,1997,,,
2213,10.1016/s0926-2040(97)00021-0,Synthesis and structural characterization of mixed aluminum-gallium-offretites,1997,,,
2214,10.1016/s0926-860x(00)00687-6,Investigations on the reaction mechanism of the skeletal isomerization of n-butenes to isobutene Part II. Reaction mechanism on ferrierites,2001,,,"['tpad experiments established', '96 %, depending', '10 min time']"
2215,10.1016/s0926-860x(02)00563-x,Synthesis and characterization of vanadium containing ATO- and AFO-type molecular sieves,2003,,,"['cyclic voltammetric studies confirm', 'sem analysis confirm', 'cyclic voltammetry reveals']"
2216,10.1016/s0926-860x(97)00087-2,Synthesis of alkali-free MFI borosilicates from methylamine-SiCl4 media,1997,,,
2217,10.1016/s0926-860x(97)00339-6,Dealuminated zeolite-based composite catalysts for reforming of an industrial naphthene-rich feedstock,1998,,,"['show much better time', 'carbonaceous coking precursors propagate', 'soluble carbonaceous deposits analyzed']"
2218,10.1016/s0926-860x(98)00003-9,Methanol conversion to light alkenes over SAPO-34 molecular sieves synthesized using various sources of silicon and aluminium,1998,,,"['various sources', 'methanol conversion', 'light alkenes']"
2219,10.1016/s0926-860x(98)00265-8,Characterization of MeAPO-11s synthesized conventionally and in the presence of fluoride ions and their catalytic properties in the oxidation of ethylbenzene,1999,,,
2220,10.1016/s0926-860x(98)00347-0,Reactivity of titanosilicates-supported catalysts for the selective catalytic reduction of NO with NH3,1999,,,"['fe3 +, co3 +,', 'incorporating second metal ion', 'co3 +/[ fe40']"
2221,10.1016/s0926-860x(99)00408-1,One step synthesis of methyl isobutyl ketone over palladium supported on AlPO4-11 and SAPO-11,2000,,,"['methyl isobutyl ketone', 'aluminophosphate molecular sieves', 'basic sites promote']"
2222,10.1016/s0926-860x(99)00459-7,"Comparative study of vanadium aluminophosphate molecular sieves VAPO-5, -11, -17 and -31",2000,,,"['fully characterized using xrd', 'diffuse reflectance uv', 'synthesized hydrothermally']"
2223,10.1016/s0927-6513(96)00056-9,"Effect of various inorganic cations (Li, Na, K and Cs) and silica sources on the synthesis of the silica analogue of zeolite NCL-1 (Si-NCL-1)",1997,,,
2224,10.1016/s0927-6513(96)00057-0,Catalytic properties of the gallophosphate cloverite II. Gas-phase formation of ethyl-tert. -butyl ether,1997,,,
2225,10.1016/s0927-6513(96)00077-6,Crystallization mechanism study on ZSM-48 in the system Na2O-Al2O3-SiO2-H2N(CH2)6NH2,1997,,,
2226,10.1016/s0927-6513(96)00103-4,Synthesis of F−-containing LTA-type GaPO4 in the presence of crown ethers as organic templates,1997,,,
2227,10.1016/s0927-6513(97)00005-9,Synthesis and characterisation of zeolites using saturated cyclic amines as structure-directing agents,1997,,,"['high silica mor', 'obtain high', 'directing agents']"
2228,10.1016/s0927-6513(97)00009-6,Crown-ether mediated synthesis of FAU- and EMT-type zeolites in the presence of phosphate anions: study of the incorporation of gallium,1997,,,
2229,10.1016/s0927-6513(97)00010-2,Synthesis of boron-beta zeolite from near-neutral fluoride-containing gels,1997,,,
2230,10.1016/s0927-6513(97)00013-8,Synthesis of mazzite-type zeolites in the presence of organic solvents: study of the structure directing role of p-dioxane,1997,,,
2231,10.1016/s0927-6513(97)00024-2,Further investigations on the synthesis of pure-silica molecular sieves via the use of organic structure-directing agents,1997,,,
2232,10.1016/s0927-6513(97)00031-x,Synthesis of VPI-8 I. The effects of reaction components,1997,,,
2233,10.1016/s0927-6513(97)00040-0,Synthesis of AlPO4-16 from fluoride-containing media in the presence of various organic templates,1997,,,"['five different organic templates', 'characterized using several techniques', 'using cobalticinium cations']"
2234,10.1016/s0927-6513(97)00045-x,,,,,
2235,10.1016/s0927-6513(97)00084-9,Investigation of organosilanes as structure-directing agents in zeolite synthesis,1997,,,
2236,10.1016/s0927-7757(01)00645-8,Location of benzene and cations in Si-rich NaY zeolites: a comparative and quantitative infrared spectroscopic study,2001,,,"['investigated using ftir spectroscopy', 'total benzene adsorption capacity', 'average negative charge']"
2237,10.1016/s0927-7757(99)00141-7,Enhanced resolution of Al sites in the molecular sieve SAPO-37 by 27Al MQ MAS NMR,1999,,,"['full template calcined samples', 'four different al species', '3q mas nmr spectra']"
2238,10.1016/s0928-4931(01)00452-0,Crystallization of nanosized MEL-type zeolite from colloidal precursors,2002,,,"['mel crystalline colloidal particles', 'initial precursor solution leads', 'various colloidal precursor solutions']"
2239,10.1016/s0955-2219(02)00042-0,ANA and GIS zeolite synthesis directly from alumatrane and silatrane by sol-gel process and microwave technique,2002,,,"['narrow particle size distribution', 'highly influenced crystalline formation', 'better crystalline formation']"
2240,10.1016/s0955-2219(02)00287-x,Na-A (LTA) zeolite synthesis directly from alumatrane and silatrane by sol-gel microwave techniques,2003,,,"['water ratio also affects', 'na2o concentration strongly affects', '1 mm crystal size']"
2241,10.1016/s1293-2558(01)01175-x,Crystal structure and MAS-NMR study of rehydrated UiO-7,2001,,,"['whereas one obtains five', 'interconnected via hydrogen bonds', 'one achieves octahedral coordination']"
2242,10.1016/s1381-1169(00)00513-6,Synthesis and characterization of galloaluminosilicate/gallosilicalite (MFI) and their evaluation in methane dehydro-aromatization,2001,,,
2243,10.1016/s1387-1811(00)00144-x,Zeolite syntheses using diamines: evidence for in situ directing agent modification,2000,,,
2244,10.1016/s1387-1811(00)00146-3,Synthesis and characterization of new CoAPSO-40 and ZnAPSO-40 molecular sieves. Influence of the composition on the thermal and hydrothermal stability of AlPO4-40-based materials,2000,,,"['bronsted acid sites similar', 'metal bearing afr framework', 'homogeneous framework silicon distribution']"
2245,10.1016/s1387-1811(00)00150-5,Layered aluminophosphates III. Crystal structure and thermal properties of the novel layered aluminophosphate UiO-18,2000,,,"['orthorhombic space group pnma', 'monoclinic space group p21', 'mas nmr data indicate']"
2246,10.1016/s1387-1811(00)00178-5,Structure-directing agents and stacking faults in the CON system: a combined crystallographic and computer simulation study,2000,,,"['monte carlo docking result', 'monte carlo docking algorithm', 'develop trial structural models']"
2247,10.1016/s1387-1811(00)00183-9,"Size-controlled synthesis of silicalite-1 single crystals in the presence of benzene-1,2-diol",2000,,,"['different crystallite sizes ranging', 'diol ), single crystals', 'large single crystals']"
2248,10.1016/s1387-1811(00)00203-1,The synthesis and crystal structure of two novel 3D open-framework zinc phosphates UiO-21 and UiO-22,2000,,,"['four rings running along', 'zinc atom octahedrally coordinated', 'triclinic space group p']"
2249,10.1016/s1387-1811(00)00205-5,"The structures of as-synthesized AlPO4-53(A), calcined dehydrated AlPO4-53(B), and AlPO4-53(C), a new phase determined by the FOCUS method",2000,,,"['structure type code aen', 'unit cell composition', 'space group p212121']"
2250,10.1016/s1387-1811(00)00206-7,"Synthesis, crystal structure and thermal properties of the AlPO4 material UiO-12",2000,,,"['oh )]-[ ch3nh2ch3 ]+,', 'ray diffraction data using', 'ray diffraction data']"
2251,10.1016/s1387-1811(00)00207-9,Synthesis and characterization of a new microporous aluminophosphate [Al2P2O8][OCH2CH2NH3] with an open-framework analogous to AlPO4-D,2000,,,"['orthorhombic space group pbca', 'compound contains two kinds', 'coordinated linking another six']"
2252,10.1016/s1387-1811(00)00221-3,Synthesis and crystal structures of gallium and germanium variants of cancrinite,2000,,,"['sodium cations fully occupy', 'cesium cations fully occupy', 'resonant diffraction studies performed']"
2253,10.1016/s1387-1811(00)00225-0,On the synthesis of vanadium containing molecular sieves by experimental design from a VOSO4·5H2O·Al(iPrO)3·Pr2NH·H2O gel: occurrence of VAPO-41 as a secondary structure in the synthesis of VAPO-11,2000,,,"['situ fourier transform infrared', 'ael structure appears either', 'thermal analysis measurements']"
2254,10.1016/s1387-1811(00)00230-4,Pyrrolidine silica sodalite and ethylamine silica sodalite – two new silica sodalite materials synthesized from different solid silica sources,2000,,,
2255,10.1016/s1387-1811(00)00233-x,Characterization and catalytic properties of MCM-56 and MCM-22 zeolites,2000,,,"['three unit cells ).', 'structures thus formed pack', 'simulate pronounced peak broadening']"
2256,10.1016/s1387-1811(00)00265-1,Ionic conductivity of single-crystal ferrierite,2000,,,"['0 0 1 ].', 'millimeter sized ferrierite', 'member ring channels']"
2257,10.1016/s1387-1811(00)00272-9,"Synthesis, structure and thermal properties of a novel 3D aluminophosphate UiO-26",2000,,,"['monoclinic space group p21', '3d open framework consisting', 'structure remains virtually unchanged']"
2258,10.1016/s1387-1811(00)00288-2,"Synthesis and structure of (Me3N)6[Ge32O64]
                  ·
               (H2O)4.5, a thermally stable novel zeotype with 3D interconnected 12-ring channels",2000,,,"['space group i41', 'scanning electron microscopy', 'novel zeotype topology']"
2259,10.1016/s1387-1811(00)00316-4,"Mu-13: a new AlPO4 prepared with 4,13-diaza-18-crown-6 as a structuring agent",2001,,,"['diazacyclooctadecane ("" kryptofix22 "")', 'new structure type among', 'biprotonated kryptofix22 cation']"
2260,10.1016/s1387-1811(00)00318-8,"Wairakei geothermal silica; a low cost reagent for the synthesis of low, intermediate- and high-silica zeolites",2001,,,"['beta (* bea ).', 'sod ), linde type', 'lta ), linde type']"
2261,10.1016/s1387-1811(00)00340-1,UV Raman spectroscopic study on the synthesis mechanism of zeolite X,2001,,,"['uv raman spectra', 'secondary building unit', 'uv raman spectroscopy']"
2262,10.1016/s1387-1811(00)00347-4,"Potassium merlinoite: crystallization, structural and thermal properties",2001,,,"['main zeolitic phases obtained', 'koh type aluminum', 'silicate gels']"
2263,10.1016/s1387-1811(01)00213-x,Synthesis and structure of pure silica-RUB-10 (structure type: RUT) obtained with pyrrolidine as the structure directing agent,2001,,,"['expected cyclic geometry confirming', 'well known framework topology', 'obvious templating effect since']"
2264,10.1016/s1387-1811(01)00267-0,Synthesis of microporous titanosilicate ETS-10 with TiF4 or TiO2,2001,,,"['engelhard titanosilicate number 10', 'organic additive tetramethylammonium chloride', 'another convenient ti source']"
2265,10.1016/s1387-1811(01)00272-4,Crystallization mechanism of all-silica zeolite beta in fluoride medium,2001,,,"['sizes around 7 mm', 'sizes around 14 mm', 'amorphous material initially observed']"
2266,10.1016/s1387-1811(01)00284-0,Synthesis and characterization of borosilicates with the EUO framework topology,2001,,,
2267,10.1016/s1387-1811(01)00285-2,Synthesis of large mordenite crystals in the presence of aliphatic alcohol,2001,,,
2268,10.1016/s1387-1811(01)00312-2,"Synthesis and characterization of Mu-19, a new zincophosphate with a three-dimensional 12-membered ring channel system",2001,,,"['orthorhombic space group p212121', '1h cramps nmr spectroscopy', 'dimensional channel system delimited']"
2269,10.1016/s1387-1811(01)00329-8,Towards rational design and synthesis of aluminophosphates with 2-D layer and 3-D open-framework structures,2001,,,"['using computer modeling method', 'nialp2o8 ][ c2n2h9 ].', 'transition metal cations']"
2270,10.1016/s1387-1811(01)00412-7,Synthesis of Al-rich ZSM-12 using TEAOH as template,2001,,,"['inherent high silica character', 'especially aluminum rich samples', 'oh -/ sio2 ratio']"
2271,10.1016/s1387-1811(01)00414-0,A new structure-directing agent for the synthesis of pure-phase ZSM-11,2001,,,"['135 degc using 2', 'new synthetic procedure', '24 wt .%']"
2272,10.1016/s1387-1811(01)00429-2,Transformation of amorphous silica colloids to nanosized MEL zeolite,2001,,,"['situ dynamic light scattering', 'dependent 29si nmr measurements', '68 h extended ht']"
2273,10.1016/s1387-1811(01)00441-3,Synthesis and single crystal structure of an AFX-type magnesium aluminophosphate,2001,,,"['framework topology slightly different', 'space group p', 'novel polyether diamine']"
2274,10.1016/s1387-1811(01)00442-5,An anionic framework aluminophosphate |(CH2)6N4H3·H2O|[Al11P12O48] and computer simulation of the template positions,2001,,,"['via bridging oxygen atoms', 'trigonal space group r', 'two cages alternate along']"
2275,10.1016/s1387-1811(01)00451-6,"(CH3CH[NH3]CH2NH3)1/2·ZnPO4, a zincophosphate analogue of aluminosilicate zeolite thomsonite",2001,,,"['1 secondary building units', 'space group pncn', 'organically templated zincophosphate']"
2276,10.1016/s1387-1811(01)00474-7,Multiwavelength X-ray diffraction studies of ZnGaPOs; distinguishing isoelectronic framework cations,2002,,,
2277,10.1016/s1387-1811(02)00270-6,"Hydrothermal synthesis and structural characterization of the aluminogermanate analogues of JBW, montesommaite, analcime and paracelsian",2002,,,"['ray diffraction studies indicate', 'tetramethyl ammonium hydroxide', 'strictly alternating array']"
2278,10.1016/s1387-1811(02)00274-3,"On the synthesis of SSZ-48, SSZ-43 and their variations",2002,,,"['using several reaction chemistries', 'related theoretical 14 member', '29si nmr data show']"
2279,10.1016/s1387-1811(02)00318-9,Synthesis of zeolites: study and application of a new process of homogeneous shaking out of the medium to minimize the shear rate during the crystallization,2002,,,"['zeolite synthesis procedure', 'synthesis medium allows', 'local shear rate']"
2280,10.1016/s1387-1811(02)00329-3,Crystallization and Si incorporation mechanisms of SAPO-34,2002,,,"['aluminum pair takes place', 'direct participation mechanism rather', 'preliminary structure units similar']"
2281,10.1016/s1387-1811(02)00333-5,Synthesis and characterization of MAPO-11 molecular sieves,2002,,,"['state nuclear magnetic resonance', 'mas nuclear magnetic resonance', 'using phosphoric acid']"
2282,10.1016/s1387-1811(02)00341-4,Influence of the synthesis conditions and growth environment on MFI zeolite film orientation,2002,,,"['2 0 0 ),', '0 2 0 ),', 'produce zeolite film coatings']"
2283,10.1016/s1387-1811(02)00359-1,Processing of microporous VPI-5 molecular sieve by using supercritical CO2: stability and adsorption properties,2002,,,"['microporous molecular sieve vpi', 'significant time -, pressure', 'previously shaking vpi']"
2284,10.1016/s1387-1811(02)00384-0,Synthesis of pure-silica MTW powder and supported films,2002,,,
2285,10.1016/s1387-1811(02)00385-2,Synthesis of SUZ-4 in the K+/TEA+ system,2002,,,"['produce pure suz', 'pure suz', 'tetraethylammonium hydroxide']"
2286,10.1016/s1387-1811(02)00395-5,Two polymorphs of a piperazinium zincophosphate with different interrupted SOD-type frameworks,2002,,,"['ray structure analyses revealed', 'znpo host structures possess', 'two polymorphous forms']"
2287,10.1016/s1387-1811(02)00408-0,"Synthesis, characterization, and catalysis of UTM-1: an MTF-type zeolite composed of the same building unit as MFI-type zeolites",2002,,,"['hydroxide media without employing', 'small pore aperture restricts', 'show high catalytic activities']"
2288,10.1016/s1387-1811(02)00480-8,Synthesis of Fe-MFI zeolites in fluoride-containing media,2003,,,"['cations exert specific forces', 'framework fe atoms leave', 'kinetic data show']"
2289,10.1016/s1387-1811(02)00485-7,B-containing molecular sieves crystallized in the presence of ethylenediamine. Part I: crystal structure of as-synthesized B-FER,2002,,,
2290,10.1016/s1387-1811(02)00504-8,"Synthesis and characterization of triclinic MeAPO-34 (Me=Zn, Fe) molecular sieves",2002,,,"['strong bronsted acid sites', 'ii )- containing gels', 'bronsted acid sites']"
2291,10.1016/s1387-1811(02)00605-4,"Hydrothermal synthesis of new berylloborophosphates MIBeBPO (MI=K+, Na+ and NH4
               +) with zeolite ANA framework topology",2003,,,"['1 0 0 ],', 'ring channels along', 'first bebpo4 phase']"
2292,10.1016/s1387-1811(02)00608-x,"Synthesis, structure and thermal transformations of aluminophosphates containing the nickel complex [Ni(diethylenetriamine)2]2+ as a structure directing agent",2003,,,
2293,10.1016/s1387-1811(02)00612-1,Properties and separation performance of Ge-ZSM-5 membranes,2003,,,
2294,10.1016/s1387-1811(02)00653-4,The inorganic chemistry of guest-mediated zeolite crystallization: a comparison of the use of boron and aluminum as lattice-substituting components in the presence of a single guest molecule during zeolite synthesis,2003,,,
2295,10.1016/s1387-1811(03)00317-2,TEABr directed synthesis of ZSM-12 and its NMR characterization,2003,,,"['al ratio around 30', '12 using tetraethylammonium bromide', 'oh -/ sio2 ratios']"
2296,10.1016/s1387-1811(03)00381-0,"Zeolite synthesis in the presence of flexible diquaternary alkylammonium ions (C2H5)3N+(CH2)
                  n
               N+(C2H5)3 with n=3–10 as structure-directing agents",2003,,,
2297,10.1016/s1387-1811(03)00429-3,"Crystal structure of zeolite omega, the synthetic counterpart of the natural zeolite mazzite",2003,,,"['ray powder diffraction data', 'synthetic zeolite omega', '2 |[ al8']"
2298,10.1016/s1387-1811(03)00466-9,"Synthesis and structure of RUB-35, a disordered material of the EUO-NES-NON family",2003,,,"['various stacking disordered materials', 'type stacking sequences generates', 'euo zeolite framework type']"
2299,10.1016/s1387-1811(03)00482-7,"High-silica SAPO-5 with preferred orientation: synthesis, characterization and catalytic applications",2003,,,"['strong acid sites', 'longer chain hydrocarbons', 'alkane hydrocracking activity']"
2300,10.1016/s1387-1811(03)00499-2,Structure analysis of the novel microporous aluminophosphate IST-1 using synchrotron powder diffraction data and HETCOR MAS NMR,2003,,,"['novel microporous aluminophosphate ist', 'difference electron density maps', 'centrosymmetric space group pca21']"
2301,10.1016/s1387-1811(97)00007-3,Rapid synthesis of AlPO4-11 and cloverite by microwavehydrothermal processing,1998,,,
2302,10.1016/s1387-1811(97)00025-5,Influence of the SiO2/Al2O3 ratio on the synthesis and physicochemical characteristics of levyne-type zeolite,1998,,,
2303,10.1016/s1387-1811(97)00027-9,Synthesis of the silicoaluminophosphate molecular sieve SAPO-31 in the presence of fluoride ions and its characterization,1998,,,"['mechanism si4 ++( n', '08 cm3 liquid n', 'pure silicoaluminophosphate sapo']"
2304,10.1016/s1387-1811(97)00038-3,Crystallization of microporous aluminophosphates and me2+-substituted aluminophosphates investigated by in situ synchrotron x-ray powder diffraction,1998,,,
2305,10.1016/s1387-1811(98)00041-9,Cyclic polyols: a new class of structure-directing agents? Study of inositol in the synthesis of FAU- and LTA-type zeolites,1998,,,
2306,10.1016/s1387-1811(98)00059-6,Synthesis and characterization of a new titanium silicoaluminophosphate: TAPSO-37,1998,,,"['state nmr spectroscopy', 'vis ), sem', 'ir ), uv']"
2307,10.1016/s1387-1811(98)00082-1,"The diaza-polyoxa-macrocycle `Kryptofix222' as a new template for the synthesis of LTA-type AlPO4
             Co-templating role of F− and/or (CH3)4N+ ions
                  1
                  Dedicated to Professor Lovat V.C. Rees in recognition and appreciation of his lifelong devotion to zeolite science and his outstanding achievements in this field.
               
               
                  1",1998,,,"['27al mas nmr spectroscopy', ""hexacosane (` kryptofix222 '),"", 'aqueous reaction mixtures']"
2308,10.1016/s1387-1811(98)00094-8,"Synthesis and characterization of a ferrierite made by recrystallization of an aluminium-containing hydrated magadiite
                  1
                  Dedicated to Professor Lovat V.C. Rees in recognition and appreciation of his lifelong devotion to zeolite science and his outstanding achievements in this field.
               
               
                  1",1998,,,"['containing magadiite varieties', 'ferrierite conventionally prepared', 'dry synthesis technique']"
2309,10.1016/s1387-1811(98)00096-1,"Alkylammonium polycations as structure-directing agents in MFI zeolite synthesis
                  1
                  Dedicated to Professor Lovat V.C. Rees in recognition and appreciation of his lifelong devotion to zeolite science and his outstanding achievements in this field.
               
               
                  1",1998,,,"['state nmr spectra show', 'triquaternary ammonium cations', 'particle sizes decrease']"
2310,10.1016/s1387-1811(98)00106-1,"Guest/host relationships in zeolite synthesis: ring-substituted piperidines and the remarkable adamantane mimicry by 1-azonio spiro [5.5] undecanes
                  1
                  Dedicated to Professor Lovat V.C. Rees in recognition and appreciation of his lifelong devotion to zeolite science and his outstanding achievements in this field.
               
               
                  1",1998,,,
2311,10.1016/s1387-1811(98)00111-5,"Monoclinic NaZnPO4-ABW, a new modification of the zeolite ABW structure type containing elliptical eight-ring channels",1998,,,"['03 %, r w', 'space group p21', 'ring channels occupied']"
2312,10.1016/s1387-1811(98)00119-x,Amine-directed syntheses and crystal structures of phosphate-based zeolite analogs,1998,,,
2313,10.1016/s1387-1811(98)00122-x,Amine-templated syntheses and crystal structures of zeolite rho analogs,1998,,,"['organic amine uniquely templates', 'three zeolite rho analogs', 'zeolite rho topology']"
2314,10.1016/s1387-1811(98)00152-8,"Surface acidity of Al-, Ga- and Fe-silicate analogues of zeolite NCL-1 characterized by FTIR, TPD (NH3) and catalytic methods",1998,,,"['studied using infrared spectroscopy', 'exhibit two infrared signals', 'tpd nh3 measurements show']"
2315,10.1016/s1387-1811(98)00165-6,"Zeolite synthesis in the presence of azonia-spiro compounds as structure-directing agents
                  1
                  Dedicated to Professor Lovat V.C. Rees in recognition and appreciation of his lifelong devotion to zeolite science and his outstanding achievements in this field.
               
               
                  1",1998,,,
2316,10.1016/s1387-1811(98)00171-1,Synthesis and characterization of aluminum-free zeolite titanium beta using di(cyclohexylmethyl)dimethylammonium as a new and selective template,1998,,,"['ray unit cell expansion', 'free titanium silicate analogue', 'characterized using powder xrd']"
2317,10.1016/s1387-1811(98)00212-1,Synthesis and characterization of the microporous silica phase RUB-3 (RTE),1998,,,"['non ), dodecasil 1h', 'ray diffraction analysis', 'needs several days']"
2318,10.1016/s1387-1811(98)00213-3,Structure refinement of the as-synthesized and the calcined form of zeolite RUB-3 (RTE),1998,,,"['slightly elliptical pore openings', 'structure type code rte', 'rte structure even keeps']"
2319,10.1016/s1387-1811(98)00215-7,Hydrothermal synthesis and low temperature crystal structure of an ammonium beryllophosphate with the merlinoite topology,1998,,,
2320,10.1016/s1387-1811(98)00223-6,Synthesis and characterization of cobalt-containing hydrated aluminophosphate molecular sieves CoAPO4-H3,1998,,,"['framework charge defect associated', 'including 27al two', 'various spectroscopic techniques']"
2321,10.1016/s1387-1811(98)00230-3,Synthesis and characterization of SAPO-41: effect of the silicon content and the crystal size on the hydroisomerization of n-octane over Pt–Pd/SAPO-41,1998,,,
2322,10.1016/s1387-1811(98)00240-6,Synthesis of ECR-18 — a synthetic analog of paulingite,1999,,,"['synthetic paulingite analog', 'micron cubic crystals', 'large spherical agglomerates']"
2323,10.1016/s1387-1811(98)00274-1,"On the synthesis of CoAPO-46, -11 and -44 molecular sieves from a Co(Ac)2·4H2O·Al(iPrO)3·H3PO4·Pr2NH·H2O gel via experimental design",1999,,,
2324,10.1016/s1387-1811(98)00293-5,"Synthesis, characterization and structure of SAPO-56, a member of the ABC double-six-ring family of materials with stacking sequence AABBCCBB",1999,,,"['ray powder diffraction data', 'isolated framework td sites', 'type code afx']"
2325,10.1016/s1387-1811(98)00294-7,Synthesis and structure of a microporous aluminogermanate with the zeolite rho topology,1999,,,
2326,10.1016/s1387-1811(98)00298-4,CGS: cobalt and zinc gallophosphates with a new open-framework topology,1999,,,
2327,10.1016/s1387-1811(98)00311-4,The structure of TPA-ZSM-5 with Si/Al=23,1999,,,"['suggest three possible positions', 'four general equivalent positions', 'eight general equivalent positions']"
2328,10.1016/s1387-1811(98)00314-x,"Zeolite SUZ-4: reproducible synthesis, physicochemical characterization and catalytic evaluation for the skeletal isomerization of n-butenes",1999,,,"['expensive quinuclidine additive afford', 'new zeolitic phase', 'new zeolite suz']"
2329,10.1016/s1387-1811(98)00335-7,High-silica molecular sieve syntheses using the sparteine related compounds as structure-directing agents,1999,,,"['van der waals interactions', 'three quaternary ammonium compounds', 'molecular modeling studies suggest']"
2330,10.1016/s1387-1811(98)00336-9,Reactions of m-xylene on zeolites with intersecting medium and large pores Part 2: aluminum population in structures with CON topology,1999,,,"['intracrystalline pore space acts', 'low flow rates results', 'low flow rates']"
2331,10.1016/s1387-1811(98)00341-2,"Synthesis of 4,4′-trimethylenebis(1-benzyl-1-methylpiperidinium) diastereomers and their use as structure-directing agents in pure-silica molecular sieve syntheses",1999,,,
2332,10.1016/s1387-1811(99)00009-8,Synthesis of OFF-type zeolite in a quasi non aqueous medium: structure directing role of p-dioxane and alkaline cations,1999,,,
2333,10.1016/s1387-1811(99)00010-4,New route for synthesizing Mn-silicalite-1,1999,,,"['ray powder diffraction', 'ions replace si', 'orthorhombic framework structure']"
2334,10.1016/s1387-1811(99)00029-3,"Synthesis and characterization of Fe- and [Fe,Al]-MCM-22 zeolites",1999,,,
2335,10.1016/s1387-1811(99)00045-1,Synthesis and characterization of phi-type zeolites LZ-276 and LZ-277: faulted members of the ABC-D6R family of zeolites,1999,,,"['ray powder diffraction pattern', 'including new larger cages', 'high resolution images']"
2336,10.1016/s1387-1811(99)00057-8,"Synthesis, structure solution, and characterization of the aluminosilicate MCM-61: the first aluminosilicate clathrate with 18-membered rings",1999,,,"['ray powder diffraction data', 'synthesized hydrothermally using 1', '33 %, r wp']"
2337,10.1016/s1387-1811(99)00070-0,,1999,,,
2338,10.1016/s1387-1811(99)00075-x,Synthesis of zeolite MCM-22 under rotating and static conditions,1999,,,"['highest specific surface area', 'three different silica sources', 'slightly narrower crystallization field']"
2339,10.1016/s1387-1811(99)00087-6,Syntheses of chromium(III)-doped aluminophosphate-5 molecular sieves from various gels,1999,,,
2340,10.1016/s1387-1811(99)00092-x,Synthesis of borosilicate zeolites by the dry gel conversion method and their characterization,1999,,,"['13c cp mas nmr', '11b mas nmr analyses', 'dry gel conversion technique']"
2341,10.1016/s1387-1811(99)00110-9,Synthesis and characterization of AlPO4-36: a novel aluminophosphate molecular sieve with ATS structure,1999,,,
2342,10.1016/s1387-1811(99)00130-4,AlPO4-31 derivatives doped with various metals: effects on crystal symmetry and thermal stability,1999,,,"['introduced heterometal plays', 'significantly differing amounts', 'low amounts']"
2343,10.1016/s1387-1811(99)00132-8,,1999,,,
2344,10.1016/s1387-1811(99)00138-9,"Zeolite synthesis using 1,4-diazabicyclo[2,2,2]octane (DABCO) derivatives as structure-directing agents",1999,,,"['silica products including phases', 'final products formed', 'al3 +, b3']"
2345,10.1016/s1387-1811(99)00140-7,The role of pyrocatechol as a complex agent for silicon in the synthesis of large single crystals of silica-sodalite zeolite,1999,,,"['synthesizing large single crystals', 'much larger size', 'experimental results showed']"
2346,10.1016/s1387-1811(99)00165-1,Characterization and structural analysis of differently prepared samples of dehydrated VPI-5,2000,,,
2347,10.1016/s1387-1811(99)00177-8,Synthesis and single-crystal structure of a lithium aluminogermanate with the zeolite ABW topology,2000,,,
2348,10.1016/s1387-1811(99)00182-1,A novel synthesis of zeolite W using organometallic precursors,2000,,,
2349,10.1016/s1387-1811(99)00250-4,"Crystallization of MAZ-type zeolites using tetramethylammonium, sodium and n-hexane derivatives as structure- and composition-directing agents",2000,,,
2350,10.1016/s1387-1811(99)00252-8,Synthesis and characterization of aluminosilicate MCM-22 in basic media in the presence of fluoride salts,2000,,,
2351,10.1016/s1387-1811(99)00254-1,"The structure of a fluorinated gallium phosphate templated with N,N,N′,N′-tetramethylethylenediamine: Ga3(PO4)3F, 0.5N2C6H18 (MIL-20)",2000,,,"['ring channels running along', 'containing hexagonal rings linked', 'framework fluorinated gallium phosphate']"
2352,10.1016/s1387-1811(99)00258-9,Coordination and properties of cobalt in the molecular sieves CoAPO-5 and -11,2000,,,"['diffuse reflectance electronic spectra', 'structural changes induced', 'spectral changes observed']"
2353,10.1016/s1387-1811(99)00259-0,Synthesis of aluminophosphate and derived materials with the ZON structure-type,2000,,,
2354,10.1016/s1387-1811(99)00260-7,RUB-23: a new microporous lithosilicate containing spiro-5 building units,2000,,,"['state nuclear magnetic resonance', 'silicate framework contains lithium', 'space group p21']"
2355,10.1016/s1387-1811(99)00262-0,"The synthesis and characterisation of JBW-type zeolites. Part A: Sodium/potassium aluminosilicate, Na2K[Al3Si3O12]·0.5H2O",2000,,,"['ring channels contain lines', 'powder neutron diffraction data', 'sodium ions occupy sites']"
2356,10.1016/s1387-1811(99)00263-2,"The synthesis and characterisation of JBW-type zeolites. Part B: Sodium/rubidium aluminogermanate, Na2Rb[Al3Ge3O12]·H2O",2000,,,
2357,10.1016/s1387-1811(99)00272-3,Synthetic investigation of CIT-5 catalyst,2000,,,"['international zeolite association code', 'synthesized using fumed silica', 'using highly dealuminated']"
2358,10.1016/s1387-1811(99)00273-5,"Large-pore molecular sieve MnAPO-50: synthesis, single-crystal structure analysis and thermal stability",2000,,,"['pore molecular sieve mnapo', 'phosphorus tetrahedral framework sites', 'phosphorus framework tetrahedral sites']"
2359,10.1016/s1387-1811(99)00286-3,Preparation and characterization of oriented MAPO-39 membranes,2000,,,"['magnesium aluminophosphate molecular sieve', 'pores oriented primarily normal', 'template provides access']"
2360,10.1016/s1387-1811(99)00292-9,Synthesis and characterization of Mu-14: an aluminosilicate zeolite with ITE-type topology,2000,,,"['aluminosilicate molecular sieve materials', 'type zeolite named mulhouse', 'starting gel varied']"
2361,10.1016/s1387-1811(99)00296-6,Faujasite-type films synthesized by seeding,2000,,,"['precipitate formed rapidly', 'alumina wafers using', '1 1 1']"
2362,10.1016/s1466-6049(01)00043-5,Hydrothermal synthesis and thermal characterization of niobium-aluminophosphate with AEL structure,2001,,,"['scanning electron microscopy', 'low nb concentration', 'hydrated niobium oxalate']"
2363,10.1016/s1872-2067(19)63324-3,Cooperative structure-directing effect of choline cation and *BEA zeolite in the synthesis of aluminogermanosilicate IWR zeolite,2019,,,
2364,10.1021/acs.cgd.5b00071,Control of Na-EMT Zeolite Synthesis by Organic Additives,2015,,,
2365,10.1021/acs.cgd.6b00299,One-Step Dual Template Mediated Synthesis of Nanocrystalline Zeolites of Different Framework Structures,2016,,,"['ultrathin microporous zeolite framework', 'multiammonium template cooperatively participates', 'zeolite crystallization process along']"
2366,10.1021/acs.cgd.6b00365,Downsizing AFX Zeolite Crystals to Nanoscale by a Postmilling Recrystallization Method,2016,,,"['prepared afx zeolite nanocrystals', 'ingredient raw crystals used', 'postmilling recrystallization method using']"
2367,10.1021/acs.cgd.6b01150,A Germanate with a Collapsible Open-Framework,2016,,,
2368,10.1021/acs.cgd.6b01564,SDA-Free Hydrothermal Synthesis of High-Silica Ultra-nanosized Zeolite Y,2017,,,"['e ., gel composition', '830 m2g ), comparable', 'intense research aiming']"
2369,10.1021/acs.cgd.7b00571,Synthesis of Zeolite Omega by the Magadiite Conversion Method and Insight into the Changes of Medium-Range Structure during Crystallization,2017,,,"['even though part', 'al atoms prefer', 'zeolite omega occurs']"
2370,10.1021/acs.cgd.7b00832,Directing the Distribution of Potassium Cations in Zeolite-LTL through Crown Ether Addition,2017,,,"['ray diffraction analysis shows', 'monte carlo simulations clarify', 'face remains constant among']"
2371,10.1021/acs.cgd.7b01000,Synthesis and Characterization of a Layered Silicogermanate PKU-22 and Its Topotactic Condensation to a Three-Dimensional STI-type Zeolite,2017,,,"['*** aaaa *** manner', 'sti layers stacking along', 'ray diffraction results indicated']"
2372,10.1021/acs.cgd.7b01547,Engineering Fractal MTW Zeolite Mesocrystal: Particle-Based Dendritic Growth via Twinning-Plane Induced Crystallization,2018,,,"['specific crystallographic plane contributes', 'ambiguous crystallization mechanisms hamper', 'unequivocal nonclassical crystallization mechanism']"
2373,10.1021/acs.cgd.8b00078,Multidimensional Disorder in Zeolite IM-18 Revealed by Combining Transmission Electron Microscopy and Xâray Powder Diffraction Analyses,2018,,,
2374,10.1021/acs.cgd.8b00789,"Synthesis of Short, Needle-Shaped Crystals of TON-Type Zeolite by Addition of Inhibitors of Crystal Growth along the [001] Direction",2018,,,"['bulky amines incorporating structure', 'face containing pore mouths', 'inhibit crystal growth along']"
2375,10.1021/acs.cgd.8b01907,A New Layered Silicogermanate PKU-23 and Its Transformation to a Zeolite with Three-Dimensional Channels,2019,,,"['organic structure directing agents', 'first reported zeolite precursor', 'ray diffraction showed']"
2376,10.1021/acs.cgd.9b00283,Crystallization of High Silica RHO Zeolite with Self-Assembled Cs + â18-crownâ6 Sandwich Complex,2019,,,
2377,10.1021/acs.chemmater.5b00337,Self-Assembled Aromatic Molecules as Efficient Organic Structure Directing Agents to Synthesize the Silicoaluminophosphate SAPO-42 with Isolated Si Species,2015,,,
2378,10.1021/acs.chemmater.5b00651,Influence of Organic Structure Directing Agent Isomer Distribution on the Synthesis of SSZ-39,2015,,,
2379,10.1021/acs.chemmater.5b01003,Synthesis of RTH-Type Zeolites Using a Diverse Library of Imidazolium Cations,2015,,,"['type zeolites agree well', 'predicted stabilization energies', 'nox reduction reactions']"
2380,10.1021/acs.chemmater.5b01158,Multi-Step Host–Guest Energy Transfer Between Inorganic Chalcogenide-Based Semiconductor Zeolite Material and Organic Dye Molecules,2015,,,"['based semiconductor zeolites could', 'based semiconductor zeolite material', 'based zeolite host system']"
2381,10.1021/acs.chemmater.5b03579,Facile Synthesis and Catalysis of Pure-Silica and Heteroatom LTA,2015,,,"['solved using single', 'based organic structure', 'higher product selectivities']"
2382,10.1021/acs.chemmater.5b03658,Intergrown Zeolite MWW Polymorphs Prepared by the Rapid Dissolution–Recrystallization Route,2015,,,"['often exhibit unique performance', 'silylation technique readily expanded', 'conventional mww layer stacking']"
2383,10.1021/acs.chemmater.5b04439,A General Method for Aluminum Incorporation into High-Silica Zeolites Prepared in Fluoride Media,2016,,,"['incorporate aluminumand thus bring', 'many novel siliceous zeolites', 'zeolite synthesis yields materials']"
2384,10.1021/acs.chemmater.5b04569,Assembly and Evolution of Amorphous Precursors in Zeolite L Crystallization,2016,,,"['extracted solids collectively reveal', 'electron dispersion spectroscopy show', 'nonclassical pathway involving crystallization']"
2385,10.1021/acs.chemmater.5b04578,Computationally Guided Synthesis of SSZ-52: A Zeolite for Engine Exhaust Clean-up,2016,,,[]
2386,10.1021/acs.chemmater.6b00031,Synthesis of Germanosilicate Molecular Sieves from Mono- and Di-Quaternary Ammonium OSDAs Constructed from Benzyl Imidazolium Derivatives: Stabilization of Large Micropore Volumes Including New Molecular Sieve CIT-13,2016,,,
2387,10.1021/acs.chemmater.6b00181,Controlling the Isolation and Pairing of Aluminum in Chabazite Zeolites Using Mixtures of Organic and Inorganic Structure-Directing Agents,2016,,,"['synthesis parameters held constant', 'directing agents extends concepts', 'titrate paired al sites']"
2388,10.1021/acs.chemmater.6b00507,Time Evolution of an Aluminogermanate Zeolite Synthesis: Segregation of Two Closely Similar Phases with the Same Structure Type,2016,,,"['solid solution occurs instead', 'multinuclear nuclear magnetic resonance', 'xrd ), rietveld refinement']"
2389,10.1021/acs.chemmater.6b00750,Synthesis of Novel Titanosilicate Catalysts by Simultaneous Isomorphous Substitution and Interlayer Expansion of Zeolitic Layered Silicates,2016,,,"['monitored using rietveld refinement', 'layered zeolitic silicate precursors', 'tetrahedrally coordinated ti incorporated']"
2390,10.1021/acs.chemmater.6b01000,Nucleation of FAU and LTA Zeolites from Heterogeneous Aluminosilicate Precursors,2016,,,"['molecular level details regarding', 'silicate precursors remain elusive', 'numerous zeolite syntheses involve']"
2391,10.1021/acs.chemmater.6b01676,Retrosynthetic Co-Templating Method for the Preparation of Silicoaluminophosphate Molecular Sieves,2016,,,
2392,10.1021/acs.chemmater.6b02468,"Synthesis and Characterization of CIT-13, a Germanosilicate Molecular Sieve with Extra-Large Pore Openings",2016,,,"['29si mas nmr spectra', 'pore system possessing pores', 'aqueous media containing fluoride']"
2393,10.1021/acs.chemmater.6b03887,Factors Governing the Formation of Hierarchically and Sequentially Intergrown MFI Zeolites by Using Simple Diquaternary Ammonium Structure-Directing Agents,2016,,,"['sequentially intergrown mfi zeolites', 'two charged nitrogens', 'transmission electron microscope']"
2394,10.1021/acs.chemmater.6b04892,STA-20: An ABC-6 Zeotype Structure Prepared by Co-Templating and Solved via a Hypothetical Structure Database and STEM-ADF Imaging,2017,,,"['scanning transmission electron microscopy', 'connected pore system limited', 'annular dark field imaging']"
2395,10.1021/acs.chemmater.6b05338,Cooperative Structure Direction of Diammonium Surfactants and Sodium Ions to Generate MFI Zeolite Nanocrystals of Controlled Thickness,2017,,,
2396,10.1021/acs.chemmater.7b01181,Assembly–Disassembly–Organization–Reassembly Synthesis of Zeolites Based on cfi-Type Layers,2017,,,"['two new daughter zeolites', 'ray powder diffraction patterns', 'predicted using computational methods']"
2397,10.1021/acs.chemmater.7b04891,AlPO-78: A 24-Layer ABCâ6 Aluminophosphate Synthesized Using a Simple Structure-Directing Agent,2018,,,[]
2398,10.1021/acs.chemmater.8b03311,PST-29: A Missing Member of the RHO family of Embedded Isoreticular Zeolites,2018,,,[]
2399,10.1021/acs.chemrev.7b00738,Small-Pore Zeolites: Synthesis and Catalysis,2018,,,
2400,10.1021/acs.energyfuels.7b02796,Stability Assessment of Regenerated Hierarchical ZSM-48 Zeolite Designed by Post-Synthesis Treatment for Catalytic Cracking of Light Naphtha,2017,,,"['dimensional pore system zeolite', 'caused major structural collapse', 'treated sample suffered']"
2401,10.1021/acs.iecr.6b01140,Hierarchical ZSM‑5 Zeolite Synthesized by an Ultrasound-Assisted Method as a Long-Life Catalyst for Dehydration of Glycerol to Acrolein,2016,,,"['hardly removed graphitic carbon', 'abundant accessible acid sites', 'coke preferentially form inside']"
2402,10.1021/acs.iecr.6b01163,"Shape Selectivity in Hydroisomerization of Hexadecane over Pt Supported on 10-Ring Zeolites: ZSM-22, ZSM-23, ZSM-35, and ZSM-48",2016,,,
2403,10.1021/acs.iecr.6b02034,"Adsorption of CO2, CH4, C3H8, and H2O in SSZ-13, SAPO-34, and T‑Type Zeolites",2016,,,"['co2c3h8 mixtures equilibrated quickly', 'c3h8 displaced adsorbed co2', 'c3h8 decreased co2 permeances']"
2404,10.1021/acs.iecr.6b04474,The Effect of Zn on Offretite Zeolite Properties. Acidic Characterizations and NH3‑TPD Desorption Models,2017,,,"['employing ftir pyridine adsorption', 'nh3 desorption kinetic parameters', 'moderate acid strength sites']"
2405,10.1021/acs.iecr.7b00629,Synthesis and Growth Kinetics of Zeolite SSZ-39,2017,,,"['results provide new insights', 'next generation denox catalyst', 'industrially relevant catalyst']"
2406,10.1021/acs.iecr.7b00853,Highly Permeable AlPO-18 Membranes for N2CH4 Separation,2017,,,"['separate n2ch4 gas mixtures', 'ideal adsorbed solution theory', 'gas mixture separation data']"
2407,10.1021/acs.iecr.7b02531,Template-Free Synthesis and Catalytic Applications of Microporous and Hierarchical ZSM‑5 Zeolites from Natural Aluminosilicate Minerals,2017,,,"['demonstrate superior catalytic activity', 'construct mesopores without using', 'raw material utilization efficiency']"
2408,10.1021/acs.iecr.7b03326,Synthesis of Nanosized SAPO-34 via an Azeotrope Evaporation and Dry Gel Conversion Route and Its Catalytic Performance in Chloromethane Conversion,2018,,,"['nonclassic oriented attachment mechanism', 'transmission electron microscopy techniques', 'high supersaturation ratio conditions']"
2409,10.1021/acs.iecr.8b00377,Selective Adsorption of Propene over Propane on Hierarchical Zeolite ZSM-58,2018,,,"['industrial gas separation processes', 'higher propane capacity observed', 'microporous vs hierarchical zsm']"
2410,10.1021/acs.iecr.9b01726,Influence of Tetrapropylammonium and Ethylenediamine Structure-Directing Agents on the Framework Al Distribution in BâAlâMFI Zeolites,2019,,,
2411,10.1021/acs.inorgchem.7b00752,High-Throughput Synthesis and Structure of Zeolite ZSM-43 with Two-Directional 8-Ring Channels,2017,,,
2412,10.1021/acs.inorgchem.7b01194,Synthesis and Structural Characterization of a CHA-type AlPO4 Molecular Sieve with Penta-Coordinated Framework Aluminum Atoms,2017,,,
2413,10.1021/acs.inorgchem.8b02981,Fast and Effective Decontamination of Aqueous Mercury by a Highly Stable Zeolitic-like Chalcogenide,2019,,,"['simple chromatographic column loaded', 'equilibrium model study indicated', 'high distribution coefficient k']"
2414,10.1021/acs.inorgchem.9b00073,Rational Design and Synthesis of a Deep-Ultraviolet Nonlinear Optical Fluorinated Orthophosphate: BaZn(PO 4 )F,2019,,,"['much deeper absorption edge', 'zno 4 f plays', 'f atoms leads']"
2415,10.1021/acs.inorgchem.9b01798,,2019,,,
2416,10.1021/acs.jpcc.5b10052,New Generation of Zeolite Materials for Environmental Applications.,2016,,,"['hierarchical nanoporous materials', 'hierarchical zeolites compared', 'hierarchical zeolites mfi']"
2417,10.1021/acs.jpcc.6b08045,Formation of Copper Nanoparticles in LTL Nanosized Zeolite: Kinetics Study,2016,,,"['resolution transmission electron microscopy', 'ltl type nanosized zeolite', 'cu0 nanoparticles predominantly located']"
2418,10.1021/acs.jpcc.6b11582,Zeolites ZSM-25 and PST-20: Selective Carbon Dioxide Adsorbents at High Pressures,2017,,,"['relatively large adsorption capacity', 'natural gas upgrading requires', 'na +- tetraethylammonium form']"
2419,10.1021/acs.jpcc.6b11594,"High-Pressure Phase Transition, Pore Collapse, and Amorphization in the Siliceous 1D Zeolite, TON",2017,,,"['primitive unit cell based', 'investigated using nonpenetrating pressure', 'induced amorphization occurs upon']"
2420,10.1021/acs.jpcc.6b11908,A Multinuclear NMR Study of Six Forms of AlPO-34: Structure and Motional Broadening,2017,,,"['periodic density functional theory', '31p isotropic chemical shift', 'temperature 27al nmr reveals']"
2421,10.1021/acs.jpcc.7b02968,Solid State NMR Techniques Study the Structural Characteristics of As-Synthesized ITQ-33,2017,,,"['respdor experimental results show', 'specific d4r configurations proves', 'therefore two 29si peaks']"
2422,10.1021/acs.jpcc.7b04499,Crystallization Mechanism of a Family of Embedded Isoreticular Zeolites,2017,,,
2423,10.1021/acs.jpcc.8b04152,"Li+ZSM-25 Zeolite as a CO2 Capture Adsorbent with High Selectivity and Improved Adsorption Kinetics, Showing CO2‑Induced Framework Expansion",2018,,,"['exceptional co2ch4 ideal selectivity', 'situ xrd reveals co2', 'high co2ch4 adsorptive selectivity']"
2424,10.1021/acs.jpcc.8b06891,,2019,,,
2425,10.1021/acs.langmuir.8b02326,Study of Short-Chain Alcohol and AlcoholâWater Adsorption in MEL and MFI Zeolites,2018,,,"['adsorption studies using silicalite', 'pure silica mel zeolite', 'strong hydrogen bonds']"
2426,10.1021/acsami.5b07996,"Design of Microporous Material HUS-10 with Tunable Hydrophilicity, Molecular Sieving, and CO2 Adsorption Ability Derived from Interlayer Silylation of Layered Silicate HUS‑2",2015,,,"['actual molecular sieving ability', 'hydrophilic adsorption could also', 'co2n2 adsorption ratios relative']"
2427,10.1021/acsami.6b07675,One-Pot Template-Free Synthesis of Cu–MOR Zeolite toward Efficient Catalyst Support for Aerobic Oxidation of 5‑Hydroxymethylfurfural under Ambient Pressure,2016,,,"['robust support toward well', 'guest v sites accounted', 'activity relationship analysis indicated']"
2428,10.1021/acsami.7b02738,"Synthesis of Chainlike ZSM‑5 Zeolites: Determination of Synthesis Parameters, Mechanism of Chainlike Morphology Formation, and Their Performance in Selective Adsorption of Xylene Isomers",2017,,,"['extra organic additives except', 'get desired morphology due', 'get zeolite materials']"
2429,10.1021/acsami.7b06173,Hydrophobic Nanosized All-Silica Beta Zeolite: Efficient Synthesis and Adsorption Application,2017,,,"['sized volatile organic compounds', 'high total pore volume', 'extremely low water content']"
2430,10.1021/acsami.8b10620,Design Synthesis of ITE Zeolite Using NickelâAmine Complex as an Efficient Structure-Directing Agent,2018,,,
2431,10.1021/acscatal.5b00692,Development of the CON-type Aluminosilicate Zeolite and Its Catalytic Application for the MTO Reaction,2015,,,"['tetrahedrally coordinated al species', '12 -, 12 -,', 'type aluminosilicate zeolite synthesized']"
2432,10.1021/acscatal.5b01577,Methanol-to-Olefins Catalysis with Hydrothermally Treated Zeolite SSZ-39,2015,,,"['cu2 +- exchanging ssz', 'stable olefin selectivities', 'preserved pore volume']"
2433,10.1021/acscatal.6b00114,"Correlating Synthetic Methods, Morphology, Atomic-Level Structure, and Catalytic Activity of Sn‑β Catalysts",2016,,,"['two steps via dealumination', 'aqueous phase glucose isomerization', 'associated partially hydrolyzed sn']"
2434,10.1021/acscatal.6b00489,Synthesis of High-Silica LTA and UFI Zeolites and NH3–SCR Performance of Their Copper-Exchanged Form,2016,,,
2435,10.1021/acscatal.9b00950,Isoreticular UTL-Derived Zeolites as Model Materials for Probing Pore SizeâActivity Relationship,2019,,,"['diethyl ether transformation evidenced', 'optimize existing catalytic processes', 'prepared isoreticular alaipc zeolites']"
2436,10.1021/acssuschemeng.8b00177,Synthesis of Sn-Containing Nanosized Beta Zeolite As Efficient Catalyst for Transformation of Glucose to Methyl Lactate,2018,,,"['several methods including xrd', 'sn sites strongly depends', 'subsequent calcination procedure']"
2437,10.1021/am507134g,Hydrothermal Synthesis and Characterization of Aluminum-Free Mn‑β Zeolite: A Catalyst for Phenol Hydroxylation,2015,,,"['dta ), n2 adsorption', 'especially heteroatomic zeolite beta', 'scanning electron microscope']"
2438,10.1021/cg015546r,Synthesis of EMT Zeolite by a Steam-Assisted Crystallization Method Using Crown Ether as a Structure-Directing Agent,2001,,,"['conventional hydrothermal synthetic method', 'silica hexagonal faujasite emt', 'distinct hexagonal shape']"
2439,10.1021/cg201138f,,2012,,,
2440,10.1021/cg300519t,A Stacking Faults-Containing Silicogermanate with 24-Ring Channels and Unbranched Zweier Silica Double Chains,2012,,,"['two different configurations along', 'ray energy dispersive spectroscopy', 'diprotonated ethylenediamine guest molecules']"
2441,10.1021/cg300647s,The Structure of a Complex Open-Framework Germanate Obtained by Combining Powder Charge-Flipping and Simulated Annealing,2012,,,"['hydrothermal synthesis using 2', 'single crystal synchrotron x', 'organic structure directing agent']"
2442,10.1021/cg4001768,Micron-Sized Single-Crystal-like CoAPO-5/Carbon Composites Leading to Hierarchical CoAPO-5 with Both Inter- and Intracrystalline Mesoporosity,2013,,,
2443,10.1021/cg400880a,Disorder in Extra-Large Pore Zeolite ITQ-33 Revealed by Single Crystal XRD,2013,,,"['columnar periodic building unit', 'morphology changes upon', 'large pore zeolite']"
2444,10.1021/cg500681k,SU-77: An Open-Framework Germanate Containing 12 × 10 × 10-Ring Channels Solved by Combining Rotation Electron Diffraction and Powder X-ray Diffraction,2014,,,"['hydrothermal synthesis using ethylenediamine', 'mixed coordination polyhedra solved', 'synchrotron powder x']"
2445,10.1021/cg900255u,Spiral Growth on Nanoporous Silicoaluminophosphate STA-7 as Observed by Atomic Force Microscopy,2009,,,"['one unit cell along', 'unit cell along', 'one unit cell']"
2446,10.1021/cm00013a012,,1991,,,
2447,10.1021/cm000280h,&lsqb;Al12P13O52&rsqb;3-&lsqb;(CH2)6N4H3&rsqb;3&plus;: An Anionic Aluminophosphate Molecular Sieve with Brönsted Acidity,2000,,,"['plus ;, denoted alpo', 'sharing oxygen atoms', 'centered po4 tetrahedra']"
2448,10.1021/cm000399q,Hydrothermal Synthesis and Characterization of Two New Microporous Zinc-Substituted Gallium Phosphates Templated by Diaminocyclohexane: (H2DACH)2&lsqb;Zn4Ga2(HPO4)3(PO4)4&rsqb; and (H2DACH)&lsqb;Zn2Ga2(PO4)4&rsqb;,2000,,,"['showing distinguishable zn sites', 'state nmr spectroscopy', 'novel microporous framework']"
2449,10.1021/cm000459s,Structural Changes and Cation Site Ordering in Na and K Forms of Aluminogermanates with the Zeolite Gismondine Topology,2000,,,
2450,10.1021/cm0008720,Hydrothermal Synthesis of New Pure Beryllophosphate Molecular Sieve Phases from Concentrated Amines,2001,,,
2451,10.1021/cm001180e,"Synthesis and Physicochemical Characterization of an Aluminosilicate Zeolite with IFR Topology, Prepared by the Fluoride Route",2001,,,
2452,10.1021/cm0011864,New Strategy for Chromium Substitution and Crystal Morphology ControlSynthesis and Characteristics of CrAPO-5,2001,,,"['primary factors determining', 'flat hexagonal pellets', 'reaction gel allow']"
2453,10.1021/cm010421v,Chiral Metal Gallophosphates Templated by Achiral Triamine: Syntheses and Characterizations of A&lsqb;Mn(H2O)2Ga(PO4)2&rsqb;3 and A&lsqb;Zn3Ga(PO4)4&rsqb;·H2O (A &equals; H3DETA),2002,,,"['gallium ratio among mgapos', 'pure chiral forms', 'mild hydrothermal conditions']"
2454,10.1021/cm011166h,"Synthesis of High Silica Zeolites Using a Mixed Quaternary Ammonium Cation, Amine Approach: Discovery of Zeolite SSZ-47",2002,,,
2455,10.1021/cm020226w,Characterization of a New Microporous Lithozincosilicate with ANA Topology,2002,,,"['rsqb ;* 4h2o ),', 'neutron powder diffraction techniques', 'crystal structure used x']"
2456,10.1021/cm020257r,"Discovery of a Rhombohedral Form of the Li-Exchanged Aluminogermanate Zeolite RHO and Its Pressure-, Temperature-, and Composition-Induced Phase Transitions",2002,,,"['investigated using synchrotron x', 'calculated bulk moduli suggests', 'similar abrupt volume contraction']"
2457,10.1021/cm021318o,"Morpholine, an in Situ 13C NMR pH Meter for Hydrothermal Crystallogenesis of SAPO-34",2003,,,"['second sharp ph increase', 'synthesis temperature approached 160', 'reasonable time frame']"
2458,10.1021/cm0218209,Aluminosilicate Species in the Hydrogel Phase Formed during the Aging Process for the Crystallization of FAU Zeolite,2003,,,"['angle spinning nmr spectroscopy', 'remanent silicate species derived', 'former gives faujasite crystallites']"
2459,10.1021/cm0310263,Large-Pore FAPO-36: Synthesis and Characterization,2003,,,"['substituted aluminophosphate molecular sieve', 'bronsted acid sites', 'structure type alpo4']"
2460,10.1021/cm031091c,Manganese-Containing Silica-Based Microporous Molecular Sieve MnS-1: Synthesis and Characterization,2003,,,"['ir spectroscopic studies', 'cation exchange analyses', 'highly crystalline mns']"
2461,10.1021/cm034515b,Distribution of Fluorine and Germanium in a New Zeolite Structure ITQ-13 Studied by 19F Nuclear Magnetic Resonance,2003,,,"['nuclear magnetic resonance investigation', 'fluoride route indicates', 'fewer fluoride ions']"
2462,10.1021/cm0346879,"Chiral Germanium Zeotype with Interconnected 8-, 11-, and 11-Ring Channels. Catalytic Properties",2004,,,"['unit cell dimensions', 'space group c2221', 'michael addition reaction']"
2463,10.1021/cm034976x,Solid-State NMR Studies of the Fluoride-Containing Zeolite SSZ-44,2004,,,"['spinning sideband intensity fitting', 'relatively slow spinning speeds', 'ray diffraction (~ 1']"
2464,10.1021/cm0353005,"SSZ-51A New Aluminophosphate Zeotype: Synthesis, Crystal Structure, NMR, and Dehydration Properties",2004,,,"['contains intersecting channels delimited', 'solved using single', 'membered ring windows']"
2465,10.1021/cm0477467,TNU-7: A Large-Pore Gallosilicate Zeolite Constructed of Strictly Alternating MOR and MAZ Layers,2005,,,
2466,10.1021/cm048418+,Zeolite Synthesis Using Flexible Diquaternary Alkylammonium Ions (CnH2n&plus;1)2HN&plus;(CH2)5N&plus;H(CnH2n&plus;1)2 with n &equals; 1−5 as Structure-Directing Agents,2005,,,"['13c cp mas nmr', 'linear diquaternary alkylammonium ions', 'computer modeling studies']"
2467,10.1021/cm049373f,SU-12: A Silicon-Substituted ASU-16 with Circular 24-Rings and Templated by a Monoamine,2005,,,"[')& rsqb ;, wr2', 'verbar ;( ch3ch2ch2nh3', 'unit cell parameters']"
2468,10.1021/cm049912g,Searching Organic Structure Directing Agents for the Synthesis of Specific Zeolitic Structures:â An Experimentally Tested Computational Study,2005,,,
2469,10.1021/cm050227z,"Characterization of COK-5, Member of a New Family of Zeolite Material with Multiple Channel Systems",2005,,,"['promises high catalytic potential', 'novel zeolite material cok', 'showing unique peaks']"
2470,10.1021/cm050971j,Cooperative Structure-Directing Effect of Fluorine-Containing Organic Molecules and Fluoride Anions in the Synthesis of Zeolites,2005,,,"['balancing fluoride atoms bound', 'dbdm gives zeolite beta', 'silica zeolite beta']"
2471,10.1021/cm051985s,Rietveld Structure Refinement of Zeolite ECR-1,2006,,,"['resolution transmission electron microscopy', 'equivalent sites lay near', 'anisotropic peak broadening observed']"
2472,10.1021/cm052174r,Synthesis and Characterization of a New Microporous Material. 1. Structure of Aluminophosphate EMM-3,2006,,,"['monoclinic space group symmetry', 'five unique aluminum atoms', 'new molecular sieve structures']"
2473,10.1021/cm052175j,Synthesis and Characterization of a New Microporous Material. 2. AlPO and SAPO Forms of EMM-3,2006,,,"['strong octahedral 27al signal', 'least five distinct environments', 'directing agent remains intact']"
2474,10.1021/cm0622248,"Pure Silica Large Pore Zeolite ITQ-7: Synthetic Strategies, Structure-Directing Effects, and Control and Nature of Structural Disorder",2007,,,
2475,10.1021/cm062241x,Synthesis and Characterization of a Novel Germanate Material Containing 16-Ring Channels and Templated by a Simple Primary Amine,2007,,,"['thermal stability studies indicate', 'dimensional intersecting channel system', 'secondary building unit']"
2476,10.1021/cm062827j,In situ Small-Angle and Wide-Angle X-ray Scattering Investigation on Nucleation and Crystal Growth of Nanosized Zeolite A,2007,,,"['also crystal growth process', '6 nm sized particles', 'al2o3 :( tma']"
2477,10.1021/cm070227u,Confined Water Clusters in a Synthetic Rubidium Gallosilicate with Zeolite LTL Topology,2007,,,"['unit cell fully occupy', 'proposed preferential aluminum partitioning', 'main channel becomes modulated']"
2478,10.1021/cm070459t,Synthesis and Structure Solution of Zeolite SSZ-65,2007,,,"['focus fourier recycling method', 'powder diffraction data', 'phenyl )- cyclopropylmethyl']"
2479,10.1021/cm0705284,The Synthesis and Structure of SSZ-73: an All-Silica Zeolite with an Unusual Framework Topology,2007,,,"['remarkably high micropore volume', 'containing gels using 3', 'two geometric isomers']"
2480,10.1021/cm071753o,Cooperative Structure Directing Role of the Cage-Forming Tetramethylammonium Cation and the Bulkier Benzylmethylpyrrolidinium in the Synthesis of Zeolite Ferrierite,2007,,,"['molecular mechanics calculations revealed', 'zeolites often requires', 'structure directing agent']"
2481,10.1021/cm071790f,Synthesis and Characterization of an Aluminogermanate SU-46 with a Zeolite Structure,2007,,,"['xrpd ), infrared spectroscopy', 'secondary building unit 4', 'transmission electron microscopes']"
2482,10.1021/cm100030x,Organotemplate-Free Syntheses of ZSM-34 Zeolite and Its Heteroatom-Substituted Analogues with Good Catalytic Performance,2010,,,"['weight hourly space velocity', 'propylene (> 80 %)', 'zeolite l seeds solution']"
2483,10.1021/cm1006108,The Role of Template Structure and Synergism between Inorganic and Organic Structure Directing Agents in the Synthesis of UTL Zeolite,2010,,,"['13 different organic structure', 'density functional theory', '10 mm thick']"
2484,10.1021/cm1014898,"Solvothermal Synthesis and Characterization of Large-Crystal All-Silica, Aluminum-, and Boron-Containing Ferrierite Zeolites",2011,,,"['directly observing diffusion anisotropy', '29si mas nmr spectroscopy', 'oes ), thermogravimetric analysis']"
2485,10.1021/cm103444e,"Controllable Morphology of Engelhard Titanium Silicates ETS-4: Synthetic, Photocatalytic, and Calorimetric Studies",2011,,,"['surface area effects alone', 'synthesis gel mixtures', 'smallest thermodynamic stability']"
2486,10.1021/cm103512m,Phase-Transformation Synthesis of SAPO-34 and a Novel SAPO Molecular Sieve with RHO Framework Type from a SAPO-5 Precursor,2011,,,"['possessed good thermal stability', 'mediated transport mechanism attributed', 'large microporous surface area']"
2487,10.1021/cm200105f,Isomorphous Introduction of Boron in Germanosilicate Zeolites with UTL Topology,2011,,,"['angle spinning nmr suggests', 'germanium content predictably decreases', 'much less dependent']"
2488,10.1021/cm201221z,Investigation of Extra-Large Pore Zeolite Synthesis by a High-Throughput Approach,2011,,,"['low framework density structures', '33 x 5 experiments', 'mesoporous chiral zeolite itq']"
2489,10.1021/cm2025735,Fluoride Removal from Double Four-Membered Ring (D4R) Units in As-Synthesized Ge-Containing Zeolites,2011,,,"['making f less necessary', '29si nmr spectra', 'small d4r units']"
2490,10.1021/cm301511y,Probing Ge Distribution in Zeolite Frameworks by Post-Synthesis Introduction of Fluoride in As-Made Materials,2012,,,"['new line observed around', 'replacing si atoms preferentially', 'pure alkaline media']"
2491,10.1021/cm3020995,Mechanisms of Quick Zeolite Beta Crystallization,2012,,,"['27al nuclear magnetic resonance', 'aluminum containing zeolite beta', 'zeolite beta crystallizes quickly']"
2492,10.1021/cm302509m,Synthesis of Expanded Titanosilicate MWW-Related Materials from a Pure Silica Precursor,2012,,,"['several postsynthetic acid treatments', 'expanded titanosilicate mww material', 'show better activity']"
2493,10.1021/cm303131c,Insights into the Topotactic Conversion Process from Layered Silicate RUB-36 to FER-type Zeolite by Layer Reassembly,2013,,,"['sem ), thermal analysis', 'surfactant polar heads approximate', 'pure silica zeolite zsm']"
2494,10.1021/cm3032785,Heteroatom-Tolerant Delamination of Layered Zeolite Precursor Materials,2013,,,"['external acid sites', 'chloride surfactant mixture', 'argon gas physisorption']"
2495,10.1021/cm303709e,Host–Guest Stabilization of a Zeolite Strained Framework: In Situ Transformation of Zeolite MTW into the Less Dense and More Strained ITW,2013,,,"['otherwise strained silica framework', 'zeolite crystallizes directly', 'low water contents']"
2496,10.1021/cm400727r,"From Charge Density Mismatch to a Simplified, More Efficient Seed-Assisted Synthesis of UZM-4",2013,,,"['homogeneous aluminosilicate solution prior', 'small aluminosilicate species', 'charge density mismatch']"
2497,10.1021/cm4018024,Controlling the Aluminum Distribution in the Zeolite Ferrierite via the Organic Structure Directing Agent,2013,,,"['7 |[ si 33', 'sda (|(( ch 2', '2 |[ si 33']"
2498,10.1021/cm4022326,Preparation of Interlayer-Expanded Zeolite from Lamellar Precursor Nu-6(1) by Silylation,2013,,,"['3d crystalline structure composed', 'space group p121', 'higher catalytic activity']"
2499,10.1021/cm403527t,"HPM-2, the Layered Precursor to Zeolite MTF",2014,,,"['main window producing narrower', '1h magic angle spinning', 'pure silica mtf zeolite']"
2500,10.1021/cm403534b,Monitoring the Activation of Copper-Containing Zeotype Catalysts Prepared by Direct Synthesis Using in Situ Synchrotron Infrared Microcrystal Spectroscopy and Complementary Techniques,2014,,,"['cu2 +- cyclam complex', 'structure directing agents', 'selective catalytic reduction']"
2501,10.1021/cm500229f,"Broadening the Applicable Scope of Seed-Directed, Organic Structure-Directing Agent-Free Synthesis of Zeolite to Zincosilicate Components: A Case of VET-Type Zincosilicate Zeolites",2014,,,
2502,10.1021/cm5005483,Synthesis of the Small Pore Silicoaluminophosphate STAâ6 by Using Supramolecular Self-Assembled Organic Structure Directing Agents,2014,,,
2503,10.1021/cm501176j,"SSZ-45: A High-Silica Zeolite with Small Pore Openings, Large Cavities, and Unusual Adsorption Properties",2014,,,"['harsh conditions often required', 'exhibit excellent thermal stability', 'rotation electron diffraction data']"
2504,10.1021/cm5014224,Silylation of Layered Silicate RUB-51 with SiCl4 and Conversion of the Silylated Derivative to a Crystalline Microporous Material,2014,,,"['subsequent heat treatment leads', 'novel crystalline microporous material', 'various silylating agents']"
2505,10.1021/cm501919d,Zeolite Synthesis from a Charge Density Perspective: The Charge Density Mismatch Synthesis of UZM-5 and UZM-9,2014,,,
2506,10.1021/cm502525w,NMR Evidence for Specific Germanium Siting in IM-12 Zeolite,2014,,,"['collapsing upon ge extraction', 'oko type upon degermanation', 'oko transformation involves']"
2507,10.1021/cm502953s,"Germanosilicate Precursors of ADORable Zeolites Obtained by Disassembly of ITH, ITR, and IWR Zeolites",2014,,,"['parent zeolites strongly influences', 'g ., 0', 'concentration acid solutions']"
2508,10.1021/cm503625u,Facile Preparation of Aluminosilicate RTH across a Wide Composition Range Using a New Organic Structure-Directing Agent,2014,,,
2509,10.1021/cm504510f,Synthesis of Zeolites via Interzeolite Transformations without Organic Structure-Directing Agents,2015,,,
2510,10.1021/cm702098j,Synthesis of Materials Containing Ferrierite Layers Using Quinuclidine and 1-Benzyl-1-methylpyrrolidine as Structure-Directing Agents. An Experimental and Computational Study†,2008,,,
2511,10.1021/cm702880p,"A New Layered Silicate with Structural Motives of Silicate Zeolites: Synthesis, Crystals Structure, and Properties",2008,,,"['orthorhombic space group pca21', 'state nmr complement', 'new layered silicate']"
2512,10.1021/cm703541w,Nanosized SAPO-34 Synthesized from Colloidal Solutions,2008,,,"['zeta potential measurements', 'total volume adsorbed', 'textural porosity responsible']"
2513,10.1021/cm800762x,Proton Conductivity in Sulfonic Acid-Functionalized Zeolite Beta: Effect of Hydroxyl Group,2008,,,"['sulfonic acid groups', 'high proton conductivity', 'fast proton transport']"
2514,10.1021/cm801126t,"Crystal Structure of ITQ-26, a 3D Framework with Extra-Large Pores",2008,,,"['yield electrostatic potential maps', 'fluoride procedure using 1', 'integrated electron diffraction intensities']"
2515,10.1021/cm901051u,Nucleation of ITQ-21 Studied by ESI-MS,2009,,,"['different mineralizing agents', 'mineralizing agents', 'different silicon']"
2516,10.1021/cm901140u,Negative Thermal Expansion in the Aluminum and Gallium Phosphate Zeotypes with CHA and AEI Structure types,2009,,,"['certain specific crystallographic planes', 'certain common structural features', 'rather similar thermal behavior']"
2517,10.1021/cm901149a,Structure-Directing Effect of (S)-(−)-N-Benzylpyrrolidine-2-methanol and Benzylpyrrolidine in the Synthesis of STA-1: A New Computational Model for Structure Direction of Nanoporous Systems,2009,,,"['sao framework type ),', 'hydrophilic aluminophosphate nanoporous frameworks', 'filling species whose role']"
2518,10.1021/cm9023343,Investigation of Nanoparticles Occurring in the Colloidal Silicalite-1 Zeolite Crystallization Process Using Dissolution Experiments,2010,,,"['concentrated clear sol prepared', 'resulting free energy barrier', 'investigated via dissolution experiments']"
2519,10.1021/cm902528y,Novel Large-Pore Aluminophosphate Molecular Sieve STA-15 Prepared Using the Tetrapropylammonium Cation As a Structure Directing Agent,2010,,,"['unit cell composition al32p32o128', 'hydroxyl species upon calcination', 'st andrews microporous solid']"
2520,10.1021/cm903095q,"Diasteroselective Structure Directing Effect of (1S,2S)-2-Hydroxymethyl-1-benzyl-1-methylpyrrolidinium in the Synthesis of ZSM-12",2010,,,
2521,10.1021/cm9035677,Physicochemical Properties and Catalytic Behavior of the Molecular Sieve SSZ-70,2010,,,"['imidazolium structure directing agents', 'two molecular sieves', 'new molecular sieve']"
2522,10.1021/cm950387i,,1996,,,
2523,10.1021/cm960289c,,1996,,,
2524,10.1021/cm960322v,,1996,,,
2525,10.1021/cm9605328,Cooperative Structure Direction in the Synthesis of Microporous Materials: Preparation and Crystal Structure of TREN-GaPO,1997,,,"['pore gallium oxyfluorophosphates', 'two structure', 'two channels']"
2526,10.1021/cm970173w,"Structure of ITQ-4, a New Pure Silica Polymorph Containing Large Pores and a Large Void Volume",1997,,,"['synchrotron powder diffraction data', 'pure silica beta among', 'known pure silica polymorphs']"
2527,10.1021/cm9703278,Effect of Micropore Topology on the Structure and Properties of Zeolite Polymer Replicas,1997,,,"['dimensionally interconnected channel structures', 'prepare microporous polymer replicas', 'electronically conducting replicas']"
2528,10.1021/cm9707521,"SAPO-35 Molecular Sieve: Synthesis, Characterization, and Adsorbate Interactions of Cu(II) in CuH−SAPO-35",1998,,,"['various factors affecting crystallinity', 'generates large bronsted acidity', 'highly uniform rhombic crystals']"
2529,10.1021/cm980049s,In Situ Synchrotron X-ray Powder Diffraction Studies of Crystallization of Microporous Aluminophosphates and Me2&plus;-Substituted Aluminophosphates,1998,,,
2530,10.1021/cm9801587,Exceptional Negative Thermal Expansion in AlPO4-17,1998,,,"['ray diffraction data taken', 'strong negative thermal expansion', 'powder synchrotron x']"
2531,10.1021/cm980308d,Cobalt Phosphate Based Zeolite Structures with the Edingtonite Framework Topology,1998,,,"['gallium cobalt phosphate ).', 'five zeolite edingtonite analogues', 'cobalt phosphate system']"
2532,10.1021/cm980410a,High-Resolution Electron Microscopy Study of ZSM-12 (MTW),1998,,,"['corresponding image contrast simulations', 'experimental electron diffraction patterns', 'fit sda interacts markedly']"
2533,10.1021/cm9804113,Calcination of Octadecasil: Fluoride Removal and Symmetry of the Pure SiO2 Host,1998,,,"['ray powder diffraction data', 'propose chemically feasible pathways', 'energy minimization calculations support']"
2534,10.1021/cm9804766,Novel Routes for the Preparation of a Range of Germanium Containing Zeolites,1999,,,
2535,10.1021/cm9900655,Layered Intermediates in Zeolite Synthesis: Are Structures Related?,1999,,,"['whole crystallization period tends', 'two layered materials seem', 'formed via layered intermediates']"
2536,10.1021/cm990179g,Flexibility and Cation Distribution upon Lithium Exchange of Aluminosilicate and Aluminogermanate Materials with the RHO Topology,1999,,,"['extraframework cation positions correspond', 'extraframework cations reside', 'space group i43m']"
2537,10.1021/cm990384w,Synthesis and Characterization of a Novel Microporous Titanosilicate JLU-1,2000,,,"['xrd ), 29si magic', 'ir ), differential thermal', 'hrem ), infrared spectroscopy']"
2538,10.1021/cm991032s,"The Use of Triquaternary Alkylammonium Ions in the Synthesis of STA-5, a Magnesioaluminophosphate with the BPH Framework Topology",1999,,,
2539,10.1021/cm991057r,"A Synthesis, MAS NMR, Synchrotron X-ray Powder Diffraction, and Computational Study of Zeolite SSZ-23",1999,,,"['nine tetrahedral atom windows', 'angle spinning nmr spectroscopy', 'lattice energy minimized structure']"
2540,10.1021/cm9910660,Crystal Structure of Zeolite MCM-35 (MTF),1999,,,
2541,10.1021/cm991175e,Synthesis and Crystal Structure of the Organically Templated Open Framework Magnesium Phosphate UiO-20 with DTF Topology,2000,,,"['space group c 2', 'zinc phosphate daf', 'zinc arsenate ucsb']"
2542,10.1021/cr020060i,The Hydrothermal Synthesis of Zeolites:â History and Development from the Earliest Days to the Present Time,2003,,,
2543,10.1021/cr4001513,Green Routes for Synthesis of Zeolites,2014,,,
2544,10.1021/cr500010r,"New Stories of Zeolite Structures: Their Descriptions, Determinations, Predictions, and Evaluations",2014,,,[]
2545,10.1021/cr9600971,"Transition-Metal Ions in Aluminophosphate and Silicoaluminophosphate Molecular Sieves:â Location, Interaction with Adsorbates and Catalytic Properties",1999,,,"['transition metal ions titanium', 'microporous crystalline materials comparable', 'sapo molecular sieves cover']"
2546,10.1021/cs400025s,Synthesis and Catalytic Behavior of Ferrierite Zeolite Nanoneedles,2013,,,
2547,10.1021/cs4004672,Synthesis and Evaluation of Cu-SAPO-34 Catalysts for Ammonia Selective Catalytic Reduction. 1. Aqueous Solution Ion Exchange,2013,,,"['transfer limitations via formation', 'dilute cu acetate solutions', 'si content within']"
2548,10.1021/cs400495j,"Efficient, Stable, and Reusable Silicoaluminophosphate for the One-Pot Production of Furfural from Hemicellulose",2013,,,"['least 8 catalytic cycles', 'tolerant solid acid catalysts', 'undergo morphological changes']"
2549,10.1021/cs400855p,Origin of the Low Olefin Production over HZSM-22 and HZSM-23 Zeolites: External Acid Sites and Pore Mouth Catalysis,2014,,,"['pore mouth acid sites', 'similar pore structures', 'hydrocarbon pool mechanism']"
2550,10.1021/ic010292k,A Simulation Study on the Topotactic Transformations from Aluminophosphate AlPO4-21 to AlPO4-25,2001,,,"['oh )& rsqb ;,', 'monoclinic space group p21n', 'molecular dynamics simulation approach']"
2551,10.1021/ic0203872,Hydro/Solvothermal Synthesis and Structures of New Zinc Phosphates of Varying Dimensionality,2002,,,"['coordinated oxygen atom forming', 'dimensional structure closely related', 'shared chains fused']"
2552,10.1021/ic025603l,New Low Temperature Synthetic Route to an Ammonium Zinc Arsenate Zeolite Analogue with an ABW-Type Structure,2002,,,"['type ammonium zinc arsenate', 'waste metals may', 'waste management community']"
2553,10.1021/ic035329a,&lsqb;C6N2H14&rsqb;0.5·&lsqb;MnAl3(PO4)4(H2O)2&rsqb;: A Manganese(II)-Substituted Aluminophosphate with AFN Topology,2004,,,"['diprotonated dabco cations reside', 'rsqb ;, triclinic p1', 'ii )- substituted aluminophosphate']"
2554,10.1021/ic048658r,"(C 4 N 3 H 15 )[(BO 2 ) 2 (GeO 2 ) 4 ]:â The First Organically Templated 3D Borogermanate Showing 1D 12-Rings, Large Channels, and a Novel Zeolite-type Framework Topology Constructed from Ge 8 O 24 and B 2 O 7 Cluster Units",2005,,,"['vertex 1 ), 3a', 'vertex 4 ), 4a', 'pxrd ), tga']"
2555,10.1021/ic051039d,GeO2 Natrolite-Type Infinite Four and Eight R-Containing Layers in a 2D Pure-Ge Framework: Ge3O5(OH)4&lsqb;C2N2H10&rsqb;,2006,,,"['octahedral germanium atom', 'dimensional framework germanate', 'containing layers appears']"
2556,10.1021/ic1017505,"Investigation of the GeO2-1,6-Diaminohexane-Water-Pyridine-HF Phase Diagram Leading to the Discovery of Two Novel Layered Germanates with Extra-Large Rings",2011,,,
2557,10.1021/ic2013478,Two Open-Framework Germanates with Nickel Complexes Incorporated into the Framework,2011,,,"['hydrothermal conditions using ethylenediamine', 'square nets via ni', 'square nets generate']"
2558,10.1021/ic201515z,Divalent-Metal-Stabilized Aluminophosphates Exhibiting a New Zeolite Framework Topology,2012,,,"['ring channels running along', 'diffuse reflectance spectroscopy analyses', 'new zeolite framework topology']"
2559,10.1021/ic2017352,"Synthesis, Characterization, and Spectroscopic Characteristics of Chromium(6+) and -(4+) Silicalite-2 (ZSM-11) Materials",2011,,,"['resolved vibronic structure characteristic', 'hydrothermal synthesis using 3', 'dioxo structure typically exhibited']"
2560,10.1021/ic301449y,,2012,,,
2561,10.1021/ic302705f,Germanate with Three-Dimensional 12 × 12 × 11-Ring Channels Solved by X-ray Powder Diffraction with Charge-Flipping Algorithm,2013,,,"['ftir ), compositional analyses', '4 ], orthorhombic ama2', 'ray absorption fine structure']"
2562,10.1021/ic50043a015,,1966,,,
2563,10.1021/ic50105a024,,1971,,,
2564,10.1021/ic801405e,"Syntheses and Characterizations of Transition-Metal-Substituted Aluminophosphate Molecular Sieves |(C3N2H5)8|[M8Al16P24O96] (M = Co, Mn, Zn) with Zeotype LAU Topology",2009,,,
2565,10.1021/ic990719b,The First Organo-Templated Cobalt Phosphate with a Zeolite Topology,2000,,,"['monoclinic space group c2', 'balancing diprotonated ethylenediamine cations', 'strictly alternating coo4']"
2566,10.1021/ic9911217,Synthesis and Crystal Structure of a Novel Germanate:  (NH4)4[(GeO2)3(GeO1.5F3)2]·0.67H2O,2000,,,
2567,10.1021/ie400628q,Characteristics of Magnesium-Promoted Pt/ZSM-23 Catalyst for the Hydroisomerization of n âHexadecane,2013,,,"['lewis type acidic properties', 'lewis acid sites increased', 'acid amount decreased']"
2568,10.1021/j100101a040,,,,,
2569,10.1021/j100281a014,,,,,
2570,10.1021/j100354a046,,,,,
2571,10.1021/ja000374s,Multiple-Quantum 1H MAS NMR Studies of Defect Sites in As-Made All-Silica ZSM-12 Zeolite,2000,,,"['zeolite colloidal precursors reported', '12 zeolite synthesized', 'study defect sites']"
2572,10.1021/ja00105a027,,1994,,,
2573,10.1021/ja00118a013,,1995,,,
2574,10.1021/ja00187a023,,1989,,,
2575,10.1021/ja00332a063,,1984,,,
2576,10.1021/ja0107778,The First Zeolite with Three-Dimensional Intersecting Straight-Channel System of 12-Membered Rings,2001,,,"['two different ordered series', 'recently pure sio2 beta', 'space group p42mmc']"
2577,10.1021/ja0114658,Arsenate Zeolite Analogues with 11 Topological Types,2001,,,
2578,10.1021/ja011513o,Organocations in Zeolite Synthesis: Fused Bicyclo &lsqb;l.m.0&rsqb; Cations and the Discovery of Zeolite SSZ-48,2002,,,"['reasonable symmetry operation predicting', 'fused bicyclo organonitrogen class', '13c mas nmr analyses']"
2579,10.1021/ja012558s,Combined Solid State NMR and X-ray Diffraction Investigation of the Local Structure of the Five-Coordinate Silicon in Fluoride-Containing As-Synthesized STF Zeolite,2002,,,"['density functional theory calculations', '29si refocused inept experiment', 'synthesized stf zeolite']"
2580,10.1021/ja015797o,Variable-Temperature Microcrystal X-ray Diffraction Studies of Negative Thermal Expansion in the Pure Silica Zeolite IFR,2001,,,"['pure silica zeolite ifr', 'average atomic position', 'ray diffraction using']"
2581,10.1021/ja016113f,,2001,,,
2582,10.1021/ja016996a,A Flexible Germanate Structure Containing 24-Ring Channels and with Very Low Framework Density,2001,,,"['aluminosilicate zeolites whose structures', 'ring germanate reported recently', 'metal atoms per nm3']"
2583,10.1021/ja021242x,"The Synthesis, Characterization, and Structure Solution of SSZ-58: A Novel Two-Dimensional 10-Ring Pore Zeolite with Previously Unseen Double 5-Ring Subunits",2003,,,"['space group pmma confirmed', 'form large cavities circumscribed', 'focus fourier recycling method']"
2584,10.1021/ja0292400,An X-ray Diffraction and MAS NMR Study of the Thermal Expansion Properties of Calcined Siliceous Ferrierite,2003,,,"['order displacive phase transition', 'ray diffraction measurements confirm', 'negative thermal expansion material']"
2585,10.1021/ja031981t,"Synthesis, Structure Solution, Characterization, and Catalytic Properties of TNU-10: A High-Silica Zeolite with the STI Topology",2004,,,"['sti framework topology', 'space group symmetry', 'space group fmmm']"
2586,10.1021/ja035534p,"Synthesis of a New Zeolite Structure ITQ-24, with Intersecting 10- and 12-Membered Ring Pores",2003,,,"['secondary building units', 'hypothetical polymorph c', 'active catalytic centers']"
2587,10.1021/ja0371653,"Structure of the First Silicate Molecular Sieve with 18-Ring Pore Openings, ECR-34",2003,,,
2588,10.1021/ja047990z,"Synthesis, Characterization, and Framework Heteroatom Localization in ITQ-21",2004,,,
2589,10.1021/ja0481023,Computational Study of the Structure-Directing Effect of Benzylpyrrolidine and Its Fluorinated Derivatives in the Synthesis of the Aluminophosphate AlPO-5,2004,,,"['energy per formula unit', 'higher electrostatic interactions', 'computer modeling techniques']"
2590,10.1021/ja0481474,Synthesis and Crystal Structure of As-Synthesized and Calcined Pure Silica Zeolite ITQ-12,2004,,,"['framework type code itw', 'ray diffraction data', 'occluded fluoride anion']"
2591,10.1021/ja053040h,Synthesis and Structure of the Bidimensional Zeolite ITQ-32 with Small and Large Pores,2005,,,"['relatively large pore volume', 'nearly pure silica zeolite', 'ray diffraction data']"
2592,10.1021/ja054014m,Unraveling the Crystallization Mechanism of CoAPO-5 Molecular Sieves under Hydrothermal Conditions,2005,,,"['provided valuable information regarding', 'broad size distribution ranging', 'poorly ordered structure separated']"
2593,10.1021/ja057682g,Dynamics on the Microsecond Timescale in Microporous Aluminophosphate AlPO-14 as Evidenced by 27Al MQMAS and STMAS NMR Spectroscopy,2006,,,"['transition magic angle spinning', 'quantum magic angle spinning', 'isotropic "", nmr spectra']"
2594,10.1021/ja057933l,The Ionothermal Synthesis of Cobalt Aluminophosphate Zeolite Frameworks,2006,,,"['four possible tetrahedral sites', 'solids prepared previously', 'sod framework types']"
2595,10.1021/ja0603599,Rational Design and HT Techniques Allow the Synthesis of New IWR Zeolite Polymorphs,2006,,,"['new germanosilicate structures reported', 'structure directing agents', 'last five years']"
2596,10.1021/ja061206o,,2006,,,
2597,10.1021/ja061882q,Structure-Directing Role of Amines in the Ionothermal Synthesis,2006,,,
2598,10.1021/ja070303u,A Priori Phase Prediction of Zeolites: Case Study of the Structure-Directing Effects in the Synthesis of MTT-Type Zeolites,2007,,,"['previous molecular modeling studies', 'inorganic conditions necessary', 'type zeolite phases']"
2599,10.1021/ja0709122,A Study of Piperidinium Structure-Directing Agents in the Synthesis of Silica Molecular Sieves under Fluoride-Based Conditions,2007,,,"['17 different host topologies', 'high framework density products', 'synthesis cofactor fluoride anion']"
2600,10.1021/ja0730361,"Structure, Vibrational Analysis, and Insights into Host−Guest Interactions in As-Synthesized Pure Silica ITQ-12 Zeolite by Periodic B3LYP Calculations",2007,,,"['experimental ir spectra made', 'point shed light', 'high crystalline samples']"
2601,10.1021/ja073109g,"Synthesis, Crystal Structure, Characterization, and Catalytic Properties of TNU-9",2007,,,
2602,10.1021/ja0758739,Methodology for Synthesizing Crystalline Metallosilicates with Expanded Pore Windows Through Molecular Alkoxysilylation of Zeolitic Lamellar Precursors,2008,,,"['enlarged interlayer pores found', 'interlayer expanded zeolites prepared', 'construct new crystalline structures']"
2603,10.1021/ja103648k,A Zeolitic Material with a Three-Dimensional Pore System Formed by Straight 12- and 10-Ring Channels Synthesized with an Imidazolium Derivative as Structure-Directing Agent,2010,,,"['d4r composite building units', 'synchrotron powder x', 'straight intersecting 12']"
2604,10.1021/ja105185r,Synthesis and Characterization of ERI-Type UZM-12 Zeolites and Their Methanol-to-Olefin Performance,2010,,,"['alkali metal cations added', 'diquaternary ammonium ion employed', '<= 100 nm range']"
2605,10.1021/ja2015394,A New Aluminosilicate Molecular Sieve with a System of Pores between Those of ZSM-5 and Beta Zeolite,2011,,,"['selected probe molecules suggests', 'shows excellent results', 'directional channel system']"
2606,10.1021/ja205164u,Structure-Directing Roles and Interactions of Fluoride and Organocations with Siliceous Zeolite Frameworks,2011,,,"['29si nuclear magnetic resonance', 'synthesized siliceous zeolites itw', '29si site connectivities within']"
2607,10.1021/ja209832y,Zeolite Synthesis in Fluoride Media: Structure Direction toward ITW by Small Methylimidazolium Cations,2012,,,"['relative stabilities fully agree', 'pure silica itw zeolite', 'low framework density phase']"
2608,10.1021/ja210703y,Zeolite Structure Direction by Simple Bis(methylimidazolium) Cations: The Effect of the Spacer Length on Structure Direction and of the Imidazolium Ring Orientation on the 19F NMR Resonances,2012,,,"['periodic dft calculations suggest', 'molecular mechanics simulations support', 'two methylimidazolium moieties linked']"
2609,10.1021/ja301082n,Synthesis Design and Structure of a Multipore Zeolite with Interconnected 12- and 10-MR Channels,2012,,,"['resolution transmission electron microscopy', 'organic structure directing agents', 'recently described polymorph c']"
2610,10.1021/ja3014506,Correction to Zeolite Synthesis in Fluoride Media: Structure Direction toward ITW by Small Methylimidazolium Cations,2012,,,[]
2611,10.1021/ja306013k,Synthesis and Structure Determination of a New Microporous Zeolite with Large Cavities Connected by Small Pores,2012,,,"['relatively large adsorption capacity', '49 contains double four', 'space group immm']"
2612,10.1021/ja309831e,Formation Pathway for LTA Zeolite Crystals Synthesized via a Charge Density Mismatch Approach,2013,,,"['zeolite crystallization remains one', 'silica lta zeolite crystals', 'embryonic lta zeolite crystals']"
2613,10.1021/ja4015277,A Facile Strategy To Design Zeolite L Crystals with Tunable Morphology and Surface Architecture,2013,,,"['achieve desired structural outcomes', 'external porous surface area', 'potential zeolite growth modifiers']"
2614,10.1021/ja4043615,"SSZ-52, a Zeolite with an 18-Layer Aluminosilicate Framework Structure Related to That of the DeNOx Catalyst Cu-SSZ-13",2013,,,"['resolution transmission electron microscopy', 'porous aluminosilicate framework structure', 'cha framework type ),']"
2615,10.1021/ja405088c,"Synthesis, Structure, and Optical Activity of HPM-1, a Pure Silica Chiral Zeolite",2013,,,"['mueller matrix microscopy shows', 'two different materials', 'relatively large size']"
2616,10.1021/ja410141u,Single-Step Delamination of a MWW Borosilicate Layered Zeolite Precursor under Mild Conditions without Surfactant and Sonication,2014,,,"['large quaternary amine sdas', 'comparative synthetic studies demonstrate', 'delaminated via isomorphous substitution']"
2617,10.1021/ja410844f,Hierarchical Hybrid Organic–Inorganic Materials with Tunable Textural Properties Obtained Using Zeolitic-Layered Precursor,2014,,,
2618,10.1021/ja411915c,A New Microporous Zeolitic Silicoborate (ITQ-52) with Interconnected Small and Medium Pores,2014,,,"['ray powder diffraction data', 'dimethylamino )] phosphonium dication', 'organic structure directing agents']"
2619,10.1021/ja512411b,SSZ-87: A Borosilicate Zeolite with Unusually Flexible 10-Ring Pore Openings,2015,,,"['connected via single rather', 'synthesized borosilicate zeolite ssz', 'b atoms could also']"
2620,10.1021/ja8023725,Supramolecular Chemistry in the Structure Direction of Microporous Materials from Aromatic Structure-Directing Agents,2008,,,
2621,10.1021/ja806903c,A Zeolitic Structure (ITQ-34) with Connected 9- and 10-Ring Channels Obtained with Phosphonium Cations as Structure Directing Agents,2008,,,"['highly stable tetraalkylphosphonium cations', 'new zeolitic material', 'large applied interest']"
2622,10.1021/ja806978f,Diquaternary Ammonium Compounds in Zeolite Synthesis: Cyclic and Polycyclic N-Heterocycles Connected by Methylene Chains,2009,,,
2623,10.1021/ja901330u,PKU-9: An Aluminogermanate with a New Three-Dimensional Zeolite Framework Constructed from CGS Layers and Spiro-5 Units,2009,,,"['new zeolite framework composed', 'porous aluminogermanate containing spiro', 'low framework density']"
2624,10.1021/ja904458y,Framework Stabilization of Ge-Rich Zeolites via Postsynthesis Alumination,2009,,,"['experimental data unambiguously show', 'organic structure directing agents', 'organic structure directing agent']"
2625,10.1021/ja908382n,Pillared MFI Zeolite Nanosheets of a Single-Unit-Cell Thickness,2010,,,
2626,10.1021/ja9094318,In Situ Transformation of TON Silica Zeolite into the Less Dense ITW: Structure-Direction Overcoming Framework Instability in the Synthesis of SiO2 Zeolites,2010,,,"['van der waals interactions', 'strained double 4', 'specific synthesis conditions']"
2627,10.1021/ja954246t,,1996,,,
2628,10.1021/ja954337q,,1996,,,
2629,10.1021/ja963925g,A Model for the Structure of the Large-Pore Zeolite SSZ-31,1997,,,"[')- atoms per nm', 'transmission electron microscopy', 'structurally related polymorphs']"
2630,10.1021/ja9701873,19F/29Si Distance Determinations in Fluoride-Containing Octadecasil from Solid-State NMR Measurements,1997,,,"['120 +- 20 hz', '1150 +- 50 hz', 'tedor nmr experiments carried']"
2631,10.1021/ja974211o,Spatial Correlation of Charge Centers in the Tectosilicate Nonasil Determined by Multidimensional &lcub;1H&rcub; → 2H CPMAS NMR Correlation Spectroscopy,1998,,,"['charge centers using two', 'made nonasil samples synthesized', 'electrically neutral molecules used']"
2632,10.1021/ja982262v,,1998,,,
2633,10.1021/ja982384n,Transformation of Germanium Dioxide to Microporous Germanate 4-Connected Nets,1998,,,"['type net containing 1', 'synthetic route similar', 'current widespread applications']"
2634,10.1021/ja982591n,Novel Germanate Zeolite Structures with 3-Rings,1998,,,"['novel catalytic properties', 'new framework topologies', 'ever increasing interest']"
2635,10.1021/ja9840549,Five-Coordinate Silicon in High-Silica Zeolites,1999,,,
2636,10.1021/ja990722u,"Guest/Host Relationships in the Synthesis of the Novel Cage-Based Zeolites SSZ-35, SSZ-36, and SSZ-39",2000,,,"['observed molecular sieve phase', 'obtain novel zeolite structures', 'three molecular sieve phases']"
2637,10.1021/jacs.5b11046,Structure-Directing Behaviors of Tetraethylammonium Cations toward Zeolite Beta Revealed by the Evolution of Aluminosilicate Species Formed during the Crystallization Process,2015,,,"['resolution transmission electron microscopy', 'molecule geometrically fitted within', 'tea +- aluminosilicate composites']"
2638,10.1021/jacs.6b02953,Locating Organic Guests in Inorganic Host Materials from X-ray Powder Diffraction Data,2016,,,"['investigated six borosilicate zeolites', 'indecipherable electron density maps', 'synchrotron powder diffraction data']"
2639,10.1021/jacs.7b08810,Well-Defined Silanols in the Structure of the Calcined High-Silica Zeolite SSZ-70: New Understanding of a Successful Catalytic Material,2017,,,"['resolution transmission electron microscopy', 'q 3 silanol species', 'isolated silanol group protrudes']"
2640,10.1021/jacs.9b00643,Kinetics and Mechanism of the Hydrolysis and Rearrangement Processes within the AssemblyâDisassemblyâOrganizationâReassembly Synthesis of Zeolites,2019,,,"['apparent activation energy', '8a37 h period', '70 adegc ).']"
2641,10.1021/jp000505b,Photoinduced Charge Separation of Methylphenothiazine in Vanadium- and Titanium-Containing AlPO-5 and AlPO-11,2000,,,"['lived photoinduced electron transfer', 'v5 +) molecular sieves', '11 molecular sieves depends']"
2642,10.1021/jp000905z,Colors of Ag+-Exchanged Zeolite A,2000,,,"['unit structure cell consisting', 'investigating different coordination sites', 'next lower lying levels']"
2643,10.1021/jp002148a,Thermochemistry of Pure-Silica Zeolites,2000,,,"['containing internal silanol groups', 'internal silanol groups', 'strong linear correlation']"
2644,10.1021/jp002490n,Electron Paramagnetic Resonance Spectroscopy of Chromium in CrAPO-5 Molecular Sieves,2000,,,"['band electron paramagnetic resonance', 'exhibiting low sorption capacities', 'axially symmetric g factor']"
2645,10.1021/jp002751t,The Determination of Brønsted Acid Sites in Zeolite ERS-7 by Neutron and X-ray Powder Diffraction,2001,,,"['simultaneously employed synchrotron x', 'ray powder diffraction data', 'pxd difference fourier maps']"
2646,10.1021/jp002816s,"A Novel Titanosilicate with MWW Structure. I. Hydrothermal Synthesis, Elimination of Extraframework Titanium, and Characterizations",2001,,,"['type titanosilicate nearly free', '1 band increases linearly', 'octahedral ti species showing']"
2647,10.1021/jp0043874,Catalytic Oxidation of 2-Chlorophenol in Confined Channels of ZSM-48,2001,,,"['temperature electron paramagnetic resonance', 'ray absorption fine structural', 'supercritical water oxidation']"
2648,10.1021/jp0101413,"Host−Guest Interactions in P1, SUZ-4, and ZSM-57 Zeolites Containing N,N,N,N ‘ ,N ‘ ,N ‘-Hexaethylpentanediammonium Ion as a Guest Molecule",2001,,,
2649,10.1021/jp010491p,Entropy of Pure-Silica Molecular Sieves,2001,,,"['temperature heat capacity', 'silica molecular sieves', 'significant entropy barriers']"
2650,10.1021/jp010885g,Photocatalytic Reduction of CO2 with H2O on Ti−β Zeolite Photocatalysts: Effect of the Hydrophobic and Hydrophilic Properties,2001,,,"['different conditions using oh', 'ions showed hydrophobic properties', 'titanium oxide species']"
2651,10.1021/jp0111214,Solid-State NMR Studies of the As-Synthesized AlPO4-5/TPAF Microporous Aluminophosphate,2001,,,"['tpa +) cation template', 'redor experiment strongly supports', '27al hetcor experiment']"
2652,10.1021/jp012095c,Naphthalene Included within All-Silica Zeolites: Influence of the Host on the Naphthalene Photophysics,2001,,,"['time resolved emission spectroscopy', 'naphthalene within different zeolites', 'room temperature phosphorescence']"
2653,10.1021/jp012115a,Thermoanalytic Studies on Template Removal from MeAPO-31 Doped with Various Metals,2002,,,"['temperature peak comprises desorption', 'temperature differential thermogravimetric peak', 'temperature peaks depend linearly']"
2654,10.1021/jp012407b,"Synthesis and Structure Determination by ZEFSAII of SSZ-55: A New High-Silica, Large-Pore Zeolite",2002,,,"['transmission electron microscopy confirms', 'monte carlo method zefsaii', '[( 1 -( 3']"
2655,10.1021/jp013189p,On the Preferential Location of Al and Proton Siting in Zeolites: A Computational and Infrared Study,2002,,,"['force field atomistic simulations', 'oh stretching ir bands', 'two bands centered']"
2656,10.1021/jp013285q,Comparative Study of the Vanadium Species in VAPO-5 and VAPSO-5 Molecular Sieves,2002,,,
2657,10.1021/jp013302b,Preferential Location of Ge in the Double Four-Membered Ring Units of ITQ-7 Zeolite,2002,,,"['theoretical ab initio calculations', '29si mas nmr leads', 'ge selectively occupies positions']"
2658,10.1021/jp021878a,Characterization of the Gel Phases of AlPO4-11 Molecular Sieve Synthesis by Solid-state NMR,2003,,,"['present work clearly demonstrates', '11 molecular sieve synthesis', '27al magic angle spinning']"
2659,10.1021/jp0308256,A Study of the Formation of Molecular Sieve SAPO-44,2004,,,"['based molecular sieve sapo', '31 p cross polarization', 'transferred echo double']"
2660,10.1021/jp034993+,Intrazeolite Nanostructure of Nd(III) Complex Giving Strong Near-Infrared Luminescence,2003,,,"['iii )- loading level', 'iii )- loading levels', 'average lifetime became longer']"
2661,10.1021/jp037257e,Structural and Functional Characterization of Redox Mn and Co Sites in AlPO Materials and Their Role in Alkane Oxidation Catalysis,2004,,,"['require cation sites able', 'cyclohexane oxidation involve cycling', 'undergo redox cycles remain']"
2662,10.1021/jp0378438,"Effect of the Germanium Incorporation in the Synthesis of EU-1, ITQ-13, ITQ-22, and ITQ-24 Zeolites",2004,,,
2663,10.1021/jp040216d,ITQ-12:â A Zeolite Having Temperature Dependent Adsorption Selectivity and Potential for Propene Separation,2004,,,"['dependent property gives rise', 'slightly larger propane molecules', 'pure silica zeolite itq']"
2664,10.1021/jp0402434,Studies on the Role of Fluoride Ion vs Reaction Concentration in Zeolite Synthesis,2005,,,"['structure may well contain', 'intriguing paper recently published', 'sio 2 reactant ratio']"
2665,10.1021/jp040305q,Crystal Structure of MCM-65:â An Alternative Linkage of Ferrierite Layers,2004,,,"['synchrotron powder diffraction data', 'constrained model building suggested', 'electron diffraction experiments']"
2666,10.1021/jp044924a,Experimental Observations of WaterâFramework Interactions in a Hydrated Microporous Aluminum Phosphate,2005,,,"['quantum magic angle spinning', 'lewis acidic framework aluminums', '27 al nmr shows']"
2667,10.1021/jp0471047,Photochemical Generation of Electrons and Holes in Germanium-Containing ITQ-17 Zeolite,2005,,,"['optical spectrum reported previously', 'second longer lived transient', 'framework germanium atoms opening']"
2668,10.1021/jp048908p,Zeolite Synthesis Using Degradable Structure-Directing Agents and Pore-Filling Agents â,2005,,,"['27 al nmr ),', 'synthesized using organic structure', 'zeolite synthesis method']"
2669,10.1021/jp050777k,Temperature-Induced Transformations in CoAPO-34 Molecular Sieve:â A Combined In Situ X-ray Diffraction and FTIR Study,2005,,,"['translating imaging plate system', 'symmetry remains triclinic p', 'cha )- type topology']"
2670,10.1021/jp050778c,Propene Adsorption Sites in Zeolite ITQ-12:â A Combined Synchrotron X-ray and Neutron Diffraction Study,2005,,,"['neutron diffraction data taken', 'methylene group pointing toward', 'characterized via rietveld refinement']"
2671,10.1021/jp0519215,Structure-Directing Role of Molecules Containing Benzyl Rings in the Synthesis of a Large-Pore Aluminophosphate Molecular Sieve:â An Experimental and Computational Study,2005,,,"['defined molecular shape enhances', 'one benzyl ring self', 'two benzyl rings']"
2672,10.1021/jp052438x,Structure and Synthesis of SSZ-63:â Toward an Ordered Form of Zeolite Beta,2005,,,"['possesses significant disorder related', 'hypothetical polytype c proposed', 'little disorder associated']"
2673,10.1021/jp054199j,Si Distribution in Silicoaluminophosphate Molecular Sieves with the LEV Topology:â A Solid-State NMR Study,2005,,,"['two distinct tetrahedral sites', 'topologically distinct site', 'state nmr evidence']"
2674,10.1021/jp054950o,Structure-Directing Agent Location and Non-Centrosymmetric Structure of Fluoride-Containing Zeolite SSZ-55,2006,,,"['pure silica zeolite ssz', 'spacegroup c 222 1', 'accommodate ordered arrays']"
2675,10.1021/jp0565352,Crystal Structure of Zeolite MCM-68:â A New Three-Dimensional Framework with Large Pores,2006,,,"['synchrotron powder diffraction data', 'observed intensity profile', 'model coordinates optimizes']"
2676,10.1021/jp063852f,"Synthesis, Characterization, and Growth Rates of Germanium Silicalite-1 Grown from Clear Solutions",2006,,,
2677,10.1021/jp0677694,Reaction at Interfaces: The Silicoaluminophosphate Molecular Sieve CAL-1,2007,,,
2678,10.1021/jp077687v,Acidic Properties of SSZ-33 and SSZ-35 Novel Zeolites: a Complex Infrared and MAS NMR Study,2008,,,"['different surface oh species', '1h magic angle spinning', 'bonded oh groups separately']"
2679,10.1021/jp100368e,Anisotropic Thermal Expansion of SiO2 and AlPO4 Clathrasils with the AST-Type Structure,2010,,,"['fully calcined alpo4 analogue', 'calcined forms using x', 'quinuclidinum cations fill']"
2680,10.1021/jp101744k,Analysis of the ITQ-12 Zeolite Performance in Propane−Propylene Separations Using a Combination of Experiments and Molecular Simulations,2010,,,"['event molecular simulation techniques', 'bias monte carlo method', 'results support experimental observations']"
2681,10.1021/jp101756d,"Structure Directing Effect of (1S,2S)-2-Hydroxymethyl-1-benzyl-1-methylpyrrolidinium in the Synthesis of AlPO-5",2010,,,"['recently developed computational model', 'partially reversible photoinduced rearrangement', 'induce chiral supramolecular arrangements']"
2682,10.1021/jp102663f,Investigation of the Energetic Performance of Pure Silica ITQ-4 (IFR) Zeolite under High Pressure Water Intrusion,2010,,,"['ring pure silica itq', 'water molecules remaining confined', 'strongly hydrogen bonded']"
2683,10.1021/jp106247g,Impact of Controlling the Site Distribution of Al Atoms on Catalytic Properties in Ferrierite-Type Zeolites†,2011,,,"['sdas ), low si', 'differently sized cyclic amines', 'concentrated synthesis mixtures favor']"
2684,10.1021/jp1098975,"Crystallization Behavior of Zeolite Beta in OSDA-Free, Seed-Assisted Synthesis",2011,,,"['osda )- free synthesis', 'nonseeded gel enhances', 'fully clarified yet']"
2685,10.1021/jp200043b,Probing ZnAPO-34 Self-Assembly Using Simultaneous Multiple in Situ Techniques,2011,,,"['promote nano particle growth', 'energy minimization calculations ).', 'found per cha cage']"
2686,10.1021/jp208560t,Investigations of Formation of Molecular Sieve SAPO-34,2011,,,"['crystal face likely results', 'layered structure held mainly', '29si nmr results suggest']"
2687,10.1021/jp209182u,0.3 Å Makes the Difference: Dramatic Changes in Methanol-to-Olefin Activities between H-ZSM-12 and H-ZSM-22 Zeolites,2011,,,"['key intermediate species formed', 'state nmr spectroscopy', 'scanning electron microscopy']"
2688,10.1021/jp211819p,Energetic Performances of STT-Type Zeosil: Influence of the Nature of the Mineralizing Agent Used for the Synthesis,2012,,,
2689,10.1021/jp304868w,A Multinuclear Solid-State NMR Study of Templated and Calcined Chabazite-Type GaPO-34,2012,,,"['31p mas nmr confirms', '19f mas nmr proves', 'three crystallographic p sites']"
2690,10.1021/jp311334q,Investigation of the Crystallization Process of SAPO-35 and Si Distribution in the Crystals,2013,,,"['alpo compositions first forms', 'dimensional 27al mq mas', 'mas hetcor nmr']"
2691,10.1021/jp311921d,High-Pressure Water Intrusion Investigation of Pure Silica ITQ-7 Zeolite,2013,,,"['3o -)) groups revealing', 'high hydraulic pressure corresponding', 'water system behaves like']"
2692,10.1021/jp400422z,Multinuclear Solid-State NMR Studies on the Formation Mechanism of Aluminophosphate Molecular Sieves in Ionic Liquids,2013,,,"['state nmr techniques together', 'methylimidazolium bromide ([ emim', '19f mas nmr experiments']"
2693,10.1021/jp404970k,Identification and Catalytic Behavior of Brønsted Acid Sites on Al-Containing ITQ-21,2013,,,"['state nuclear magnetic resonance', 'different bronsted acid sites', '1h mas nmr spectra']"
2694,10.1021/jp408939r,One-Dimensional Antenna Systems by Crystallization Inclusion of Dyes (One-Pot Synthesis) within Zeolitic MgAPO-36 Nanochannels,2013,,,"['three fused aromatic rings', 'practically collinear disposition along', 'first time within mgapo']"
2695,10.1021/jp411124d,"(1R,2S)-Ephedrine: A New Self-Assembling Chiral Template for the Synthesis of Aluminophosphate Frameworks",2014,,,"['several catalytically active dopants', 'molecular mechanics simulations shows', 'molecular recognition phenomenon based']"
2696,10.1021/jp505896x,Structure of the Catalytic Active Sites in Vanadium-Doped Aluminophosphate Microporous Materials. New Evidence from Spin Density Studies,2014,,,"['whose spin hamiltonian parameters', 'charge compensating mechanisms associated', 'first detailed structural analysis']"
2697,10.1021/jp5079983,Comparative Study of Acidic Properties of UZM-5 Nanosheets by Stepwise Adsorption Assisted by a Selective External Poisoning Approach,2015,,,"['highly exposed double 4', 'uniform particle size', 'resulting sample displays']"
2698,10.1021/jp511670q,"Investigation of the Strong Brønsted Acidity in a Novel SAPO-type Molecular Sieve, DNL-6",2015,,,"['density functional theory calculations', 'hetcor nmr spectra reveal', '1h nmr experimental results']"
2699,10.1021/jp7116856,Synthesis and Monte Carlo Structure Determination of SSZ-77: A New Zeolite Topology,2008,,,
2700,10.1021/jp803093w,"Hydrogen Storage Properties of Carbons Doped with Ruthenium, Platinum, and Nickel Nanoparticles",2008,,,"['three different metals', 'simple mechanistic model', 'hydrogen storage capacity']"
2701,10.1021/jp805400u,Synthesis of the Ti−Silicate Form of BEC Polymorph of β-Zeolite Assisted by Molecular Modeling,2008,,,"['free pure silica form', 'higher epoxidation activity', 'synthesis method']"
2702,10.1021/jp8070713,Synthesis and Structural Properties of Zeolitic Nanocrystals II: FAU-Type Zeolites,2009,,,
2703,10.1021/jp811033a,SBE-Type Metal-Substituted Aluminophosphates: Detemplation and Coordination Chemistry,2009,,,"['truncated corner morphologies grown', 'ray diffraction data showed', 'ray diffraction analyses indicate']"
2704,10.1021/jp902074s,Transformation of AlPO-53 to JDF-2: Reversible Dehydration of a Templated Aluminophosphate Studied by MAS NMR and Diffraction,2009,,,"['contains occluded water molecules', 'state nmr experiments confirm', 'also hydroxide ions']"
2705,10.1021/jp902375n,"Water Resistant, Catalytically Active Nb and Ta Isolated Lewis Acid Sites, Homogeneously Distributed by Direct Synthesis in a Beta Zeolite",2009,,,"['ray absorption fine structure', 'three siloxane bridges', 'solids much higher']"
2706,10.1021/jp9029248,"Synthesis and Structural Characterization of the Aluminosilicate LZ-135, a Zeolite Related to ZSM-10",2009,,,"['patented 20 years ago', 'octahedral coordination geometry around', 'na26tma6 |[ si76al32o216 ]),']"
2707,10.1021/jp903132b,Structural Insight into Germanium-Containing Silicate Species by Electrospray Ionization Mass Spectrometry (ESI-MS) and ESI-MS/MS,2009,,,"['electrospray ionization mass spectrometry', 'obtain detailed structural insight', 'related materials highly depend']"
2708,10.1021/jp903500q,Optimized Synthesis and Structural Characterization of the Borosilicate MCM-70,2009,,,"['electron density map could', 'anisotropic line broadening made', 'solid state 29si']"
2709,10.1021/jp904623a,Silicoaluminophosphate Molecular Sieves STA-7 and STA-14 and Their Structure-Dependent Catalytic Performance in the Conversion of Methanol to Olefins,2009,,,"['al adopts tetrahedral coordination', 'pure silica chabazite', 'narrower compositional range']"
2710,10.1021/jp961046a,,,,,
2711,10.1021/jp963418l,"H â 31 P, 31 P â 1 H, and 2 H â 1 H CP/MAS NMR Studies of the Large-Pore Gallophosphate Molecular Sieve Cloverite",1997,,,"['equilibrated cloverite containing normal', '31 p spinalattice relaxation', '71 ga nmr']"
2712,10.1021/jp972319k,"Synthesis and Structural Characterization of MWW Type Zeolite ITQ-1, the Pure Silica Analog of MCM-22 and SSZ-25",1998,,,"['space group p 6', 'sinusoidal 10 mr channel', '10 tetrahedra ),']"
2713,10.1021/jp9731462,Solid-State Deuterium NMR Studies of Organic Molecules in the Tectosilicate Nonasil,1998,,,"['characterized using 29 si', 'state deuterium nmr spectroscopy', 'nitrogen c 3 axis']"
2714,10.1021/jp980735e,"Synthesis and Structure of As-Prepared ITQ-4, A Large Pore Pure Silica Zeolite: The Role and Location of Fluoride Anions and Organic Cations",1998,,,"['resolution powder xrd data', 'n atom still renders', 'f -, defect formation']"
2715,10.1021/jp9818481,"ULM-18, a Fluorinated Gallium Phosphate with Perforated Layers: XRD and NMR, Structure Determination, and HF Localization in a D4R",1998,,,"['triclinic space group p', 'three gao4f trigonal bipyramids', 'oxyfluorinated gallium phosphate obtained']"
2716,10.1021/jp982169t,"Synthesis, Characterization, and Structure Solution of CIT-5, a New, High-Silica, Extra-Large-Pore Molecular Sieve",1998,,,"['refined unit cell parameters', 'ray powder data gives', 'transmission electron microscopy confirm']"
2717,10.1021/jp982553q,In situ Observation of Nucleation and Crystal Growth in Zeolite Synthesis. A Small-Angle X-ray Scattering Investigation on Si-TPA-MFI,1999,,,"['fitting calculated scattering patterns', '6000 nm ), covering', 'ray scattering allowed us']"
2718,10.1021/jp983112+,Electron Spin Resonance and Electron Spin−Echo Modulation Evidence for the Isomorphous Substitution of Titanium in Titanium Aluminophosphate Molecular Sieves,1999,,,
2719,10.1021/jp9836630,Location and Adsorbate Interactions of Vanadium in VAPO-5 Molecular Sieve Studied by Electron Spin Resonance and Electron Spin Echo Modulation Spectroscopies,1999,,,"['strong 27al ese modulations', 'previously oxidized sample shows', 'electron spin echo modulation']"
2720,10.1021/jp9845726,Zincosilicate CIT-6: A Precursor to a Family of *BEA-Type Molecular Sieves,1999,,,"['water adsorption data indicate', 'teaoh ), li +,', 'new molecular sieve materials']"
2721,10.1021/jp9846734,2H−{H} CPMAS NMR of Guest−Host Species in Zeolites: An Experimental Study,1999,,,"['using short contact times', 'small quadrupole coupling constants', 'larger quadrupole coupling constants']"
2722,10.1021/jp990215z,Enhanced Resolution of Aluminum and Proton Sites in the Molecular Sieve SAPO-37 by 27Al Multiple Quantum Magic Angle Spinning and 1H Spin Echo Editing NMR,1999,,,"['spin echo double', 'residual small amount', 'oh hydroxyls caused']"
2723,10.1021/jp991389j,Electron Diffraction Structure Solution of a Nanocrystalline Zeolite at Atomic Resolution,1999,,,"['resolution transmission electron microscopy', 'dimensional pore system circumscribed', '12 tetrahedral atoms']"
2724,10.1021/jp9916844,Electron Spin Resonance and Electron Spin Echo Modulation Studies of Ion-Exchanged NiH−SAPO-17 and NiH−SAPO-35 Molecular Sieves: Comparison with Ion-Exchanged NiH−SAPO-34 Molecular Sieve,1999,,,"['unresolved 13c hyperfine lines', 'electron spin echo modulation', '35 shows different features']"
2725,10.1021/jp991722j,Determination of the AlT1AlT2 Ratio in MAZ Zeolites Using Line Shapes of MQ MAS NMR,1999,,,"['two lorentzian shaped lines', '1d mas nmr spectrum', '1d 27al mas nmr']"
2726,10.1021/jp991913m,On the Role of Small Amines in Zeolite Synthesis,1999,,,"['several amines played non', 'interaction energy differences', 'computer simulations confirmed']"
2727,10.1021/jp992383x,UTM-1: An Eight-Membered Ring Zeolite with the Basic Building Chains of the MFI Topology,1999,,,"['ray powder diffraction pattern', 'membered rings forming one', 'like cages connected']"
2728,10.1021/jp992549u,Guest−Host Interactions in As-Made Al-ZSM-12: Implications for the Synthesis of Zeolite Catalysts,1999,,,"['small angle wobbling motions', 'selectively deuterated benzyltrimethylammonium cations', 'least two rapid rotations']"
2729,10.1021/jp992991c,Redox Chemistry of Gaseous Reactants Inside Photoexcited FeAlPO4 Molecular Sieve,2000,,,"['substantially stronger reducing power', 'proposed mechanism involves one', 'phase fe2o3 semiconductor particles']"
2730,10.1021/jp993072p,"Brønsted and Lewis Acid Sites in Dealuminated ZSM-12 and β Zeolites Characterized by NH3-STPD, FT-IR, and MAS NMR Spectroscopy",2000,,,"['27 nmr spectra show', '29 nmr spectra', '27 nmr data']"
2731,10.1021/jp993818j,Incorporation of Transition Metal Ions into MeAPO/MeAPSO Molecular Sieves,2000,,,"['silicoaluminophosphate molecular sieve frameworks', 'meapso molecular sieves', 'strong 27al modulations']"
2732,10.1021/jp993981e,Density Functional Theory Calculation and X-ray Absorption Spectroscopy Studies of Structure of Vanadium-Containing Aluminophosphate VAPO-5,2000,,,"['water molecules may exchange', 'water molecules', 'v k']"
2733,10.1021/la026424j,"Partially Calcined Gismondine Type Silicoaluminophosphate SAPO-43: Isopropylamine Elimination and Separation of Carbon Dioxide, Hydrogen Sulfide, and Water",2003,,,"['separate molecules like co2', 'partially calcined silicoaluminophosphate', 'low thermal stability']"
2734,10.1021/la400352r,Adsorption and Separation of CO2 on KFI Zeolites: Effect of Cation Type and Si/Al Ratio on Equilibrium and Kinetic Properties,2013,,,"['petro -) chemical industry', 'dynamic breakthrough experiments demonstrated', 'membered ring kfi zeolite']"
2735,10.1021/la502897p,K+ Exchanged Zeolite ZK‑4 as a Highly Selective Sorbent for CO2,2014,,,"['consecutive volumetric adsorption measurements', 'quantum chemical calculations', 'highly selective sample']"
2736,10.1021/la970402t,Cupric Ion Location and Adsorbate Interactions in Cu(II) Exchanged Erionite-like SAPO-17 Molecular Sieve,1997,,,"['organic structure directing molecule', 'electron spin echo modulation', '31p esem spectrum suggest']"
2737,10.1023/a:1019150203436,,,,,
2738,10.1023/b:jopo.0000046348.23346.dd,,2004,,,
2739,10.1038/275119a0,,,,,
2740,10.1038/280664a0,,,,,
2741,10.1038/294340a0,,,,,
2742,10.1038/329819a0,,1987,,,
2743,10.1038/349508a0,,,,,
2744,10.1038/352320a0,,,,,
2745,10.1038/353417a0,,,,,
2746,10.1038/41937,,1997,,,
2747,10.1038/nature00924,A large-cavity zeolite with wide pore windows and potential as an oil refining catalyst,2002,,,
2748,10.1038/nature02909,,2004,,,
2749,10.1038/nature04097,A mesoporous germanium oxide with crystalline pore walls and its chiral derivative,2005,,,
2750,10.1038/nature05200,,2006,,,
2751,10.1038/nature05238,,2006,,,
2752,10.1038/nature07957,,2009,,,
2753,10.1038/nature08493,,2009,,,
2754,10.1038/nature14575,,2015,,,
2755,10.1038/nchem.1253,,2012,,,
2756,10.1038/nchem.2761,In situ solid-state NMR and XRD studies of the ADOR process and the unusual structure of zeolite IPC-6,2017,,,
2757,10.1038/nmat2169,,2008,,,
2758,10.1038/nmat3455,,2012,,,
2759,10.1038/nmat921,,2003,,,
2760,10.1038/s41467-019-12394-0,,2019,,,
2761,10.1039/a606398e,"Synthesis, electron paramagnetic resonance and electron spin echo modulation studies on synthesized NiAPSO-41 molecular sieve and comparison with ion-exchanged NiH-SAPO-41 molecular sieve",1997,,,
2762,10.1039/a606828f,"Synthesis and characterization of a fluorinated anionic aluminophosphate framework UT-6, and its high-temperature dehydrofluorination to AlPO4-CHA",1997,,,
2763,10.1039/a701287j,,,,,
2764,10.1039/a702209c,Synthesis of the LTA-type AlPO4 in the presence of the diazapolyoxa macrocycle ‘Kryptofix 222’,1997,,,
2765,10.1039/a702706k,Study of oxygen-binding cobalt species on CoAPO-11 molecular sieve under redox treatment,1997,,,
2766,10.1039/a703323k,"SSZ-42: the first high-silica large pore zeolite with an undulating, one-dimensional channel system",1997,,,
2767,10.1039/a704774f,CIT-5: a high-silica zeolite with 14-ring pores,1997,,,
2768,10.1039/a705091g,The templated synthesis and structure determination by synchrotron microcrystal diffraction of the novel small pore magnesium aluminophosphate STA-2,1997,,,
2769,10.1039/a706950b,Structure of templated microcrystalline DAF-5† (Co0.28Al0.72PO4C10H20N2) determined by synchrotron-based diffraction methods,1998,,,
2770,10.1039/a707523e,Multinuclear MAS NMR study on the microporous aluminophosphates AlPO4-41 and SAPO-41,1998,,,
2771,10.1039/a803263g,Synthesis in fluoride and hydroxide media and structure of the extra-large pore pure silica zeolite CIT-5,1998,,,
2772,10.1039/a803572e,"The synthesis of the new zeolite, ERS-7, and the determination of its structure by simulated annealing and synchrotron X-ray powder diffraction",1998,,,
2773,10.1039/a803801e,Synthesis of a merlinoite-type zeolite with an enhanced Si/Al ratioviapore filling with tetraethylammonium cations,1998,,,
2774,10.1039/a804800b,Synthesis and structure of pure SiO2 chabazite: the SiO2 polymorph with the lowest framework density,1998,,,
2775,10.1039/a806696e,Synthesis and structure of ITQ-9: a new microporous SiO2 polymorph,1998,,,
2776,10.1039/a809399g,Vapor-phase transport synthesis of ZnAPO-34 molecular sieve,1999,,,
2777,10.1039/a900538b,Zeolite-β grown epitaxially on SSZ-31 nanofibers,1999,,,
2778,10.1039/a903999f,Quinuclidine derivatives as structure directing agents for the synthesis of boron containing zeolites,1999,,,
2779,10.1039/a906147i,Synthesis of microporous gallosilicates with the CGS topology,1999,,,
2780,10.1039/a907259d,"Synthesis of a novel microporous magnesioaluminophosphate, STA-6, containing an unbound azamacrocycle",1999,,,
2781,10.1039/a907751k,Synthesis of titanium silicalite-1 using ethyl silicate-40: a new silica source for zeolite synthesis,2000,,,"['29si liquid nmr spectra', 'synthesized using ethyl silicate', 'micron sized crystalline product']"
2782,10.1039/a907883e,Evidence for ordering of cobalt ions in the microporous solid acid catalyst CoDAF-4 by single crystal X-ray diffraction and resonant X-ray powder diffraction,2000,,,"['much higher concentrations', 'templated form', 'synthesised material']"
2783,10.1039/a907933e,Na2Al2Ge3O10·2H2O: an aluminogermanate with the tetranatrolite topology,2000,,,
2784,10.1039/a909249h,Cation-directed syntheses of novel zeolite-like metalloaluminophosphates STA-6 and STA-7 in the presence of azamacrocycle templates,2000,,,
2785,10.1039/a909315j,"Hydrothermal synthesis (in water–dimethylformamide) and crystal structure of MIL-30, a new layered fluorinated gallium phosphate with 1,3-diaminopropane and dimethylamine as templates",2000,,,"['orthorhombic space group p212121', 'new fluorinated gallium phosphate', 'mild solvothermal condition using']"
2786,10.1039/b000539h,Synthesis and catalytic activity of Ti-ITQ-7: a new oxidation catalyst with a three-dimensional system of large pore channels,2000,,,"['three dimensional system', 'selective oxidation reactions', 'large pore channels']"
2787,10.1039/b000823k,An X-ray absorption spectroscopic study on the local environment of copper in CuAPO-5,2000,,,"['tetragonally distorted cu', 'studied using xanes', 'showing maximum conversions']"
2788,10.1039/b001217n,Influence of framework Si/Al ratio on the Na+/mordenite interaction energy,2000,,,"['tsc signal analysis leads', 'thermally stimulated currents', 'starting raw materials']"
2789,10.1039/b002134m,,2000,,,
2790,10.1039/b002950p,The widespread occurrence of negative thermal expansion in zeolites,2001,,,"['relatively high framework density', 'expansivity data currently available', 'previously studied microporous materials']"
2791,10.1039/b003430o,"Azamacrocycles and the azaoxacryptand 4,7,13,16,21,24-hexaoxa-1,10-diazabicyclo[8.8.8]hexacosane as structure-directing agents in the synthesis of microporous metalloaluminophosphates",2001,,,"['cobalt aluminophosphate gel results', 'yet single crystal', 'metal cation present']"
2792,10.1039/b004004p,"Synthesis of zeolites P1 and SUZ-4 through a synergy of organic N,N,N,N′,N′,N′-hexaethylpentanediammonium and inorganic cations",2000,,,"['previously reported isostructural materials', 'zeolites p1', 'enhanced si']"
2793,10.1039/b004203j,Ultra fast and efficient synthesis of Ti-ITQ-7 and positive catalytic implications,2000,,,
2794,10.1039/b005225f,GUS-1: a mordenite-like molecular sieve with the 12-ring channel of ZSM-12,2000,,,"['novel molecular sieve gus', 'membered ring channel system', 'framework topology']"
2795,10.1039/b005321j,X-Ray powder diffraction and EXAFS studies on SnAPO-5 and Cu∶SnAPO-5,2001,,,"['second axial corner protruding', 'ray powder diffraction confirms', 'ray powder diffraction']"
2796,10.1039/b005453o,Synthesis of FER type zeolite with tetrahydrofuran as the template,2000,,,"['13c mas nmr shows', 'free organic compound', 'synthesized fer zeolite']"
2797,10.1039/b006828o,Synthesis and characterisation of chromium-substituted ETS-10,2001,,,"['spinning nuclear magnetic resonance', 'edax ), powder x', '10 samples contain cr3']"
2798,10.1039/b007054h,Ge8O16[(OH)−(Me NH3)+(MeNH2)]: one OH-templated germanium zeotype,2000,,,
2799,10.1039/b007688k,An alternative synthesis method for zeolite Y membranes,2001,,,"['unnecessary ex situ pre', 'synthesis gel containing seeds', 'supported zeolite']"
2800,10.1039/b008553g,Characterization of the acidity of Mu-14 by solid-state NMR and NH3-STD,2001,,,
2801,10.1039/b008728i,Synthesis and characterization of the open-framework magnesium aluminophosphate UiO-28,2001,,,"['orthorhombic space group pbcm', 'new tetrahedral zeolite topology', 'octameric secondary building unit']"
2802,10.1039/b009024g,An X-ray absorption study on copper-containing AlPO4-5 for selective catalytic reduction of NOX by propene,2001,,,"['p -) 2 connectivity', 'studied using xanes', 'incipient wetness method']"
2803,10.1039/b009813m,Nickel complexed within an azamacrocycle as a structure directing agent in the crystallization of the framework metalloaluminophosphates STA-6 and STA-7,2001,,,"['adopting square planar geometry', '6 solids remains intact', 'tmtact )- coapo form']"
2804,10.1039/b010206g,A new layered aluminophosphate [C4H12N2][Al2P2O8(OH)2] templated by piperazine,2001,,,"['einter ), including h', 'xrd ), ft', 'number 9 ),']"
2805,10.1039/b100975n,Synthesis of high-silica [Al]-SSZ-31 by a steam-assisted conversion method and its catalytic performance in the isopropylation of biphenyl,2001,,,"['selectivity remained nearly constant', 'triisopropyl isomer yields', 'least bulky isomers']"
2806,10.1039/b102263f,Further evidence of the efficiency of the fluoride route illustrated by the hydrothermal synthesis and crystal structure of the hydroxyfluorogallophosphate Mu-20,2001,,,"['space group p42', 'single crystal x', 'dimensional microporous hydroxyfluorogallophosphate']"
2807,10.1039/b103359j,Hydrothermal synthesis of Co-rich CoAPO-5 molecular sieves,2001,,,"['diffuse reflectance spectroscopy', 'always relatively low', 'different monovalent cations']"
2808,10.1039/b103579g,A linear DABCO templated fluorogallophosphate: synthesis and structure determination from powder diffraction data of Ga(PO4H)2F·[N2C6H14],2001,,,"['synthesized solvothermally using 1', 'ray powder diffraction data', 'orthorhombic space group p212121']"
2809,10.1039/b104114m,Synthesis of pure polymorph C of Beta zeolite in a fluoride-free system,2001,,,"['pure polymorph c', 'free synthesis mixture', 'synthesis towards']"
2810,10.1039/b104331p,A new mixed divalent metal phosphate with zeolite thomsonite framework topology,2001,,,"['water molecules occupying', 'first mixed cobalt', '2 ]( c3n2h12']"
2811,10.1039/b105206n,"ITQ-16, a new zeolite family of the beta group with different proportions of polymorphs A, B and C",2001,,,"['organic structure directing agent', 'new zeolite family formed', 'strong bronsted acidity']"
2812,10.1039/b105273j,,2002,,,
2813,10.1039/b105316g,Liquid phase oxidation of amines to azoxy compounds over ETS-10 molecular sieves,2001,,,"['h2o2 efficiency depend largely', 'tertiary butyl hydroperoxide', 'substrate mole ratio']"
2814,10.1039/b105438b,Hydrothermal synthesis of [Al]-SSZ-31 from [Al]-BEA precursors,2001,,,"['al ]- ssz', 'al ]- bea', 'precursors via']"
2815,10.1039/b106005h,Synthesis of two new aluminophosphate based layered materials using Tet-A as a structure-directing agent,2002,,,"['triclinic space group p', 'orthorhombic space group pca21', 'synthesised using hydrothermal techniques']"
2816,10.1039/b106643a,[C6N4H24]CoBe6P6O24·3H2O: a novel 3-dimensional beryllophosphate zeolite-like structure encapsulating CoII ions,2002,,,"['templated cobepo4 phase', 'space group r', 'novel cobalt beryllophosphate']"
2817,10.1039/b106671b,Cooperative directing effect of OH anions and polymerized DABCO cations in the formation of the Ge16O32(OH)−(C6H12N2H)+(C6H12N2)·1.125H2O zeotype,2001,,,"['organic species along', 'large germanium cages', 'anion templating effect']"
2818,10.1039/b200428n,Selective oxidation of cyclohexane in compressed CO2 and in liquid solvents over MnAPO-5 molecular sieve,2002,,,"['5 molecular sieve catalyst', '2 k using oxygen', 'compressed co2 change considerably']"
2819,10.1039/b201178f,"Two chain gallium fluorodiphosphates: synthesis, structure solution, and their transient presence during the hydrothermal crystallisation of a microporous gallium fluorophosphate",2002,,,"['two novel gallium fluorodiphosphates', 'structures solved ab initio', 'framework zeolitic gallium fluorophosphate']"
2820,10.1039/b202155b,On the nature of iron species in iron substituted aluminophosphates,2002,,,"['tga ), mossbauer spectroscopy', 'xrd ), thermogravimetric analysis', 'yield tetrahedrally coordinated fe']"
2821,10.1039/b207684p,Synthesis and structure of a novel open-framework zincophosphate with intersecting three-dimensional helical channels,2002,,,"['h2po4 )* 0', 'dimensional helical channels', 'solvothermal conditions']"
2822,10.1039/b212477g,Synthesis of ITQ-21 in OH− media,2003,,,"['double four rings', 'structure leads', 'stoichiometric amounts']"
2823,10.1039/b300728f,The location of fluoride and organic guests in ‘as-made’ pure silica zeolites FER and CHA,2003,,,"['made silica zeolites cha', 'accomplished using microcrystal x', 'related ways fluoride ions']"
2824,10.1039/b303998f,Synthesis and structure of a new three-dimensional indium phosphate with 16-membered one-dimensional channels,2003,,,"['water molecules occupies', 'vertex linking ino4', 'organic amine along']"
2825,10.1039/b304670m,Synthesis of colloidal AlPO4-18 crystals and their use for supported film growth,2003,,,"['monomodal particle size distribution', 'thin oriented films', 'stable colloidal solutions']"
2826,10.1039/b305253b,Atomic force microscopy study of the molecular sieve MnAPO-50,2003,,,"['six template repeat distances', 'c unit cell parameter', 'thirty three times']"
2827,10.1039/b305947b,Preparation and gas separation properties of zeolite T membrane,2003,,,"['tubular porous mullite tubes', 'high separation performances', 'competitive adsorption .++']"
2828,10.1039/b306440a,ITQ-12: a new microporous silica polymorph potentially useful for light hydrocarbon separations,2003,,,"['new synthetic form', 'microporous crystalline silica', 'high potential']"
2829,10.1039/b314942k,A severely interrupted germanate zeolite framework synthesised from isolated double four-ring units,2004,,,"['severely interrupted solid showing', 'ring secondary building unit', 'open frameworks yet discovered']"
2830,10.1039/b315643e,"Synthesis, characterization and control of faulting in STF/SFF topologies, a new family of intergrowth zeolites",2004,,,
2831,10.1039/b406572g,"ITQ-15: The first ultralarge pore zeolite with a bi-directional pore system formed by intersecting 14- and 12-ring channels, and its catalytic implications",2004,,,"['unique structure shows advantages', 'unidirectional ultralarge pore zeolites', '15 zeolite consists']"
2832,10.1039/b410010g,SSZ-60: a new large-pore zeolite related to ZSM-23,2004,,,"['focus fourier recycling method', 'space group p21nm', 'new borosilicate zeolite']"
2833,10.1039/b413360a,Selective catalytic reduction of NOx over microporous CuAPO-5: structural characterisation by XAS and XRD,2005,,,"['ray powder diffraction data', 'ray diffraction ), tga', 'thermogravimetric analysis ), sem']"
2834,10.1039/b415570j,Towards an understanding of the oxidation state of cobalt and manganese ions in framework substituted microporous aluminophosphate redox catalysts: An electron paramagnetic resonance and X-ray absorption spectroscopy investigation,2005,,,"['manganese ions depends upon', 'study strongly suggested', 'ray absorption spectroscopy']"
2835,10.1039/b500927h,Diquaternary structure-directing agents built upon charged imidazolium ring centers and their use in synthesis of one-dimensional pore zeolites,2005,,,
2836,10.1039/b510963a,In situ observation of homogeneous nucleation of nanosized zeolite A,2006,,,"['homogeneous precursors 10 nm', 'wide angle x', 'situ small angle']"
2837,10.1039/b513947c,AlPO-18 nanocrystals synthesized under microwave irradiation,2006,,,"['larger accessible pore volume', 'dense gel precursor system', 'nanosized molecular sieve exhibiting']"
2838,10.1039/b517656e,A novel Ce/AlPO-5 catalyst for solvent-free liquid phase oxidation of cyclohexane by oxygen,2006,,,"['solid state 27al', '31p mas nmr', 'high surface area']"
2839,10.1039/b608982h,Selective oxidation of benzene to phenol over FeAlPO catalysts using nitrous oxide as oxidant,2006,,,"['framework substituted microporous alpo', 'using nitrous oxide', 'tetrahedrally coordinated iron']"
2840,10.1039/b700358g,Pure silica ITQ-32 zeolite allows separation of linear olefins from paraffins,2007,,,"['c4 fraction using', 'separate propene', 'previous zeolites']"
2841,10.1039/b704787h,Hydrothermal synthesis of pure ZSM-22 under mild conditions,2007,,,"['20 revolutions per minute', 'successful hydrothermal synthesis', 'enhance gel mixing']"
2842,10.1039/b706206k,,2007,,,
2843,10.1039/b804857f,In situ atomic force microscopy of zeolite A dissolution,2008,,,"['three terminating structures', 'theoretical work suggests', 'removing monomeric rather']"
2844,10.1039/b805681a,Structure and NMR assignment in calcined and as-synthesized forms of AlPO-14: a combined study by first-principles calculations and high-resolution 27Al–31P MAS NMR correlation,2008,,,"['simulated powder xrd patterns', 'nmr parameters may soon', 'relative atomic positions']"
2845,10.1039/b806525j,Environmentally benign synthesis of nanosized aluminophosphate enhanced by microwave heating,2008,,,"['phosphorous acid without disposing', 'multicycle synthesis approach via', 'nanosized aluminophosphate molecular sieve']"
2846,10.1039/b820883b,Discrete MnAlPO-5 nanocrystals synthesized by an ionothermal approach,2009,,,"['monomodal particle size distribution', 'pore filling effect', 'ionic liquid molecules']"
2847,10.1039/b902491c,In situ XAS and IR studies on Cu:SAPO-5 and Cu:SAPO-11: the contributory role of monomeric linear copper(I) species in the selective catalytic reduction of NOx by propene,2009,,,"['situ infra red spectroscopy', 'hydrothermal ion exchange relative', '11 exhibit low activity']"
2848,10.1039/b905057d,On the Sn(II) and Sn(IV) incorporation into the AFI-structured AlPO4-based framework: the first significantly acidic SnAPO-5,2009,,,"['standard zeolite h', 'similar surfaces areas', 'require acid centers']"
2849,10.1039/b906934h,"Ionothermal synthesis, structure and characterization of three-dimensional zinc phosphates",2009,,,"['first metal phosphate analogue', 'ionothermal approach along', 'framework type jbw']"
2850,10.1039/b920232n,Cooperative structure-directing effect in the synthesis of aluminophosphate molecular sieves in ionic liquids,2010,,,"['intermolecular hydrogen bonds', 'fluorescence measurements demonstrate', 'fluorescence emission spectroscopy']"
2851,10.1039/b920245e,Tracking the formation of cobalt substituted ALPO-5 using simultaneous in situ X-ray diffraction and X-ray absorption spectroscopy techniques,2010,,,"['phosphorous network forms prior', 'metal ion substituted aluminophosphate', 'ray absorption spectroscopic technique']"
2852,10.1039/b923256g,Mixed template effect adjusted by amine concentration in ionothermal synthesis of molecular sieves,2010,,,
2853,10.1039/c0ce00571a,The influence of microwave-assisted synthesis on nanocrystalline iron silicalite-1 particles,2011,,,"['confirm higher catalytic activity', 'mossbauer spectroscopy revealed', 'assisted hydrothermal syntheses']"
2854,10.1039/c0cp01982h,"Conversion of methanol over 10-ring zeolites with differing volumes at channel intersections: comparison of TNU-9, IM-5, ZSM-11 and ZSM-5",2011,,,"['time duration differed significantly', 'rapid deactivation compared', 'polymethylated benzene intermediates']"
2855,10.1039/c0cy00041h,"CoAPO-5-type molecular sieve membrane: synthesis, characterization and catalytic performance",2011,,,"['free continuous intergrown coapo', 'different cobalt contents', 'partial oxidation']"
2856,10.1039/c0dt01788d,Solvothermal aluminophosphate zeotype synthesis with ionic liquid precursors,2011,,,
2857,10.1039/c0jm01374a,"Formation of Al-rich nanocrystalline ZSM-5 via chloride-mediated, abrupt, atypical amorphous-to-crystalline transformation",2010,,,"['unusually high nacl concentration', 'efficient hydrothermal synthesis', '13c mas nmr']"
2858,10.1039/c0jm01429j,"One-step synthesis, characterisation and properties of core/shell silicogermanate zeotype crystals",2010,,,"['step solvothermal synthesis process', 'ring secondary building units', 'ray diffraction data indicates']"
2859,10.1039/c0jm02670k,"Characterization of the gel phases formed in the synthesis of microporous gallophosphate, cloverite",2010,,,"['extra large pore system', 'p linkage forms immediately', 'fluoride ions greatly facilitates']"
2860,10.1039/c0sc00178c,Task specific ionic liquids for the ionothermal synthesis of siliceous zeolites,2010,,,"['first genuine ionothermal synthesis', 'structure directing agent', 'siliceous zeolites mfi']"
2861,10.1039/c1cc15175d,Ti-STT: a new zeotype shape selective oxidation catalyst,2011,,,"['small pore openings', 'xanes spectroscopies', 'microporous structure']"
2862,10.1039/c1cp21013k,Designing the synthesis of catalytically active Ti-β by using various new templates in the presence of fluoride anion,2011,,,"['synthesis gel also influences', 'scanning electron microscopic', 'r3n +-( ch2']"
2863,10.1039/c1cp22816a,Control of CO2 adsorption heats by the Al distribution in FER zeolites,2012,,,"['new zeolite adsorbent exhibiting', 'proper combination', 'homogeneous distribution']"
2864,10.1039/c1dt11045d,Synthesis of Zn-containing microporous aluminophosphate with the STA-1 structure,2011,,,"['tetragonal space group im2', 'lowest framework densities among', 'sao framework type']"
2865,10.1039/c1dt11315a,Ionothermal synthesis process for aluminophosphate molecular sieves in the mixed water/ionic liquid system,2012,,,"['ray energy dispersive spectroscopy', 'methylimidazolium bromide ([ bmim', 'form thermodynamically stable alpo4']"
2866,10.1039/c2ce25665g,Three low-dimensional open-germanates based on the 44 net,2012,,,
2867,10.1039/c2ce26335a,Fluorine-free crystallization of triclinic AlPO4-34,2012,,,"['constructing aluminum phosphate frameworks', 'space group r', 'space group p']"
2868,10.1039/c2dt12106a,LEV-zeotype magnesium aluminophosphates with variable Mg/Al ratios,2012,,,"['temperature programmed desorption', 'occluded organic sdas', 'framework keeps intact']"
2869,10.1039/c2dt31185b,Distribution of trivalent metal cations in alumino-/gallogermanate zeolites with JST topology,2012,,,"['unique structural feature', 'resulting negative charges', 'inductively coupled plasma']"
2870,10.1039/c2dt32230g,Benzylimidazolium cations as zeolite structure-directing agents. Differences in performance brought about by a small change in size,2013,,,"['time evolution experimentally observed', 'crossing medium pore channels', 'calculated interaction energies help']"
2871,10.1039/c2dt32231e,A silicogermanate with 20-ring channels directed by a simple quaternary ammonium cation,2013,,,"['fluoride media using diisopropylethylmethylammonium', 'structure directing agent', 'zeolite framework']"
2872,10.1039/c2jm30478c,Organotemplate-free and one-pot fabrication of nano-rod assembled plate-like micro-sized mordenite crystals,2012,,,"['mor zeolite crystals assembled', 'rod assembled structure', 'seed solution rich']"
2873,10.1039/c2jm31479g,Organotemplate-free and seed-directed synthesis of ZSM-34 zeolite with good performance in methanol-to-olefins,2012,,,"['n2 sorption techniques show', 'means significant savings', 'highly effective conversion']"
2874,10.1039/c2jm31725g,Synthesis of isomorphously substituted extra-large pore UTL zeolites,2012,,,"['large pore zeolite utl', 'isomorphously substituted extra', 'isomorphous substituent influences']"
2875,10.1039/c2jm34351g,Nanosized MEL zeolite and GeSe2 chalcogenide layers as functional building blocks of tunable Bragg stacks,2012,,,
2876,10.1039/c2ra20437a,"Synthesis of zeolite Beta, MFI, and MTW using imidazole, piperidine, and pyridine based quaternary ammonium salts as structure directing agents",2012,,,"['exhibited high surface area', 'suitable quaternary ammonium salts', 'quaternary ammonium salts']"
2877,10.1039/c2ra21381h,Rapid synthesis of Sn-Beta for the isomerization of cellulosic sugars,2012,,,"['modified seeding method', 'high catalytic activity', 'containing molecular sieve']"
2878,10.1039/c39890000493,The structure of zeolite ZSM-20: mixed cubic and hexagonal stackings of faujasite sheets,1989,,,
2879,10.1039/c39900000783,"Syntheses of AlPO4-5, AlPO4-11, and AlPO4-21 from non-aqueous systems",1990,,,
2880,10.1039/c39910001175,VPI-7: the first zincosilicate molecular sieve containing three-membered T-atom rings,1991,,,
2881,10.1039/c39930000403,Aluminophosphate molecular sieves comprised of hydrated triple crankshaft chains,1993,,,
2882,10.1039/c39930000633,Synthesis and structure of a novel large-pore microporous magnesium-containing aluminophosphate (DAF-1),1993,,,
2883,10.1039/c39930000894,Synthesis and proposed framework topology of zeolite SUZ-4,1993,,,
2884,10.1039/c39940001491,VS-12: a novel large-pore vanadium silicate with ZSM-12 structure,1994,,,
2885,10.1039/c39950000151,Synthesis and characterization of a novel vanadium analogue of ALPO-31,1995,,,
2886,10.1039/c39950000869,A new As3+-silicate molecular sieve with MFI structure,1995,,,
2887,10.1039/c39950002255,Synthesis of CoVPI-5 with bifunctional catalytic activity,1995,,,
2888,10.1039/c3cc45336g,Facile synthesis of nano-sized hollow single crystal zeolites under mild conditions,2014,,,"['synthesize hollow zsm', 'respective crystal size', '5 single crystals']"
2889,10.1039/c3cc48403c,Framework Al zoning in zeolite ECR-1,2014,,,"['demonstrated framework al zoning', 'various cation forms', 'ray diffraction data']"
2890,10.1039/c3ce40784e,Inductive effect of various seeds on the organic template-free synthesis of zeolite ZSM-5,2013,,,"['form new zeolitic layer', 'external surface area provided', 'product zeolites crucially promoted']"
2891,10.1039/c3ce42493f,Synthesis of large MgAPO-11 single crystals in a F− free system,2014,,,"['large magnesium substituted alpo4', 'morphology sensitively depend', 'optimal gel composition']"
2892,10.1039/c3ce42585a,Synthesis and structural characterization of three 3-D aluminogermanates with different topologies,2014,,,"['induce two different kinds', 'crystal structural analysis reveals', 'chiral space groups p43212']"
2893,10.1039/c3cp00015j,"Tracking the structural changes in pure and heteroatom substituted aluminophosphate, AIPO-18, using synchrotron based X-ray diffraction techniques",2013,,,"['various near neighbour distances', 'studies performed using time', 'hexrd data show changes']"
2894,10.1039/c3cp44700f,"Post-synthesis, characterization and catalytic properties of fluorine-planted MWW-type titanosilicate",2013,,,"['various alkali chlorides', 'nh4f addition amount', 'longer catalyst lifetime']"
2895,10.1039/c3cp53570c,Energetic behavior of the pure silica ITQ-12 (ITW) zeolite under high pressure water intrusion,2013,,,"['long range order cannot', 'high hydraulic pressure corresponding', 'stored energy corresponding']"
2896,10.1039/c3cp54297a,Differences in Al distribution and acidic properties between RTH-type zeolites synthesized with OSDAs and without OSDAs,2014,,,"['resolution 27al mas nmr', 'organic structure directing agent', 'type zeolites using 1']"
2897,10.1039/c3cy00740e,Verifying the dominant catalytic cycle of the methanol-to-hydrocarbon conversion over SAPO-41,2014,,,"['large olefins partially existing', 'used catalysts upon loading', 'catalytically active hydrocarbon pool']"
2898,10.1039/c3dt00064h,Microwave-assisted synthesized SAPO-56 as a catalyst in the conversion of CO2 to cyclic carbonates,2013,,,"['synthesized via microwave heating', 'high co2 adsorption capacity', 'small crystal size']"
2899,10.1039/c3nj01601c,Morphology-controlled synthesis of large mordenite crystals,2014,,,
2900,10.1039/c3qi00088e,SU-79: a novel germanate with 3D 10- and 11-ring channels templated by a square-planar nickel complex,2014,,,"['synchrotron single crystal x', 'helical geo4 tetrahedral chains', 'space group determination']"
2901,10.1039/c3sc51892b,Ultra-fast framework stabilization of Ge-rich zeolites by low-temperature plasma treatment,2014,,,"['micropore space takes place', 'plasma reaction template removal', 'verify catalytic activity']"
2902,10.1039/c3ta01238g,One-pot synthesis of Fe-Beta zeolite by an organotemplate-free and seed-directed route,2013,,,"['nitrous oxide indicate', 'high surface area', 'uniform crystals']"
2903,10.1039/c3ta11971h,Characterization of layered silicate HUS-5 and formation of novel nanoporous silica through transformation of HUS-5 ion-exchanged with alkylammonium cations,2013,,,"['several bulky organic cations', 'unique adsorption space', 'novel nanoporous silica']"
2904,10.1039/c3ta12829f,Aminothermal synthesis of CHA-type SAPO molecular sieves and their catalytic performance in methanol to olefins (MTO) reaction,2013,,,"['highest value ever reported', 'detailed synthetic investigation shows', 'higher si concentration favours']"
2905,10.1039/c3ta14848c,Synthesis and characteristics of novel layered silicate HUS-7 using benzyltrimethylammonium hydroxide and its unique and selective phenol adsorption behavior,2014,,,"['synthesized using amorphous silica', 'four -, five -,', 'acetonitrile solution containing benzene']"
2906,10.1039/c4cc06319h,Organotemplate-free hydrothermal synthesis of an aluminophosphate molecular sieve with AEN zeotype topology and properties of its derivatives,2014,,,"['derivatives show ion conductivity', 'aluminophosphate molecular sieve', 'small 8']"
2907,10.1039/c4cc07947g,Organic-free synthesis of layer-like FAU-type zeolites,2015,,,"['simple inorganic salts turned', 'even structural changes', 'zeolite crystallisation']"
2908,10.1039/c4cc10317c,The first zeolite with a tri-directional extra-large 14-ring pore system derived using a phosphonium-based organic molecule,2015,,,"['synthesised sample containing impurities', 'organic structure directing agent', 'rotation electron diffraction']"
2909,10.1039/c4cc10351c,Charge density mismatch synthesis of MEI- and BPH-type zeolites in the TEA+–TMA+–Li+–Sr2+ mixed-structure-directing agent system,2015,,,"['two simplest alkylammonium species', 'charge density mismatch synthesis', 'multiple cooperative structure']"
2910,10.1039/c4ce02119c,Influence of alkali metal cations on the formation of zeolites under hydrothermal conditions with no organic structure directing agents,2015,,,"['several different zeolites form', 'organic structure directing agents', 'alkali metal cations play']"
2911,10.1039/c4cp00320a,The behaviour of an old catalyst revisited in a wet environment: Co ions in APO-5 split water under mild conditions,2014,,,"['activated microporous aluminophosphate co', 'water evolve molecular oxygen', 'dehydration cycles may']"
2912,10.1039/c4cp03409k,"Thermodynamic analysis of framework deformation in Na,Cs-RHO zeolite upon CO2 adsorption",2014,,,"['cesium containing rho zeolite', 'peculiar sorption pattern', 'partial cation rearrangement']"
2913,10.1039/c4cy00775a,Microwave-assisted synthesis of plate-like SAPO-34 nanocrystals with increased catalyst lifetime in the methanol-to-olefin reaction,2014,,,"['olefin reaction due', 'obtained using microwave', 'microwave oven exhibited']"
2914,10.1039/c4cy01594k,Post-synthesis incorporation of Al into germanosilicate ITH zeolites: the influence of treatment conditions on the acidic properties and catalytic behavior in tetrahydropyranylation,2015,,,"['framework al atoms detectable', 'bronsted acid sites formed', 'lewis acid sites']"
2915,10.1039/c4dt00165f,Swelling and pillaring of the layered precursor IPC-1P: tiny details determine everything,2014,,,
2916,10.1039/c4dt00262h,Topotactic condensation of layer silicates with ferrierite-type layers forming porous tectosilicates,2014,,,"['successful zeolite synthesis via', 'poorly ordered framework silicates', 'type silica zeolite rub']"
2917,10.1039/c4dt00352g,Synthesis and structural characterization of Al-containing interlayer-expanded-MWW zeolite with high catalytic performance,2014,,,"['27al mqmas nmr techniques', 'state 27al mas nmr', 'zeolitic layered precursor']"
2918,10.1039/c4dt00383g,Novel surfactant-free route to delaminated all-silica and titanosilicate zeolites derived from a layered borosilicate MWW precursor,2014,,,"['isolated framework coordination environment', 'calcined 3d zeolite counterpart', 'elemental analysis shows loss']"
2919,10.1039/c4dt00828f,"Structure-direction in the crystallization of ITW zeolites using 2-ethyl-1,3,4-trimethylimidazolium",2014,,,"['structural characterization allow us', 'largest imidazolium cation able', 'pure silica zeolite itw']"
2920,10.1039/c4dt03831b,Location of Ge and extra-framework species in the zeolite ITQ-24,2015,,,"['|[( c6h3 )( c7h10n2', 'three imidazolium moieties forming', 'powder charge flipping algorithm']"
2921,10.1039/c4nj00034j,Hierarchically porous AlPO-5-based microspheres as heterogeneous catalysts for the synthesis of 5-substituted 1H-tetrazoles via [3+2] cycloaddition,2014,,,"['5 microporous molecular sieve', 'superior cycling stability', 'polluting homogeneous catalysts']"
2922,10.1039/c4nr05295a,Highly fluorescent C-dots obtained by pyrolysis of quaternary ammonium ions trapped in all-silica ITQ-29 zeolite,2015,,,"['homogeneous phase may exhibit', 'another small pore zeolite', 'highly fluorescent zeolite containing']"
2923,10.1039/c4ra01383b,"IM-17: a new zeolitic material, synthesis and structure elucidation from electron diffraction ADT data and Rietveld analysis",2014,,,"['3d pore system made', 'organic structure directing agent', 'novel zeolitic topology']"
2924,10.1039/c4ra02678k,Temperature-controlled phase transfer hydrothermal synthesis of MWW zeolites,2014,,,"['aniline extracted hexamethyleneimine', 'promoting agent', 'organic phase']"
2925,10.1039/c4ra03376k,Low temperature synthesis of nanosized NaY zeolite crystals from organic-free gel by using supported seeds,2014,,,"['organic structure directing agents', 'sem observations also revealed', 'present study effectively addresses']"
2926,10.1039/c4ra05519e,Energetic performances of pure silica STF and MTT-type zeolites under high pressure water intrusion,2014,,,"['two pure silica mtt', 'cage pore systems', '3 j g']"
2927,10.1039/c4ra11434e,"Synthesis, characterization and application of MCM-22 zeolites via a conventional HMI route and temperature-controlled phase transfer hydrothermal synthesis",2015,,,"['possesses nearly identical properties', 'synthesized via temperature', 'thermal behavior']"
2928,10.1039/c4ra14295k,Synthesis of hierarchical beta zeolite by using a bifunctional cationic polymer and the improved catalytic performance,2015,,,"['micropore channels gradually evolved', 'large external surface areas', 'final product without decomposition']"
2929,10.1039/c4ra16583g,Microwave synthesis of LTN framework zeolite with no organic structure directing agents,2015,,,"['new microwave synthesis method', 'linde type n zeolite', 'lta framework without osdas']"
2930,10.1039/c4sc02577f,ITQ-54: a multi-dimensional extra-large pore zeolite with 20 × 14 × 12-ring channels,2015,,,"['refined using powder x', 'heavy liquid separation method', 'atoms per 1000 a3']"
2931,10.1039/c4sc03935a,"CIT-7, a crystalline, molecular sieve with pores bounded by 8 and 10-membered rings",2015,,,"['new crystalline molecular sieve', 'ray powder diffraction data', 'sized cavities (~ 7']"
2932,10.1039/c4ta01692k,One-step dual template synthesis of hybrid lamellar-bulk MFI zeolite,2014,,,"['step dual template strategy', 'tunable meso -/ micro', 'form hybrid zeolite particles']"
2933,10.1039/c4ta01948b,Bulk crystal seeding in the generation of mesopores by organosilane surfactants in zeolite synthesis,2014,,,"['resolution transmission electron microscopy', 'conventionally synthesized using na', 'synthesis result indicated']"
2934,10.1039/c4ta05031b,"Direct, single-step synthesis of hierarchical zeolites without secondary templating",2015,,,"['spherical particles primarily composed', '50 nm mfi nanocrystals', '25 nm diffusion length']"
2935,10.1039/c4ta05119j,"Incorporation of tin affects crystallization, morphology, and crystal composition of Sn-Beta",2014,,,"['reach full crystallinity', 'obtaining full crystallinity', 'methyl lactate close']"
2936,10.1039/c4ta05621c,"Synthesis of high-silica AEI zeolites with enhanced thermal stability by hydrothermal conversion of FAU zeolites, and their activity in the selective catalytic reduction of NOx with NH3",2015,,,
2937,10.1039/c4tb00407h,Microwave-assisted synthesis of Gd(III)-loaded nanozeolite SOD as MRI contrast agent with remarkable stability in vivo,2014,,,"['also provides new insight', '30 +- 2 nm', 'nanozeolite pay major contribution']"
2938,10.1039/c5cc03200h,Efficient synthesis of the Cu-SSZ-39 catalyst for DeNOx applications,2015,,,"['simple ammonium cyclic cations', 'potential industrial applications', 'sole si']"
2939,10.1039/c5cc03904e,The recyclable synthesis of hierarchical zeolite SAPO-34 with excellent MTO catalytic performance,2015,,,"['excellent mto catalytic performance', 'obtained hierarchical sapo', 'initially prepared catalysts']"
2940,10.1039/c5ce00731c,Structure analysis of a BEC-type germanosilicate zeolite including the location of the flexible organic cations in the channels,2015,,,"['two dimensions along', 'channels running parallel', 'analysing synchrotron x']"
2941,10.1039/c5ce01394a,Formation mechanism of three-membered ring containing microporous zincosilicate RUB-17,2015,,,"['unit preferentially formed', 'ray diffraction analysis', 'experimental data revealed']"
2942,10.1039/c5ce01702e,Cationic surfactant-assisted hydrothermal synthesis: an effective way to tune the crystalline phase and morphology of SAPO molecular sieves,2015,,,
2943,10.1039/c5ce01973g,Ionothermal synthesis of FeAPO-5 in the presence of phosphorous acid,2016,,,"['cl polar ionic liquid', 'phase transformation approach', 'microporous materials via']"
2944,10.1039/c5ce02312b,Facile preparation of extra-large pore zeolite ITQ-37 based on supramolecular assemblies as structure-directing agents,2016,,,"['rigid achiral organic structure', 'much diluted tmbi solution', 'higher reaction temperature favor']"
2945,10.1039/c5cp00191a,Nanoparticles of CoAPO-5: synthesis and comparison with microcrystalline samples,2015,,,"['coordinate either co molecules', 'two new features', 'trigonal coordination occur']"
2946,10.1039/c5cp00834d,The effect of structure directing agents on the ordering of fluoride ions in pure silica MFI zeolites,2015,,,"['pure silica mfi zeolites', 'suggested based upon', 'structure directing agents']"
2947,10.1039/c5cy00145e,The influences of Al species and Ti species on the catalytic epoxidation over Si/Ti-pillared MCM-36 synthesized from MCM-22,2015,,,"['greatly expel al species', 'coordinated state ti species', 'ti catalyzed cyclohexene epoxidation']"
2948,10.1039/c5cy01938a,Substituting effect of Ce3+ on the AlPO-11 molecular sieve,2016,,,"['higher interface energy resulted', 'fluid catalytic cracking catalyst', 'cerium – oxygen tetrahedron']"
2949,10.1039/c5cy02074c,Framework-substituted cerium MCM-22 zeolite and its interlayer expanded derivative MWW-IEZ,2016,,,"['interlayer expanded form mcm', 'solid silica sources', 'indicates fundamental differences']"
2950,10.1039/c5cy02103k,"Small-pore molecular sieves SAPO-57 and SAPO-59: synthesis, characterization, and catalytic properties in methanol-to-olefins conversion",2016,,,
2951,10.1039/c5cy02140e,Methanol-to-olefins process over zeolite catalysts with DDR topology: effect of composition and structural defects on catalytic performance,2016,,,"['water show low reactivity', 'three times higher throughput', 'propylene reaching 90 %.']"
2952,10.1039/c5cy02208h,Design of an MWW zeolite catalyst for linear alkylbenzene synthesis with improved catalytic stability,2016,,,"['optimum preparation protocol could', 'similar lab isomer selectivity', 'lower lab product selectivity']"
2953,10.1039/c5cy02298c,Improving the catalytic performance of SAPO-18 for the methanol-to-olefins (MTO) reaction by controlling the Si distribution and crystal size,2016,,,"['sem ), n2 adsorption', 'ammonia temperature programmed desorption', 'two organic molecules selected']"
2954,10.1039/c5nj01203a,Synthesis of Al-MTW with low Si/Al ratios by combining organic and inorganic structure directing agents,2016,,,"['situ infrared pyridine adsorption', 'achieving higher catalytic activities', 'related large pore zeolites']"
2955,10.1039/c5nj02351c,SAPO-34 templated by dipropylamine and diisopropylamine: synthesis and catalytic performance in the methanol to olefin (MTO) reaction,2016,,,
2956,10.1039/c5nj02897c,Synthesis and structural characterization of Zn-containing DAF-1,2016,,,"['ionic liquid reactions based', '31p mas nmr techniques', 'molecular sieve synthesis']"
2957,10.1039/c5nj03006d,Highly efficient synthesis of LTA-type aluminophosphate molecular sieve by improved ionothermal method,2016,,,
2958,10.1039/c5nj03094c,"Synthesis of an IWW-type germanosilicate zeolite using 5-azonia-spiro[4,4]nonane as a structure directing agent",2016,,,"['acid leaching using 6', 'structure directing agent', 'otherwise identical synthesis']"
2959,10.1039/c5nj03310a,"Embryonic ZSM-5 zeolites: zeolitic materials with superior catalytic activity in 1,3,5-triisopropylbenzene dealkylation",2016,,,"['superior catalytic performances', 'pore sizes close', 'partially formed structure']"
2960,10.1039/c5qi00283d,"A new methylviologen-templated zinc gallophosphate zeolite with photo-/thermochromism, fluorescent and photoelectric properties",2016,,,"['new zinc gallophosphate zeolite', 'ring channels running along', 'new efficient electron']"
2961,10.1039/c5ra09561a,F-assisted synthesis of a hierarchical ZSM-5 zeolite for methanol to propylene reaction: a b-oriented thinner dimensional morphology,2015,,,"['highly effective catalytic performance', '5 shows higher selectivity', 'enhanced performance could']"
2962,10.1039/c5ra09942k,Germanosilicate zeolite ITQ-44 with extra-large 18-rings synthesized using a commercial quaternary ammonium as a structure-directing agent,2015,,,"['produces lewis acid sites', '1 cations could lead', 'large pore germanosilicate zeolites']"
2963,10.1039/c5ra13760h,Microwave synthesis of high-flux NaY zeolite membranes in fluoride media,2015,,,"['m2 h )- 1', 'thus increased membrane flux', 'nay zeolite membrane prepared']"
2964,10.1039/c5ra22194c,A new magnesium-containing aluminophosphate with a zeolite-like structure,2016,,,"['hydrothermally synthesized using piperazine', 'diprotonated piperazine cations', 'c4h12n2 |[ mg2al6']"
2965,10.1039/c5sc01912e,One-pot synthesis of MWW zeolite nanosheets using a rationally designed organic structure-directing agent,2015,,,"['rationally designed organic structure', 'detectable amorphous silica phases', 'delaminated mww zeolite nanosheets']"
2966,10.1039/c5sc02325d,"Synthesis of the RTH-type layer: the first small-pore, two dimensional layered zeolite precursor",2015,,,"['dimensional zeolite building layers', 'larger pores perpendicular', 'different stacking arrangements']"
2967,10.1039/c5ta01260k,Improved AlPO-18 membranes for light gas separation,2015,,,"['cost symmetric alumina supports', '2 mpa pressure drop', '18 membrane showed smaller']"
2968,10.1039/c5ta02354h,"High-silica, heulandite-type zeolites prepared by direct synthesis and topotactic condensation",2015,,,
2969,10.1039/c5ta03559g,Unseeded hydroxide-mediated synthesis and CO2 adsorption properties of an aluminosilicate zeolite with the RTH topology,2015,,,
2970,10.1039/c5ta05350a,Synthesis and catalytic properties of ZSM-5 zeolite with hierarchical pores prepared in the presence of n-hexyltrimethylammonium bromide,2015,,,"['cooperative assembly mechanism accounting', 'dimensional hierarchical pore network', 'claisen – schmidt condensation']"
2971,10.1039/c5ta10283a,Design and control of Lewis acid sites in Sn-substituted microporous architectures,2016,,,"['thereby affording attractive possibilities', 'ir spectroscopy using cd3cn', 'probed using dft calculations']"
2972,10.1039/c6cc06786g,Hydrothermal synthesis of high silica zeolite Y using tetraethylammonium hydroxide as a structure-directing agent,2016,,,"['high silica zeolite', 'tetraethylammonium hydroxide', 'successfully synthesized']"
2973,10.1039/c6cp00971a,An INS study of entrapped organic cations within the micropores of zeolite RTH,2016,,,"['two different organic cations', 'certain related bending modes', 'structure directing agents']"
2974,10.1039/c6cp01950a,Structural analysis of IPC zeolites and related materials using positron annihilation spectroscopy and high-resolution argon adsorption,2016,,,"['positron annihilation lifetime spectroscopy', 'mesoscale pillars etc .)', 'samples incorporating mesoscale pillars']"
2975,10.1039/c6cp08143f,,2017,,,
2976,10.1039/c6cy00231e,Fe-doped Beta zeolite from organotemplate-free synthesis for NH3-SCR of NOx,2016,,,"['exhibits much higher activity', 'therefore better hydrothermal stability', '150 degc shows']"
2977,10.1039/c6cy00433d,Synthesis of nano-SSZ-13 and its application in the reaction of methanol to olefins,2016,,,"['synthesis precursor solution', 'pot synthesis procedure', 'much longer lifetime']"
2978,10.1039/c6cy01461e,A low-temperature approach to synthesize low-silica SAPO-34 nanocrystals and their application in the methanol-to-olefins (MTO) reaction,2016,,,"['solid state mas nmr', 'insufficient bronsted acid sites', 'ethylene plus propylene could']"
2979,10.1039/c6cy01695b,Hydroisomerization of hexadecane over platinum supported on EU-1/ZSM-48 intergrowth zeolite catalysts,2016,,,"['pyridine adsorption infrared spectroscopy', '48 even though eu', 'scanning electron microscopy']"
2980,10.1039/c6cy02307j,Consequences of secondary zeolite growth on catalytic performance in DMTO studied over DDR and CHA,2017,,,"['ir spectroscopy clearly demonstrates', 'despite smaller crystal sizes', 'significantly reduced synthesis time']"
2981,10.1039/c6cy02555b,Effect of the hydrothermal aging temperature and Cu/Al ratio on the hydrothermal stability of CuSSZ-13 catalysts for NH3-SCR,2017,,,"['agglomerated cuxo also occurred', 'cuxo species might destroy', 'increasing hydrothermal aging temperature']"
2982,10.1039/c6cy02564a,Insights into the catalytic cycle and activity of methanol-to-olefin conversion over low-silica AlPO-34 zeolites with controllable Brønsted acid density,2017,,,
2983,10.1039/c6dt00424e,Synthesis of polymorph A-enriched beta zeolites in a HF-concentrated system,2016,,,"['employing high hf concentrations', 'high hf concentration', 'conventional fluoride route']"
2984,10.1039/c6dt00713a,Structure and properties of ITQ-8: a hydrous layer silicate with microporous silicate layers,2016,,,"['interlayer expansion reactions leading', 'cabanas et al .,', 'chemical characterization using solid']"
2985,10.1039/c6dt00734a,"Microporous aluminophosphates synthesized with 1,2,3-trimethylimidazolium and fluoride",2016,,,"['microporous aluminophosphates using 1', '19f mas nmr spectroscopy', 'fluoride produces three phases']"
2986,10.1039/c6dt02939f,"Synthesis, crystal structure and characterization of novel open framework CHA-type aluminophosphate involving a chiral diamine",2016,,,"['g ., powder x', 'approximately 700 m3 g', 'organic structure directing agent']"
2987,10.1039/c6dt04688f,"Synthesis and characterization of germanosilicate molecular sieves: GeO2/SiO2 ratio, H2O/TO2 ratio and temperature",2017,,,"['pure germanate molecular sieves', 'unit cell parameters', 'two new materials']"
2988,10.1039/c6nj00394j,Accelerated synthesis of Sn-BEA in fluoride media: effect of H2O content in the gel,2016,,,"['important industrially relevant reactions', 'promising heterogeneous catalysts', 'mas nmr spectroscopy']"
2989,10.1039/c6nj00444j,Study of the performance of imidazolium-derived cations as structure directing agents in the synthesis of zeolites in fluoride media,2016,,,"['three imidazolium cations based', 'three cations showed', 'pure silica zeolites']"
2990,10.1039/c6nj03538h,Synthesis of MFI type ferrisilicate zeolite (Fe-MFI) nanocrystals by a dry gel conversion (DGC) method and their application to methanol to olefin (MTO) reactions,2017,,,"['mfi type aluminosilicate zeolites', 'tetrapropylammonium hydroxide ).', 'longer catalyst lifetime']"
2991,10.1039/c6qi00262e,Accurate structure determination of a borosilicate zeolite EMM-26 with two-dimensional 10 × 10 ring channels using rotation electron diffraction,2016,,,"['intersecting 10 x 10', 'synchrotron powder diffraction data', 'framework generating permanent pores']"
2992,10.1039/c6ra08211d,Organic template-free synthesis of zeolite mordenite nanocrystals through exotic seed-assisted conversion,2016,,,"['directly synthesizing zeolite mordenite', 'added zeolite bea seeds', 'specific structured crystals']"
2993,10.1039/c6ra08884h,"Methanol conversion on ZSM-22, ZSM-35 and ZSM-5 zeolites: effects of 10-membered ring zeolite structures on methylcyclopentenyl cations and dual cycle mechanism",2016,,,"['key active species involved', 'confined organic species showed', 'retained organic species generated']"
2994,10.1039/c6ra24303g,Study on the synthesis of MFI and FER in the presence of n-butylamine and the property of n-butylamine in a confined region of zeolites,2016,,,"['xrd ), infrared spectra', 'ir ), raman spectra', 'dta ), elemental analysis']"
2995,10.1039/c6ra25080g,Synthesis of SAPO-18/34 intergrowth zeolites and their enhanced stability for dimethyl ether to olefins,2017,,,"['light olefins showed', 'weakest acidity exhibited', 'catalytic tests showed']"
2996,10.1039/c6ra27129d,Organic template-free synthesis of zeolite Y nanoparticle assemblies and their application in the catalysis of the Ritter reaction,2017,,,"['xrd ), infrared spectroscopy', 'investigated via powder x', 'highly crystalline particle assemblies']"
2997,10.1039/c6sc00085a,Carbogenic nanodots derived from organo-templated zeolites with modulated full-color luminescence,2016,,,"['fluorescence emission wavelength across', 'templated zeolite precursor', 'organic templates confined']"
2998,10.1039/c6sc02092e,Solid solution of a zeolite and a framework-bound OSDA-containing molecular sieve,2016,,,"['ir spectroscopies clearly shows', 'tem elemental mapping reveals', 'uniformly distributed throughout']"
2999,10.1039/c7cc03166a,Ultrafast synthesis of high-silica erionite zeolites with improved hydrothermal stability,2017,,,"['called charge density mismatch', 'conventionally synthesised via', 'conventionally synthesised product']"
3000,10.1039/c7cc03403b,The tailored synthesis of nanosized SAPO-34 via time-controlled silicon release enabled by an organosilane precursor,2017,,,"['industrially relevant conditions', 'obtained nanosized sapo', 'significantly slow']"
3001,10.1039/c7ce00364a,Crystallization mechanism and catalytic performance of TS-1 synthesized by an aerosol-assisted method,2017,,,"['without adding extra water', 'crystallization system maintained', 'ray fluorescence spectrometry']"
3002,10.1039/c7ce01129f,Synthesis of new cobalt aluminophosphate framework by opening a cobalt methylphosphonate layered material,2017,,,"['structure directing unit favoring', 'single crystal x', 'g .: p21']"
3003,10.1039/c7cy01153a,Development of AEI type germanoaluminophosphate (GeAPO-18) with ultra-weak acid sites and its catalytic properties for the methanol to olefin (MTO) reaction,2017,,,"['weaker bronsted acid sites', 'dry gel conversion method', 'sophisticated solid acid catalysts']"
3004,10.1039/c7cy01269a,Synthesis and activation for catalysis of Fe-SAPO-34 prepared using iron polyamine complexes as structure directing agents,2017,,,"['synthesis aqueous cation exchange', 'also show appreciable activity', 'characteristic visible absorption band']"
3005,10.1039/c7dt00640c,Synthesis of two titanosilicates with distinct interlayer connections from similar gels,2017,,,"['similar synthetic gels free', 'vertically misaligned mww layers', 'phase alkene epoxidation']"
3006,10.1039/c7dt01087g,Direct synthesis of hydrothermally stable Ge-IWR zeolites,2017,,,"['simple quaternary ammonium cation', 'germanosilicate zeolites greatly retards', 'experimental data unambiguously proves']"
3007,10.1039/c7dt01643c,Synthesis and characterization of two layered aluminophosphates [R-C8H12N]8[H2O]2·[Al8P12O48H4] and [S-C8H12N]8[H2O]2·[Al8P12O48H4] with a mirror symmetric feature and their proton conductivity,2017,,,"['ray diffraction analysis reveals', '4 x 6 network', 'cj72 regarding proton conductivity']"
3008,10.1039/c7dt02001e,Organic-free synthesis of zincoaluminosilicate zeolites from homogeneous gels prepared by a co-precipitation method,2017,,,"['homogeneous zincoaluminosilicate gels prepared', 'high zn contents comparable', 'obtained zincoaluminosilicate zeolites showed']"
3009,10.1039/c7dt03420b,Facile synthesis of ECNU-20 (IWR) hollow sphere zeolite composed of aggregated nanosheets,2017,,,
3010,10.1039/c7dt03709k,"A gel aging effect in the synthesis of open-framework gallium phosphates: structure solution and solid-state NMR of a large-pore, open-framework material",2017,,,
3011,10.1039/c7dt03751a,Insight into the ADOR zeolite-to-zeolite transformation: the UOV case,2018,,,"['parent material possessing si', 'layer reassembly followed using', 'low ph (<- 1']"
3012,10.1039/c7nj02200j,Formation domain of SDA-free Y faujasite small crystals,2017,,,"['starting gel composition compared', 'ternary phase diagram', 'faujasite small crystals']"
3013,10.1039/c7nj03470a,Heterogeneous lyophobic systems based on pure silica ITH-type zeolites: high pressure intrusion of water and electrolyte solutions,2017,,,"['latter system could absorb', 'highest ever reported', '8 j g']"
3014,10.1039/c7ra02864d,Effect of pyrazolium-derived compounds as templates in zeolite synthesis,2017,,,
3015,10.1039/c7ra04777k,Designing ferrierite-based catalysts with improved properties for skeletal isomerization of n-butene to isobutene,2017,,,"['pore mouth acid sites', 'pore mouth acid', 'using tetramethylammonium hydroxide']"
3016,10.1039/c7re00138j,Epoxidation of 1-octene under harsh tail-end conditions in a flow reactor II: impact of delaminated-zeolite catalyst surface area and structural integrity on catalytic performance,2017,,,"['highest external surface area', 'pxrd ), nitrogen physisorption', 'values predicted based']"
3017,10.1039/c7sc02858j,Simple organic structure directing agents for synthesizing nanocrystalline zeolites,2017,,,"['particle sizes (~ 10', 'cationic cyclic ammonium cations', 'cases improved catalytic activity']"
3018,10.1039/c7ta02344h,Microwave heating and the fast ADOR process for preparing zeolites,2017,,,"['quickly disassemble zeolites iww', 'microwave assisted ador process', 'results show']"
3019,10.1039/c7ta04988a,"Thermally stable nanosized LEV zeolites synthesized by hydrothermal conversion of FAU zeolites in the presence of N,N-dimethylpiperidinium cations",2017,,,"['protonated nanosized lev zeolites', 'nanosized lev zeolites showed', 'nanosized lev zeolites maintained']"
3020,10.1039/c7ta05935c,Consecutive interlayer disassembly–reassembly during alumination of UOV zeolites: insight into the mechanism,2017,,,"['parent uov germanosilicates determine', 'partial disassembly followed', 'lewis acid sites']"
3021,10.1039/c7ta09248b,Pressure-induced chemistry for the 2D to 3D transformation of zeolites,2018,,,"['unconventional synthesis strategy based', '2d zeolite precursor ipc', 'type multianvil apparatus']"
3022,10.1039/c7ta10002g,Synthesis of STW zeolites using imidazolium-based dications of varying length,2018,,,"['tetramethylene chain could afford', 'quantum mechanics calculations show', 'exploratory study strongly suggests']"
3023,10.1039/c8cc05356a,Nanosized MCM-22 zeolite using simple non-surfactant organic growth modifiers: synthesis and catalytic applications,2018,,,
3024,10.1039/c8cc05952g,Silicoaluminophosphate-11 (SAPO-11) Molecular Sieve Synthesized by a Grinding Synthesis Method,2018,,,
3025,10.1039/c8cc08196d,A simple matrine derivative for the facile syntheses of mesoporous zeolites ITQ-37 and ITQ-43,2019,,,"['43 possessing mesoporous structures', 'derived organic structure', 'aroused great interest']"
3026,10.1039/c8cc08411d,A brand new zeolite catalyst for carbonylation reaction,2019,,,"['shows excellent catalytic performance', 'solid catalyst family', 'produce methyl acetate']"
3027,10.1039/c8cy01947a,A facile organosilane-based strategy for direct synthesis of thin MWW-type titanosilicate with high catalytic oxidation performance,2018,,,"['15 +- 5 nm', 'still highly required', 'framework tio4 species']"
3028,10.1039/c8cy02621a,Verifying the olefin formation mechanism of the methanol-to-hydrocarbons reaction over H-ZSM-48,2019,,,"['methylbenzenes occurs mainly inside', 'shed new light', 'isotope labelling experiments']"
3029,10.1039/c8dt01127c,Synthesis of pure silica MFI zeolites using imidazolium-based long dications. A comparative study of structure-directing effects derived from a further spacer length increase,2018,,,"['whereas dilution always tends', 'tri -, penta -,', 'relative intensities strongly vary']"
3030,10.1039/c8dt01391h,Increasing the ion-exchange capacity of MFI zeolites by introducing Zn to aluminosilicate frameworks,2018,,,"['several important catalytic reactions', 'framework zinc oxide species', 'high zn contents comparable']"
3031,10.1039/c8qi00576a,Synthesis and structure of a CDO zeolite precursor with a high Al content,2018,,,
3032,10.1039/c8qi00672e,Hydrothermal synthesis of Sn-Beta zeolites in F−-free medium,2018,,,"['silica beta seeds proved', 'sda molecules via calcination', 'obtain highly crystalline sn']"
3033,10.1039/c8qi00732b,Zeolite framework functionalisation by tuneable incorporation of various metals into the IPC-2 zeolite,2018,,,"['xrd ), ar adsorption', 'zeolite framework creates opportunities', '8 h reaction ).']"
3034,10.1039/c8qi01250d,Conversion of magadiite to pure-silica-Nu-1 and an insight into the changes in its medium-range structure during crystallization,2019,,,
3035,10.1039/c8ra04858d,"Synthesis, characterization and n-hexane hydroisomerization performances of Pt supported on alkali treated ZSM-22 and ZSM-48",2018,,,"['fourier transform infrared spectroscopy', 'tem ), n2 adsorption', 'naoh treatment could improve']"
3036,10.1039/c8ra09347d,The synthesis of hierarchical high-silica beta zeolites in NaF media,2019,,,"['less internal defect sites', 'good al species distribution', 'synthesizing hierarchical beta zeolites']"
3037,10.1039/c8sc02581a,Conformation of intrazeolitic choline ions and the framework topology of zeolite hosts,2018,,,
3038,10.1039/c8ta01734d,Efficient synthesis of aluminosilicate RTH zeolite with good catalytic performances in NH3-SCR and MTO reactions,2018,,,
3039,10.1039/c8ta03879a,The Si–Ge substitutional series in the chiral STW zeolite structure type,2018,,,"['unit cell generally expands', 'calculated free energy curve', 'closed ge clusters ).']"
3040,10.1039/c8ta07171c,"An efficient, rapid, and non-centrifugation synthesis of nanosized zeolites by accelerating the nucleation rate",2018,,,"['much longer catalyst lifetime', 'decrease zeolite crystal sizes', 'nanosized zeolites like mfi']"
3041,10.1039/c8ta07501h,Facile synthesis of graphene nanoribbons from zeolite-templated ultra-small carbon nanotubes for lithium ion storage,2018,,,"['attracting considerable attention due', 'attained full success owing', 'show high performance']"
3042,10.1039/c8ta07879c,Organic promoter-driven fast synthesis of zeolite beta and its acceleration mechanism,2018,,,"['relatively long crystallization time', 'effective pentacyclic lactam n', 'pentacyclic lactam induces']"
3043,10.1039/c8ta09420a,Synthesis and catalytic application of FER zeolites with controllable size,2019,,,"['less diffusion limitation due', 'larger external surface area', 'novel synthesis strategy provides']"
3044,10.1039/c8ta09826c,A new layered MWW zeolite synthesized with the bifunctional surfactant template and the updated classification of layered zeolite forms obtained by direct synthesis,2019,,,"['indicates weak interlayer connection', 'containing adamantyl head group', 'special sda molecules lining']"
3045,10.1039/c9cp05423e,Defining aluminum-zoning during synthesis of ZSM-5 zeolites,2020,,,"['gradual aluminum migration toward', 'inhomogeneous aluminum distribution within', 'work provides advances']"
3046,10.1039/c9cy00240e,Understanding the mechanism of low temperature deactivation of Cu/SAPO-34 exposed to various amounts of water vapor in the NH3-SCR reaction,2019,,,"['state magic angle spinning', 'low temperature hydrothermal stability', 'water vapor exposure time']"
3047,10.1039/c9cy00948e,Correlated super-resolution fluorescence and electron microscopy reveals the catalytically active nanorods within individual H-ZSM-22 zeolite particles,2019,,,"['research provides direct evidence', 'indirect bulk scale experiments', 'catalytically active internal al']"
3048,10.1039/c9cy01068h,Synthesis of ZSM-23 (MTT) zeolites with different crystal morphology and intergrowths: effects on the catalytic performance in the conversion of methanol to hydrocarbons,2019,,,"['aromatics (< 3 %)', 'preferential crystal growth along', 'stacking fault defects']"
3049,10.1039/c9dt02945a,Solid-state transformation of TMA-magadiite into zeolite omega and detailed insights into the crystallization process,2019,,,"['waste mother liquid produced', 'special composition building units', 'solid mas nmr analyses']"
3050,10.1039/c9dt04089g,Synthesis of a germanosilicate zeolite HPM-12 using a short imidazolium-based dication: structure-direction by charge-to-charge distance matching,2019,,,"['13c mas nmr spectrum', 'short imidazolium based dication', '13c nmr spectroscopy']"
3051,10.1039/c9qi00115h,Mesoporogen-free synthesis of nanosized hierarchical ITQ-21 zeolites,2019,,,"['concentrated gel system free', 'using quaternary ammonium n', 'prepared nanosized hierarchical al']"
3052,10.1039/c9qi00324j,Stellerite-seeded facile synthesis of zeolite heulandite with exceptional aqueous Cd2+ capture performance,2019,,,"['harmful ion removal due', 'higher cation exchange capacity', 'reported synthesis methods']"
3053,10.1039/c9qi00433e,Impact of the Zn source on the RSN-type zeolite formation,2019,,,"['relatively long time needed', 'structure directing role besides', 'structure directing effect']"
3054,10.1039/c9qi00971j,Synthesis of zeolite SSZ-24 using a catalytic amount of SSZ-13 seeds,2019,,,"['readily obtained even though', 'stabilizes structural elements', 'present study deals']"
3055,10.1039/c9ra02787d,Ultrafast synthesis of AFX-Type zeolite with enhanced activity in the selective catalytic reduction of NOx and hydrothermal stability,2019,,,"['rapid crystal growth induced', 'analyzed using sophisticated physio', 'high synthesis temperature bestowed']"
3056,10.1039/c9ra03213d,Synthesis of hierarchical ZSM-12 nanolayers for levulinic acid esterification with ethanol to ethyl levulinate,2019,,,"['enhancing external surface areas', 'different hierarchical porous systems', 'example reported herein demonstrates']"
3057,10.1039/c9ra09273k,The synthesis of nano-sized TS-1 zeolites under rotational crystallisation conditions can inhibit anatase formation,2020,,,"['sem ), n2', 'little anatase tio2', 'characterised utilising x']"
3058,10.1039/c9ra10825d,Revisiting the seed-assisted synthesis of zeolites without organic structure-directing agents: insights from the CHA case,2020,,,"['common composite building unit', 'less crystalline cha zeolite', 'cha zeolite synthesized via']"
3059,10.1039/c9re00231f,Deleterious effects of non-framework Al species on the catalytic performance of ZSM-5 crystals synthesized at low temperature,2019,,,"['synthesis mild acid treatment', '5 catalysts prepared herein', '5 among zeolite catalysts']"
3060,10.1039/c9sc02477h,Conceptual similarities between zeolites and artificial enzymes,2019,,,"['organic structure directing agent', 'ts shows conceptual similarities', 'pure silica zeolite acting']"
3061,10.1039/c9se00771g,The synergetic effect of acid and nickel sites on bifunctional MWW zeolite catalysts for ethylene oligomerization and aromatization,2019,,,"['synergetic effect impact relating', 'obviously positive effect', 'measured via xrd']"
3062,10.1039/c9ta01233h,Highly permeable and oriented AlPO-18 membranes prepared using directly synthesized nanosheets for CO2/CH4 separation,2019,,,"['tubular asymmetric alumina supports', '2 mpa pressure drop', '002 )- oriented one']"
3063,10.1039/c9ta01693g,Direct synthesis of hollow single-crystalline zeolite beta using a small organic lactam as a recyclable hollow-directing agent,2019,,,"['unique formation mechanism involving', 'tea +) cations locating', 'currently available synthetic strategies']"
3064,10.1039/cc9960000601,"The synthesis and structure solution of UiO-7, a new molecular sieve",1996,,,
3065,10.1039/cc9960002365,Spontaneous nucleation and growth of pure silica zeolite-β free of connectivity defects,1996,,,
3066,10.1039/cc9960002367,Unseeded synthesis of Al-free Ti-β zeolite in fluoride medium: a hydrophobic selective oxidation catalyst,1996,,,
3067,10.1039/d0cy00989j,Excellent performance of one-pot synthesized Fe-containing MCM-22 zeolites for the selective catalytic reduction of NOx with NH3,2020,,,"['incipient wetness impregnation method', 'm22 shows comparable activity', 'pot synthesis method']"
3068,10.1039/d0cy01662d,Solvent-free ketalization of polyols over germanosilicate zeolites: the role of the nature and strength of acid sites,2020,,,"['thus indicating diffusion limitations', 'achieved within 3 h', 'room temperature (> 99']"
3069,10.1039/d0dt01013h,High-quality synthesis of a nanosized CHA zeolite by a combination of a starting FAU zeolite and aluminum sources,2020,,,"['analytic experiments using electrospray', 'introduced cha seeds provide', 'exhibited high product crystallinity']"
3070,10.1039/d0dt01834a,Synthesis of large-pore zeolites from chiral structure-directing agents with two L-prolinol units,2020,,,"['two enantiomorphic space groups', 'amorphous materials unless ge', 'zeolite beta samples obtained']"
3071,10.1039/d0dt02449j,Synthesis and characterization of a layered aluminosilicate NUD-11 and its transformation to a 3D stable zeolite,2020,,,"['various industrial fields due', 'large specific surface area', 'discovering new zeolite structures']"
3072,10.1039/d0na00664e,A zeolite-based ship-in-a-bottle route to ultrasmall carbon dots for live cell labeling and bioimaging,2020,,,"['cqd surface containing n', 'ultrasmall fluorescent cqds show', 'fluorescent carbon quantum dots']"
3073,10.1039/d0nj01550d,Facile synthesis of SAPO-34 with excellent methanol-to-olefin activity in a short time via a conventional hydrothermal method,2020,,,"['higher si /( si', 'higher light olefin selectivity', 'facile synthesis procedure may']"
3074,10.1039/d0nj05190j,Study of CA-treated ZSM-22 zeolite with enhanced catalytic performance in the hydroisomerization of long-chain n-dodecane,2021,,,"['skeletal rearrangement rate', 'similar catalytic activity', 'next b acid']"
3075,10.1039/d0re00219d,Ultrafast and continuous-flow synthesis of AFX zeolite via interzeolite conversion of FAU zeolite,2021,,,"['thereby significantly enhancing', 'selective catalytic reduction', 'secondary nucleation occurred']"
3076,10.1039/d0ta08107h,N-Methyl-2-pyrrolidone-promoted crystallization of MEL zeolite and its acceleration mechanism,2020,,,"['apparent nucleation activation energy', 'wide application prospects', 'important microporous material']"
3077,10.1039/ft9938904141,"Synthesis, characterization, thermal stability, acidity and catalytic properties of large-pore MAPO-46",1993,,,
3078,10.1039/ft9959101163,Acidity of aluminophosphate structures. Part 2.—Incorporation of cobalt into CHA and AFI by microwave synthesis,1995,,,"['xrd ), ir spectroscopy', 'prepared using cyclohexylamine', 'microwave power system']"
3079,10.1039/ft9969203453,Interaction of alkenes with CoAPO molecular sieves,1996,,,
3080,10.1039/ft9969203661,Generation of ion-exchange capacity by silicon incorporation into the aluminophosphate VPI-5/AIPO4-8 molecular sieve system,1996,,,
3081,10.1073/pnas.1003009107,,2010,,,
3082,10.1073/pnas.1220733110,,2013,,,
3083,10.1080/01411594.2014.973878,,2015,,,
3084,10.1088/2053-1591/aa893f,"Zeolites synthesis using 1,6-diaminohexane as a structure directing agent",2017,,,"['hydrothermal method using 1', 'mor structure ), zsm', 'structure directing agent']"
3085,10.1088/2053-1591/aaaac2,Adsorption of gentian violet dyes in aqueous solution on microporous AlPOs molecular sieves synthesized by ionothermal method,2018,,,"['sem ), infrared spectroscopy', 'ftir ), thermal analysis', 'adsorption isotherm data follow']"
3086,10.1098/rsta.2015.0075,,,,,
3087,10.1107/s0021889888002092,The ab initio structure determination of Sigma‐2 (a new clathrasil phase) from synchrotron powder diffraction data,1988,,,
3088,10.1107/s0021889893002006,The structure of zeolite ZSM‐23 (MTT) refined from synchrotron X‐ray powder data,1993,,,
3089,10.1107/s0108270185004486,"The structure of trialuminium tris(orthophosphate) hydrate, AlPO4‐21, with clathrated ethylenediamine, Al3(PO4)3.C2H8N2.H2O, and pyrrolidine, Al3(PO4)3.C4H9N.H2O",1985,,,
3090,10.1107/s010827018500912x,Structure of an aluminosilicophosphate,1985,,,
3091,10.1107/s0108270186094970,Preparation and structure of a gallium phosphate framework enclosing isopropylamine: GaPO4‐14,1986,,,
3092,10.1107/s0108270186096476,"Microporous aluminophosphate number 17 with encapsulated piperidine, topological similarity to erionite",1986,,,
3093,10.1107/s0108768106040109,Structure of an aluminophosphate EMM-8: a multi-technique approach,2007,,,
3094,10.1107/s2052520619003172,Elucidation of correlated disorder in zeolite IM-18,2019,,,
3095,10.1111/ijac.12088,Effect of Water Content of Synthetic Hydrogel on Dehydration Performance of Nanoporous LTA Zeolite Membranes,2014,,,"['efficient zeolite membrane showed', 'type zeolite membranes', 'wt %) water']"
3096,10.1111/j.1551-2916.2011.04988.x,A Facile Hydrothermal Conversion of Rice Husk Ash to ZSM‐5 Zeolite Powders,2011,,,"['xrd ), thermogravimetry analysis', 'fesem images showed coffin', 'tpa +) used']"
3097,10.1111/j.1551-2916.2011.05006.x,Synthesis of ZSM‐5 Zeolite Particles Using Triethanol Amine as Structure‐Directing Agent,2012,,,"['prepared using triethanol amine', 'fesem images showed coffin', 'xrd ), thermogravimetry analysis']"
3098,10.1126/science.1078663,,2002,,,
3099,10.1126/science.1098242,,2004,,,
3100,10.1126/science.1196240,,2010,,,
3101,10.1126/science.1207466,,2011,,,
3102,10.1126/science.1208652,,2011,,,
3103,10.1126/science.247.4948.1319,,1990,,,
3104,10.1126/science.262.5139.1543,,1993,,,
3105,10.1126/science.264.5167.1910,,1994,,,
3106,10.1126/science.aal0121,,2017,,,
3107,10.1135/cccc20070666,,,,,
3108,10.1166/mex.2015.1209,,2015,,,
3109,10.1186/s11671-015-0956-6,Effect of Extra-Framework Cations of LTL Nanozeolites to Inhibit Oil Oxidation,2015,,,"['total acid number', 'linde type l', 'important additives used']"
3110,10.1246/bcsj.20170023,,2017,,,
3111,10.1246/bcsj.76.883,,2003,,,
3112,10.1246/cl.150492,,2015,,,
3113,10.1515/revce-2013-0020,,2014,,,
3114,10.1524/zkri.1995.210.7.475,,,,,
3115,10.1524/zkri.2006.221.10.689,,2006,,,
3116,10.1557/proc-111-147,,,,,
3117,10.3891/acta.chem.scand.53-0403,,1999,,,
3118,10.3923/jas.2007.2371.2375,,2007,,,
3119,10.5012/bkcs.2005.26.8.1277,,2005,,,
3120,10.5935/0103-5053.20130152,,,,,
