class,feature,mean_abs_shap
*-ITN,cryst_time,0.0003391047381594291
*-ITN,al_ratio_to_t,9.709705507929003e-05
*-ITN,cryst_temp,9.018945143359229e-05
*-ITN,osda_getaway_mean_60,7.400247957672858e-05
*-ITN,si_ratio_to_t,7.249053333072554e-05
*-ITN,osda_getaway_mean_143,6.011905136695739e-05
*-ITN,osda_getaway_mean_130,5.1551931946386946e-05
*-ITN,osda_whim_mean_16,3.680000578517842e-05
*-ITN,osda_getaway_mean_80,3.676093363335567e-05
*-ITN,osda_getaway_mean_233,3.585302124026595e-05
*-ITN,osda_getaway_mean_242,3.493235385941567e-05
*-ITN,osda_getaway_mean_191,3.278509414315328e-05
*-ITN,osda_getaway_mean_25,3.0099740503350845e-05
*-ITN,osda_getaway_mean_83,2.8721750895638988e-05
*-ITN,osda_getaway_mean_16,2.852390528252043e-05
*-ITN,osda_whim_mean_47,2.8427558570102234e-05
*-ITN,osda_getaway_mean_255,2.833490123649163e-05
*-ITN,osda_getaway_mean_38,2.771714951464492e-05
*-ITN,osda_getaway_mean_149,2.7713312696534414e-05
*-ITN,osda_getaway_mean_238,2.727383213999395e-05
*-SVY,b_ratio_to_t,0.0007476111958975363
*-SVY,al_ratio_to_t,0.0006680490747511306
*-SVY,osda_getaway_mean_98,0.000539131765221375
*-SVY,cryst_temp,0.00048703306551832666
*-SVY,si_ratio_to_t,0.0004053758170373316
*-SVY,cryst_time,0.0003819453675074666
*-SVY,na_ratio_to_t,0.00035201110066168906
*-SVY,osda_getaway_mean_230,0.0003360041461027028
*-SVY,osda_getaway_mean_220,0.000299029517217802
*-SVY,osda_getaway_mean_72,0.0002803410805846047
*-SVY,osda_getaway_mean_184,0.0002697622498256426
*-SVY,osda_getaway_mean_112,0.00025731294532926657
*-SVY,osda_getaway_mean_130,0.00023645666500593952
*-SVY,osda_whim_mean_52,0.00023273596619768496
*-SVY,osda_whim_mean_33,0.0002207802633674153
*-SVY,p_ratio_to_t,0.00019692297845416465
*-SVY,osda_getaway_mean_124,0.0001901214187669368
*-SVY,osda_getaway_mean_191,0.00018294476218033001
*-SVY,f_ratio_to_t,0.00018013540915943804
*-SVY,osda_whim_mean_63,0.00017569372626593721
*BEA,si_ratio_to_t,0.008298695779321892
*BEA,cryst_temp,0.005344476313584591
*BEA,al_ratio_to_t,0.004605588353621371
*BEA,cryst_time,0.0035105865855085618
*BEA,f_ratio_to_t,0.0031979339058366076
*BEA,p_ratio_to_t,0.002269819663176106
*BEA,na_ratio_to_t,0.001934196423028481
*BEA,k_ratio_to_t,0.001714219020102589
*BEA,osda_getaway_mean_191,0.0014493359898694379
*BEA,ge_ratio_to_t,0.0013149970845465053
*BEA,osda_getaway_mean_143,0.001186763921570596
*BEA,osda_whim_mean_104,0.0011330711122231564
*BEA,osda_getaway_mean_34,0.0010962131686909685
*BEA,osda_getaway_mean_175,0.00108569140738983
*BEA,osda_whim_mean_52,0.0010195599881736438
*BEA,osda_getaway_mean_255,0.0010191876177895302
*BEA,osda_getaway_mean_124,0.0009985635175986526
*BEA,osda_getaway_mean_233,0.0009455058752374248
*BEA,osda_getaway_mean_220,0.0009015738890385737
*BEA,osda_getaway_mean_98,0.0007900857733001486
*BEA/BEC,k_ratio_to_t,7.665065924701634e-05
*BEA/BEC,f_ratio_to_t,7.164255928553951e-05
*BEA/BEC,cryst_temp,4.261649356448639e-05
*BEA/BEC,si_ratio_to_t,1.850532271004921e-05
*BEA/BEC,cryst_time,1.743213452339529e-05
*BEA/BEC,osda_getaway_mean_181,1.1323871634764682e-05
*BEA/BEC,osda_getaway_mean_22,8.144267730757146e-06
*BEA/BEC,al_ratio_to_t,6.834036887506817e-06
*BEA/BEC,osda_eccentricity_std_0,5.1321818043433e-06
*BEA/BEC,na_ratio_to_t,4.910290538540802e-06
*BEA/BEC,osda_getaway_mean_78,4.75251552419436e-06
*BEA/BEC,osda_getaway_mean_12,4.177259341897881e-06
*BEA/BEC,osda_getaway_mean_102,3.463052288047957e-06
*BEA/BEC,osda_whim_mean_61,3.457746099806028e-06
*BEA/BEC,ti_ratio_to_t,3.4047750983931157e-06
*BEA/BEC,osda_getaway_mean_62,3.315927199686096e-06
*BEA/BEC,ge_ratio_to_t,3.2778690058352584e-06
*BEA/BEC,osda_whim_mean_33,3.241164174981585e-06
*BEA/BEC,osda_getaway_mean_124,3.175349735240922e-06
*BEA/BEC,osda_getaway_mean_233,3.111155137617798e-06
*CTH,ge_ratio_to_t,0.0015516276962777966
*CTH,cryst_temp,0.0014510280288143546
*CTH,f_ratio_to_t,0.0013155416422574752
*CTH,al_ratio_to_t,0.0006605876678869643
*CTH,si_ratio_to_t,0.0006502127561190425
*CTH,cryst_time,0.0005725088163557709
*CTH,osda_axes_mean_1,0.00022233515339740046
*CTH,na_ratio_to_t,0.0001996242894230845
*CTH,osda_getaway_mean_191,0.00019724472673954917
*CTH,osda_getaway_mean_236,0.00019061181773828996
*CTH,osda_getaway_mean_141,0.00018382239107962928
*CTH,osda_getaway_mean_102,0.00015504673353298077
*CTH,osda_getaway_mean_137,0.00015331951703615807
*CTH,osda_getaway_mean_272,0.0001452718125181931
*CTH,osda_getaway_mean_50,0.00013386758233517932
*CTH,osda_getaway_mean_142,0.00013359952916562902
*CTH,b_ratio_to_t,0.00013221773410223293
*CTH,osda_getaway_mean_139,0.00012674720643648824
*CTH,osda_getaway_mean_181,0.00012608620349249876
*CTH,osda_getaway_mean_143,0.00012474979120125467
*MRE,cryst_temp,0.00870442355000725
*MRE,al_ratio_to_t,0.003547270111874885
*MRE,si_ratio_to_t,0.0033372009120001154
*MRE,na_ratio_to_t,0.003152829044572761
*MRE,cryst_time,0.003149848653236356
*MRE,f_ratio_to_t,0.0010505031720712057
*MRE,ge_ratio_to_t,0.0009385543655792675
*MRE,k_ratio_to_t,0.0008821196966648028
*MRE,p_ratio_to_t,0.000492507057916504
*MRE,osda_getaway_mean_191,0.00044855418645693934
*MRE,osda_getaway_mean_233,0.000374702974231157
*MRE,osda_getaway_mean_98,0.0003436294365246485
*MRE,osda_getaway_mean_55,0.0002490705376697426
*MRE,osda_getaway_mean_102,0.00023001656324192406
*MRE,osda_getaway_mean_258,0.00022382040884048925
*MRE,b_ratio_to_t,0.00019534470353205812
*MRE,osda_getaway_mean_143,0.00019061849884208752
*MRE,osda_getaway_mean_40,0.00017699983389043268
*MRE,osda_getaway_mean_19,0.00017470890254956707
*MRE,osda_axes_mean_1,0.0001610595082140768
*SFV,al_ratio_to_t,8.867662076229175e-05
*SFV,cryst_time,5.78988637362674e-05
*SFV,osda_getaway_mean_121,5.460705834222078e-05
*SFV,f_ratio_to_t,5.0096016720648164e-05
*SFV,osda_getaway_mean_148,4.369963183224891e-05
*SFV,cryst_temp,4.2402601751154316e-05
*SFV,si_ratio_to_t,3.678213569538517e-05
*SFV,osda_axes_mean_0,3.127155442995682e-05
*SFV,osda_box_std_8,3.011127174497368e-05
*SFV,osda_getaway_mean_24,2.8631145938358502e-05
*SFV,osda_whim_mean_94,2.6884768246666704e-05
*SFV,osda_getaway_mean_54,2.2751673642790577e-05
*SFV,osda_axes_std_0,2.120715425635102e-05
*SFV,osda_getaway_mean_243,2.0608549861392685e-05
*SFV,osda_getaway_mean_182,1.8991313512842503e-05
*SFV,osda_getaway_mean_14,1.6417438513417807e-05
*SFV,osda_getaway_mean_185,1.5998294726017688e-05
*SFV,osda_whim_mean_31,1.5998252531873873e-05
*SFV,osda_getaway_mean_45,1.5551587340478835e-05
*SFV,osda_whim_mean_99,1.4957449560009457e-05
*STO,si_ratio_to_t,0.0008030267042923229
*STO,na_ratio_to_t,0.0007556124886091238
*STO,al_ratio_to_t,0.000735790925955553
*STO,cryst_temp,0.0006677232275246871
*STO,f_ratio_to_t,0.0005863707074732973
*STO,cryst_time,0.00040064030986155933
*STO,osda_getaway_mean_197,0.00034503616669659084
*STO,osda_getaway_mean_191,0.0002913847677972652
*STO,b_ratio_to_t,0.0002598511688595247
*STO,osda_whim_mean_31,0.00024233798848324108
*STO,k_ratio_to_t,0.00023959920764760458
*STO,osda_getaway_mean_18,0.0002253097968871341
*STO,osda_getaway_mean_226,0.00021627703425615126
*STO,ge_ratio_to_t,0.0002160587925474707
*STO,osda_getaway_mean_34,0.00018190590034002871
*STO,osda_getaway_mean_255,0.00017812394330374623
*STO,osda_getaway_mean_36,0.00017607564992166882
*STO,osda_getaway_mean_143,0.0001701587845533977
*STO,osda_whim_mean_104,0.00016955700228339377
*STO,osda_getaway_mean_40,0.00016486999416259334
*UOE,cryst_temp,0.00010873739324777755
*UOE,f_ratio_to_t,7.062610341752077e-05
*UOE,ge_ratio_to_t,4.1982175115127245e-05
*UOE,cryst_time,2.8490946445113918e-05
*UOE,osda_getaway_mean_255,2.4611236362823474e-05
*UOE,osda_whim_mean_37,2.451702793725055e-05
*UOE,si_ratio_to_t,2.2835683722935982e-05
*UOE,osda_getaway_mean_191,2.0021742679770056e-05
*UOE,osda_getaway_mean_63,1.8615736698246376e-05
*UOE,osda_whim_mean_52,1.6198361944668328e-05
*UOE,osda_getaway_mean_159,1.2558577477033143e-05
*UOE,p_ratio_to_t,1.2484469625465509e-05
*UOE,osda_getaway_mean_76,1.2171293209813408e-05
*UOE,b_ratio_to_t,1.1761470621295206e-05
*UOE,osda_getaway_mean_21,1.0274704136771971e-05
*UOE,osda_whim_mean_8,1.0009360152336555e-05
*UOE,al_ratio_to_t,9.98799247042515e-06
*UOE,osda_getaway_mean_56,9.157552723146875e-06
*UOE,na_ratio_to_t,9.10031896627387e-06
*UOE,osda_whim_mean_33,8.85285823711734e-06
-CLO,p_ratio_to_t,0.00025634046305254084
-CLO,f_ratio_to_t,0.0001321453941592205
-CLO,ga_ratio_to_t,0.00012017808692599002
-CLO,si_ratio_to_t,0.00012009797814287116
-CLO,cryst_time,0.00010539362843348124
-CLO,al_ratio_to_t,9.429028495012892e-05
-CLO,cryst_temp,5.781040056430444e-05
-CLO,na_ratio_to_t,4.2719210673691846e-05
-CLO,osda_whim_mean_43,3.518760834821592e-05
-CLO,osda_getaway_mean_191,2.7125930029362007e-05
-CLO,co_ratio_to_t,2.4313362899254574e-05
-CLO,osda_getaway_mean_33,2.0138799640533733e-05
-CLO,osda_whim_mean_31,1.9208616022722904e-05
-CLO,osda_getaway_mean_124,1.8672264326807485e-05
-CLO,osda_getaway_mean_9,1.7624645642522264e-05
-CLO,osda_getaway_mean_233,1.5428328339917648e-05
-CLO,osda_getaway_mean_245,1.4694699286471167e-05
-CLO,osda_whim_mean_69,1.4505059573583882e-05
-CLO,k_ratio_to_t,1.4204883763286104e-05
-CLO,osda_whim_mean_0,1.4149435151073108e-05
-IFT,cryst_temp,4.190637065619213e-05
-IFT,osda_asphericity_mean_0,2.383834328749954e-05
-IFT,cryst_time,2.096584765826516e-05
-IFT,ge_ratio_to_t,1.9991960292072903e-05
-IFT,osda_getaway_mean_204,1.751515354429367e-05
-IFT,osda_whim_mean_100,1.5780887395099055e-05
-IFT,osda_getaway_mean_11,1.5263290852912155e-05
-IFT,osda_getaway_mean_175,1.519507430324192e-05
-IFT,si_ratio_to_t,1.4699978202882934e-05
-IFT,osda_getaway_mean_239,1.4626100242464715e-05
-IFT,osda_getaway_mean_50,1.2208212889307863e-05
-IFT,f_ratio_to_t,1.1890760024632582e-05
-IFT,osda_getaway_mean_191,1.1143730252915048e-05
-IFT,osda_getaway_mean_182,1.0800577783415074e-05
-IFT,osda_getaway_mean_14,1.0680326586303683e-05
-IFT,osda_whim_mean_48,1.0426139605482187e-05
-IFT,osda_whim_mean_47,1.031699596571525e-05
-IFT,osda_whim_mean_0,1.0208480483656568e-05
-IFT,osda_getaway_mean_192,9.61553324875885e-06
-IFT,osda_whim_mean_111,9.176500144643752e-06
-IFU,osda_npr1_std_0,3.323684266645711e-05
-IFU,osda_getaway_mean_31,3.073991139626328e-05
-IFU,osda_getaway_mean_256,2.825046783844989e-05
-IFU,osda_whim_mean_103,2.7084352094457353e-05
-IFU,osda_getaway_mean_32,2.6960679701389064e-05
-IFU,osda_whim_mean_37,2.152802986099923e-05
-IFU,osda_getaway_mean_19,1.770440376841103e-05
-IFU,al_ratio_to_t,1.7350940587227674e-05
-IFU,osda_getaway_mean_171,1.5286272181897984e-05
-IFU,si_ratio_to_t,1.4603145723629612e-05
-IFU,osda_getaway_mean_255,1.4210716404183283e-05
-IFU,osda_whim_mean_73,1.408232120283814e-05
-IFU,osda_inertial_shape_factor_std_0,1.383124393889535e-05
-IFU,osda_box_std_9,1.3482900946771367e-05
-IFU,osda_getaway_mean_60,1.3473143054855808e-05
-IFU,osda_getaway_mean_181,1.228177033227814e-05
-IFU,osda_whim_mean_67,1.1962182499277658e-05
-IFU,osda_getaway_mean_149,1.1695630407341211e-05
-IFU,osda_getaway_mean_50,1.087371858560808e-05
-IFU,osda_getaway_mean_260,1.0649530344220994e-05
-IRY,cryst_time,6.852194426192874e-05
-IRY,f_ratio_to_t,4.636281023805407e-05
-IRY,ge_ratio_to_t,4.258237628318929e-05
-IRY,osda_whim_mean_55,3.773524648899497e-05
-IRY,si_ratio_to_t,3.4568395885061554e-05
-IRY,osda_getaway_mean_184,3.031485424491246e-05
-IRY,osda_getaway_mean_93,2.4615151177347053e-05
-IRY,osda_getaway_mean_203,2.116435793366449e-05
-IRY,osda_getaway_mean_18,1.6543451287870525e-05
-IRY,osda_whim_mean_15,1.5594254949532565e-05
-IRY,al_ratio_to_t,1.511502078268689e-05
-IRY,osda_getaway_mean_267,1.4159923279097876e-05
-IRY,osda_getaway_mean_3,1.1909236761113348e-05
-IRY,osda_getaway_mean_207,1.1815280238576588e-05
-IRY,osda_whim_mean_37,1.1596474309733173e-05
-IRY,osda_getaway_mean_175,1.1559023401320504e-05
-IRY,na_ratio_to_t,1.1111798533058985e-05
-IRY,osda_getaway_mean_89,1.0366012782271425e-05
-IRY,osda_getaway_mean_211,1.0187397928034957e-05
-IRY,osda_getaway_mean_169,9.741152023612354e-06
-ITV,cryst_time,0.0006898637480197014
-ITV,cryst_temp,0.0006488687610882147
-ITV,ge_ratio_to_t,0.0005292615095826217
-ITV,si_ratio_to_t,0.00048087136783027504
-ITV,f_ratio_to_t,0.00032165843256728435
-ITV,b_ratio_to_t,0.00021093144330666146
-ITV,al_ratio_to_t,0.00019661271453983833
-ITV,na_ratio_to_t,0.00010190299076090112
-ITV,osda_getaway_mean_98,9.441323833186067e-05
-ITV,osda_getaway_mean_52,8.745887504710463e-05
-ITV,osda_getaway_mean_12,8.504625644760892e-05
-ITV,osda_getaway_mean_125,8.446343188790415e-05
-ITV,osda_getaway_mean_123,8.42785872679658e-05
-ITV,osda_getaway_mean_261,7.726163184310601e-05
-ITV,osda_getaway_mean_236,6.916903974174749e-05
-ITV,osda_getaway_mean_59,6.451756628462617e-05
-ITV,osda_getaway_mean_233,6.404463499960896e-05
-ITV,osda_getaway_mean_191,6.269912203535264e-05
-ITV,osda_getaway_mean_120,6.229835453996376e-05
-ITV,osda_mol_weight,6.093181025416639e-05
-LIT,k_ratio_to_t,0.0015995372601062118
-LIT,al_ratio_to_t,0.0015471480072377604
-LIT,cryst_temp,0.0015386095383916275
-LIT,si_ratio_to_t,0.0012988528702913792
-LIT,na_ratio_to_t,0.0006083489736330553
-LIT,cryst_time,0.0005715332161931357
-LIT,f_ratio_to_t,0.0004298290721276138
-LIT,p_ratio_to_t,0.00018476355197666713
-LIT,cs_ratio_to_t,0.00012730865382622403
-LIT,ge_ratio_to_t,0.00010374826789926253
-LIT,osda_getaway_mean_191,9.232316050688041e-05
-LIT,ti_ratio_to_t,7.852410099098063e-05
-LIT,osda_whim_mean_33,5.8126651736164743e-05
-LIT,b_ratio_to_t,5.557233066387371e-05
-LIT,osda_getaway_mean_34,5.44531913025397e-05
-LIT,sr_ratio_to_t,5.338776282504811e-05
-LIT,osda_getaway_mean_98,4.486541912802364e-05
-LIT,osda_getaway_mean_40,4.076770313089207e-05
-LIT,osda_getaway_mean_255,4.010250187613345e-05
-LIT,osda_getaway_mean_233,3.975977901267212e-05
-SVR,si_ratio_to_t,5.987995727941987e-05
-SVR,cryst_time,5.7926637036719064e-05
-SVR,al_ratio_to_t,5.686993213026255e-05
-SVR,osda_getaway_mean_61,3.299139506914598e-05
-SVR,cryst_temp,3.097475652633228e-05
-SVR,osda_getaway_mean_143,2.644231025112039e-05
-SVR,osda_whim_mean_57,2.5784186886529485e-05
-SVR,osda_getaway_mean_233,2.5254122336136002e-05
-SVR,osda_getaway_mean_40,2.473604321463951e-05
-SVR,osda_getaway_mean_37,2.437327512004225e-05
-SVR,osda_axes_std_0,2.124026035091022e-05
-SVR,osda_getaway_mean_243,1.9448000904654746e-05
-SVR,osda_getaway_mean_58,1.9200233707224935e-05
-SVR,osda_getaway_mean_24,1.9102454672832236e-05
-SVR,osda_getaway_mean_100,1.6963030399506195e-05
-SVR,osda_getaway_mean_35,1.6693199576440092e-05
-SVR,osda_getaway_mean_102,1.665772768732168e-05
-SVR,osda_getaway_mean_184,1.6495435770053536e-05
-SVR,na_ratio_to_t,1.6285019204480353e-05
-SVR,osda_getaway_mean_167,1.4090412594336267e-05
ABW,cryst_time,0.0033017516328175526
ABW,cryst_temp,0.0032960674182804374
ABW,si_ratio_to_t,0.0021839228962870147
ABW,al_ratio_to_t,0.002058348461040386
ABW,na_ratio_to_t,0.0008249329461582567
ABW,ge_ratio_to_t,0.0005189848794681038
ABW,f_ratio_to_t,0.00037154220874153495
ABW,k_ratio_to_t,0.0003597890231083796
ABW,cs_ratio_to_t,0.00025886597865571094
ABW,p_ratio_to_t,0.0001824375466440937
ABW,li_ratio_to_t,0.00015731981665360133
ABW,osda_getaway_mean_191,0.00011928978576263611
ABW,osda_getaway_mean_143,9.369139706692309e-05
ABW,osda_getaway_mean_27,9.3644489884477e-05
ABW,b_ratio_to_t,8.99569699874555e-05
ABW,osda_getaway_mean_148,7.9181532889724e-05
ABW,osda_getaway_mean_233,7.906569047938153e-05
ABW,osda_whim_mean_30,7.860690492969666e-05
ABW,osda_getaway_mean_98,7.098992559180166e-05
ABW,osda_getaway_mean_54,6.804809472142748e-05
ACO,cryst_time,3.837435253290852e-05
ACO,na_ratio_to_t,1.0248953591195474e-05
ACO,si_ratio_to_t,8.592993675699154e-06
ACO,al_ratio_to_t,8.407725307652859e-06
ACO,osda_box_std_9,6.5679465890299635e-06
ACO,osda_whim_mean_35,4.188938956559793e-06
ACO,osda_mol_weight,2.893345741326437e-06
ACO,osda_getaway_mean_220,2.8568109303295373e-06
ACO,osda_getaway_mean_166,2.783178357459703e-06
ACO,osda_whim_mean_52,2.6844661619554433e-06
ACO,osda_getaway_mean_139,2.6617275029936614e-06
ACO,osda_getaway_mean_26,2.658375120952015e-06
ACO,osda_getaway_mean_98,2.461148499582659e-06
ACO,osda_whim_mean_2,2.360051240498751e-06
ACO,osda_getaway_mean_127,2.0920224685876827e-06
ACO,osda_asphericity_std_0,2.016182919462224e-06
ACO,cryst_temp,2.005316262687169e-06
ACO,osda_whim_mean_96,1.9421444236739374e-06
ACO,osda_getaway_mean_72,1.9196823967608644e-06
ACO,osda_getaway_mean_154,1.839304770220587e-06
AEI,cryst_time,0.0010910536073566123
AEI,p_ratio_to_t,0.0009632448428494755
AEI,si_ratio_to_t,0.0009149205252765489
AEI,al_ratio_to_t,0.0006592080365148429
AEI,osda_getaway_mean_233,0.0005110800636055921
AEI,osda_getaway_mean_191,0.0004227847822306423
AEI,cryst_temp,0.0003631741953771798
AEI,na_ratio_to_t,0.0003601009112109284
AEI,f_ratio_to_t,0.000329801011452617
AEI,osda_whim_mean_94,0.00030738016831174215
AEI,osda_getaway_mean_143,0.00030106188798080855
AEI,osda_getaway_mean_40,0.0002986504493333131
AEI,osda_whim_mean_33,0.00025733099830988615
AEI,osda_getaway_mean_64,0.00025279252765891466
AEI,osda_getaway_mean_102,0.00023679573714574813
AEI,osda_getaway_mean_27,0.00022264661552159806
AEI,osda_whim_mean_99,0.0002133754086383049
AEI,osda_box_mean_0,0.00020472803967256704
AEI,osda_getaway_mean_171,0.00020243741583129003
AEI,osda_getaway_mean_255,0.0001978492639556854
AEI/CHA,osda_getaway_mean_143,4.184636796723086e-05
AEI/CHA,cryst_time,3.8816735017530824e-05
AEI/CHA,si_ratio_to_t,2.922922689362175e-05
AEI/CHA,cryst_temp,2.344346563582123e-05
AEI/CHA,osda_getaway_mean_70,2.1823083518354244e-05
AEI/CHA,osda_getaway_mean_124,2.1668398316322887e-05
AEI/CHA,osda_box_mean_3,2.1488574732399708e-05
AEI/CHA,al_ratio_to_t,2.0316856990247108e-05
AEI/CHA,p_ratio_to_t,1.8790659126858292e-05
AEI/CHA,osda_getaway_mean_191,1.733159665309872e-05
AEI/CHA,osda_getaway_mean_19,1.652167944558273e-05
AEI/CHA,osda_whim_mean_26,1.4819270597339195e-05
AEI/CHA,co_ratio_to_t,1.4125174255348804e-05
AEI/CHA,osda_getaway_mean_233,1.2874756983118806e-05
AEI/CHA,osda_getaway_mean_255,1.1147662234086684e-05
AEI/CHA,osda_whim_mean_99,1.1132512957212117e-05
AEI/CHA,osda_getaway_mean_102,1.0598470306776665e-05
AEI/CHA,osda_npr2_mean_0,9.843560118765035e-06
AEI/CHA,osda_box_std_6,9.610181677592363e-06
AEI/CHA,osda_whim_mean_30,9.328296642769596e-06
AEL,p_ratio_to_t,0.0018487946086439637
AEL,si_ratio_to_t,0.0016055215180234917
AEL,al_ratio_to_t,0.0010030931857814634
AEL,cryst_time,0.0009576204250208817
AEL,cryst_temp,0.0005107374199491428
AEL,osda_whim_mean_52,0.0004282008634926193
AEL,osda_getaway_mean_191,0.0003803320884151404
AEL,na_ratio_to_t,0.00030670977740306283
AEL,f_ratio_to_t,0.0003011128150943406
AEL,osda_getaway_mean_64,0.00029915843060155035
AEL,osda_getaway_mean_233,0.00026242408291965116
AEL,osda_getaway_mean_63,0.00025856610873875905
AEL,osda_getaway_mean_40,0.00024246353907392536
AEL,osda_getaway_mean_175,0.00022190393466854275
AEL,osda_getaway_mean_83,0.00021383822751964442
AEL,osda_getaway_mean_33,0.00020797227998914204
AEL,osda_whim_mean_33,0.00020701367787763755
AEL,osda_getaway_mean_255,0.00018353946377955185
AEL,osda_getaway_mean_267,0.00017556381809391997
AEL,osda_getaway_mean_34,0.00017152539171310605
AEN,al_ratio_to_t,0.0041676070700539265
AEN,si_ratio_to_t,0.002955299697373563
AEN,p_ratio_to_t,0.002751284857765749
AEN,f_ratio_to_t,0.0019469988298349086
AEN,cryst_time,0.0015918188263416581
AEN,cryst_temp,0.0011293923462126346
AEN,na_ratio_to_t,0.0003972211385659499
AEN,osda_box_std_9,0.00035609196739020213
AEN,osda_getaway_mean_141,0.00033503548970616713
AEN,osda_getaway_mean_230,0.00032865498374551056
AEN,osda_getaway_mean_138,0.00031238680557542706
AEN,osda_getaway_mean_97,0.00028016262543258173
AEN,osda_getaway_mean_98,0.0002761347935656495
AEN,osda_getaway_mean_3,0.00025644741586346013
AEN,osda_getaway_mean_191,0.00025503805060972227
AEN,osda_getaway_mean_37,0.00024526459910844707
AEN,osda_getaway_mean_36,0.00023701468529764816
AEN,osda_getaway_mean_194,0.000216463385999334
AEN,osda_getaway_mean_175,0.0002003437562722444
AEN,osda_whim_mean_92,0.00019230002488114734
AFI,si_ratio_to_t,0.0031282864010740807
AFI,p_ratio_to_t,0.0027381920862544827
AFI,al_ratio_to_t,0.002569563805679317
AFI,cryst_time,0.0025683255966445417
AFI,cryst_temp,0.0022778716019460432
AFI,na_ratio_to_t,0.0013082704821408932
AFI,osda_getaway_mean_191,0.0009106428151553092
AFI,f_ratio_to_t,0.0007857978135266549
AFI,osda_whim_mean_33,0.0007097727899042015
AFI,osda_getaway_mean_175,0.0006607707299732542
AFI,osda_getaway_mean_255,0.000650554531123067
AFI,osda_getaway_mean_143,0.0005628197057762483
AFI,osda_box_std_6,0.0005288275053351554
AFI,osda_getaway_mean_98,0.0005027624864427525
AFI,osda_whim_mean_0,0.00048782678949724375
AFI,osda_whim_mean_52,0.0004681360082814733
AFI,osda_getaway_mean_110,0.0004071072469106917
AFI,osda_getaway_mean_185,0.0003973933363931428
AFI,osda_free_sasa_std_0,0.00038778995948774363
AFI,osda_getaway_mean_132,0.00038312485280481167
AFN,si_ratio_to_t,0.00018005793741217134
AFN,na_ratio_to_t,0.00016795296535437271
AFN,al_ratio_to_t,0.00015860128682795618
AFN,mn_ratio_to_t,0.00012302737409619887
AFN,p_ratio_to_t,0.00010613549655301779
AFN,f_ratio_to_t,7.821600800127997e-05
AFN,osda_getaway_mean_191,7.734107662183522e-05
AFN,cryst_temp,6.119502881473552e-05
AFN,cryst_time,6.0794453416104495e-05
AFN,osda_whim_mean_94,3.485241108695185e-05
AFN,osda_getaway_mean_27,2.7666196851634022e-05
AFN,osda_getaway_mean_125,2.7588315201305795e-05
AFN,osda_whim_mean_33,2.7240298110640618e-05
AFN,osda_getaway_mean_117,2.683469293071857e-05
AFN,osda_whim_mean_20,2.6593944844819708e-05
AFN,b_ratio_to_t,2.4795969469031873e-05
AFN,osda_whim_mean_86,2.4117962670548165e-05
AFN,osda_getaway_mean_75,2.3092074941443366e-05
AFN,osda_whim_mean_26,2.1740654272174008e-05
AFN,osda_getaway_mean_79,2.1558875536759943e-05
AFO,cryst_time,0.0005063304305004137
AFO,al_ratio_to_t,0.00034007982610410165
AFO,p_ratio_to_t,0.0002586902321139515
AFO,cryst_temp,0.00022505845763357872
AFO,si_ratio_to_t,0.0001538022179172698
AFO,osda_getaway_mean_64,0.00014707726389906378
AFO,osda_getaway_mean_191,0.0001318281890944885
AFO,na_ratio_to_t,0.0001280154758526102
AFO,osda_getaway_mean_125,0.00011095763012017507
AFO,f_ratio_to_t,0.00010880438097760215
AFO,osda_getaway_mean_230,9.414089511357566e-05
AFO,osda_getaway_mean_34,8.89311409842145e-05
AFO,ti_ratio_to_t,7.767840946652397e-05
AFO,osda_whim_mean_8,7.6777615164164e-05
AFO,osda_getaway_mean_33,6.965959708945572e-05
AFO,osda_getaway_mean_40,6.8837271286437e-05
AFO,osda_getaway_mean_83,6.645500148385731e-05
AFO,osda_getaway_mean_98,6.603961317761073e-05
AFO,osda_whim_mean_52,6.110552589320056e-05
AFO,osda_getaway_mean_255,6.088028400542808e-05
AFR,al_ratio_to_t,0.00013760772849735487
AFR,f_ratio_to_t,0.00010591480591740076
AFR,si_ratio_to_t,0.00010580014274320132
AFR,p_ratio_to_t,8.71049112641478e-05
AFR,cryst_temp,8.667005344264034e-05
AFR,cryst_time,7.569550529652337e-05
AFR,osda_getaway_mean_141,2.1647114262297863e-05
AFR,osda_getaway_mean_98,1.8735628116278214e-05
AFR,osda_getaway_mean_230,1.8644685064834243e-05
AFR,osda_whim_mean_24,1.6760184332950507e-05
AFR,osda_getaway_mean_37,1.626813707657786e-05
AFR,osda_getaway_mean_97,1.4880840038179864e-05
AFR,co_ratio_to_t,1.4391908955102092e-05
AFR,osda_getaway_mean_138,1.2130598961835048e-05
AFR,osda_getaway_mean_57,1.2016333393834526e-05
AFR,na_ratio_to_t,1.1943739178343562e-05
AFR,osda_whim_mean_92,1.1922706225625798e-05
AFR,osda_getaway_mean_194,1.0866542864140031e-05
AFR,osda_box_std_9,1.0096325583932918e-05
AFR,osda_getaway_mean_36,9.982493424277618e-06
AFS,si_ratio_to_t,0.00015254793391452362
AFS,cryst_time,0.00010869870279156862
AFS,cryst_temp,4.722078380895713e-05
AFS,p_ratio_to_t,4.014727172131163e-05
AFS,osda_getaway_mean_64,3.851341127046074e-05
AFS,osda_getaway_mean_191,2.8223640610134964e-05
AFS,al_ratio_to_t,2.7687540648339125e-05
AFS,f_ratio_to_t,2.6581062369386265e-05
AFS,mg_ratio_to_t,2.5198438399824755e-05
AFS,na_ratio_to_t,2.341351103186147e-05
AFS,osda_box_std_3,2.276558392730219e-05
AFS,osda_getaway_mean_172,1.927720792822788e-05
AFS,osda_volume_mean_0,1.927430680580882e-05
AFS,osda_getaway_mean_233,1.7474341509601027e-05
AFS,osda_getaway_mean_190,1.6829879819038233e-05
AFS,osda_free_sasa_mean_0,1.4275387714881706e-05
AFS,osda_getaway_mean_139,1.4157872051873398e-05
AFS,osda_getaway_mean_58,1.4112416309282252e-05
AFS,osda_getaway_mean_63,1.3786714806511985e-05
AFS,osda_whim_mean_85,1.3163103409173957e-05
AFV,p_ratio_to_t,0.00011865986840000568
AFV,al_ratio_to_t,0.00011632348463470371
AFV,si_ratio_to_t,6.4868798335957e-05
AFV,osda_getaway_mean_175,4.151012612198053e-05
AFV,osda_getaway_mean_191,3.549808889010685e-05
AFV,osda_getaway_mean_258,3.09567804723308e-05
AFV,cryst_time,2.9960213297147286e-05
AFV,osda_getaway_mean_3,2.7935675840188243e-05
AFV,cryst_temp,2.5903440365623282e-05
AFV,osda_getaway_mean_16,2.493673155730458e-05
AFV,zn_ratio_to_t,2.3618604466102047e-05
AFV,osda_whim_mean_106,2.2591855682041625e-05
AFV,osda_getaway_mean_233,2.2539012432362068e-05
AFV,osda_getaway_mean_171,2.2245161215400267e-05
AFV,osda_getaway_mean_80,2.197208633444738e-05
AFV,osda_whim_mean_64,2.1824464245119584e-05
AFV,osda_getaway_mean_157,2.04985968267282e-05
AFV,osda_getaway_mean_88,2.041905975299858e-05
AFV,osda_getaway_mean_255,2.0294413520466925e-05
AFV,osda_whim_mean_33,1.930839514028713e-05
AFX,si_ratio_to_t,0.0005896081809025603
AFX,cryst_temp,0.0005731516801993303
AFX,al_ratio_to_t,0.0004635572368427659
AFX,cryst_time,0.00045796542657355546
AFX,na_ratio_to_t,0.0002886679926009033
AFX,f_ratio_to_t,0.00026098892283693434
AFX,p_ratio_to_t,0.00025504921762268824
AFX,osda_getaway_mean_34,0.00024046653572029207
AFX,k_ratio_to_t,0.00012957044512924382
AFX,osda_getaway_mean_220,0.00011090557866018407
AFX,ge_ratio_to_t,0.00010851636484063993
AFX,osda_getaway_mean_98,0.00010224902966575408
AFX,osda_getaway_mean_40,8.895169461020805e-05
AFX,osda_whim_mean_52,8.57959976373384e-05
AFX,osda_getaway_mean_124,7.602928364488664e-05
AFX,osda_getaway_mean_233,7.094916334134951e-05
AFX,osda_getaway_mean_236,6.60925937685159e-05
AFX,osda_getaway_mean_191,6.400316403148981e-05
AFX,osda_getaway_mean_112,6.169133801391142e-05
AFX,osda_box_std_4,5.8821565474503924e-05
AFX/CHA,na_ratio_to_t,3.328741453058412e-05
AFX/CHA,osda_whim_mean_92,2.594511900281856e-05
AFX/CHA,si_ratio_to_t,2.4628886597867248e-05
AFX/CHA,al_ratio_to_t,2.3268268920124475e-05
AFX/CHA,k_ratio_to_t,2.068330133213387e-05
AFX/CHA,cryst_temp,1.9736301291219684e-05
AFX/CHA,cryst_time,1.5158971293756128e-05
AFX/CHA,osda_getaway_mean_25,1.4470569831079795e-05
AFX/CHA,osda_getaway_mean_61,1.236525759415048e-05
AFX/CHA,osda_getaway_mean_62,9.697815002908742e-06
AFX/CHA,osda_whim_mean_41,8.131651407383604e-06
AFX/CHA,osda_getaway_mean_220,8.094151340921299e-06
AFX/CHA,osda_getaway_mean_197,7.326543847734051e-06
AFX/CHA,osda_getaway_mean_124,6.966366738361582e-06
AFX/CHA,osda_getaway_mean_33,6.959863041493952e-06
AFX/CHA,osda_getaway_mean_175,6.7159707484492975e-06
AFX/CHA,osda_getaway_mean_171,6.615458162756168e-06
AFX/CHA,osda_pmi3_mean_0,6.5390203545747e-06
AFX/CHA,osda_getaway_mean_143,6.0196407974934005e-06
AFX/CHA,osda_getaway_mean_148,5.1580595711694165e-06
AFY,cryst_temp,7.756602733751682e-05
AFY,p_ratio_to_t,5.3368057733371206e-05
AFY,si_ratio_to_t,4.914825594737483e-05
AFY,cryst_time,2.5696838368153795e-05
AFY,mn_ratio_to_t,2.0996342556799797e-05
AFY,mg_ratio_to_t,1.9614548213370054e-05
AFY,co_ratio_to_t,1.6151745339465e-05
AFY,f_ratio_to_t,1.2013732473463224e-05
AFY,al_ratio_to_t,1.098086709074964e-05
AFY,osda_getaway_mean_64,8.803151261946055e-06
AFY,na_ratio_to_t,8.147183424904968e-06
AFY,osda_getaway_mean_172,7.873610167387994e-06
AFY,osda_getaway_mean_191,7.545194481749101e-06
AFY,osda_getaway_mean_143,6.7742773447707674e-06
AFY,osda_getaway_mean_139,6.355934720880646e-06
AFY,osda_getaway_mean_79,6.0937662542559985e-06
AFY,osda_volume_mean_0,5.954395302332114e-06
AFY,osda_getaway_mean_34,5.681923834978115e-06
AFY,osda_getaway_mean_190,5.622363531717351e-06
AFY,osda_getaway_mean_63,5.567664146888448e-06
ANA,na_ratio_to_t,0.0024453111874272976
ANA,al_ratio_to_t,0.0014023675221166425
ANA,si_ratio_to_t,0.001244533741290723
ANA,cryst_temp,0.0009411097058177475
ANA,cryst_time,0.0007869794556935396
ANA,k_ratio_to_t,0.00060746667622444
ANA,f_ratio_to_t,0.00043568686373992357
ANA,cs_ratio_to_t,0.00028432026734512815
ANA,p_ratio_to_t,0.00023996209896260428
ANA,ge_ratio_to_t,0.0002273000570495891
ANA,osda_getaway_mean_60,0.00016989754019523424
ANA,b_ratio_to_t,0.00016719830984025056
ANA,osda_getaway_mean_233,0.0001315520858919721
ANA,osda_whim_mean_52,0.00013106234627424364
ANA,li_ratio_to_t,0.00013027477058057005
ANA,osda_getaway_mean_36,0.00012294809849953313
ANA,osda_getaway_mean_124,0.00012120399518328676
ANA,osda_getaway_mean_52,0.00010628396523032988
ANA,osda_getaway_mean_148,0.00010600858288794065
ANA,osda_getaway_mean_40,0.00010421331512283313
APC,osda_getaway_mean_139,8.437804236770335e-05
APC,cryst_time,7.834273060496709e-05
APC,cryst_temp,7.410719552717591e-05
APC,osda_getaway_mean_30,6.329401107575427e-05
APC,osda_getaway_mean_75,5.33374537744451e-05
APC,osda_getaway_mean_204,4.982932191931824e-05
APC,p_ratio_to_t,4.868255158659126e-05
APC,al_ratio_to_t,4.2523954671860254e-05
APC,osda_getaway_mean_201,4.130667360462142e-05
APC,osda_inertial_shape_factor_std_0,4.111233166597646e-05
APC,osda_free_sasa_std_0,3.968641357953426e-05
APC,osda_getaway_mean_52,3.625893871737022e-05
APC,si_ratio_to_t,3.610471344026792e-05
APC,osda_getaway_mean_136,3.583024925383935e-05
APC,osda_getaway_mean_191,3.556381630613873e-05
APC,osda_getaway_mean_236,3.545019059756419e-05
APC,osda_whim_mean_85,3.339019783314448e-05
APC,osda_getaway_mean_222,2.9031790764019397e-05
APC,osda_box_mean_10,2.8893211069599345e-05
APC,osda_getaway_mean_67,2.7009876980378184e-05
APD,al_ratio_to_t,0.00014075779834700784
APD,osda_whim_mean_94,3.715039766333911e-05
APD,osda_getaway_mean_272,3.305836896475361e-05
APD,osda_getaway_mean_258,3.3030526555941265e-05
APD,p_ratio_to_t,3.272233495661629e-05
APD,osda_getaway_mean_1,3.157862687198372e-05
APD,osda_getaway_mean_24,2.9295746345624473e-05
APD,osda_whim_mean_96,2.8326782509768672e-05
APD,osda_getaway_mean_119,2.7992143531625125e-05
APD,osda_getaway_mean_223,2.592965058190667e-05
APD,osda_getaway_mean_233,2.5522716517222e-05
APD,si_ratio_to_t,2.5216570976021957e-05
APD,osda_getaway_mean_98,2.5018655328322878e-05
APD,osda_getaway_mean_222,2.4344054053198633e-05
APD,osda_getaway_mean_257,2.332858654975216e-05
APD,osda_getaway_mean_191,2.118361548013685e-05
APD,osda_getaway_mean_187,2.055101441323508e-05
APD,osda_getaway_mean_121,2.0202091832995886e-05
APD,osda_asphericity_mean_0,2.0197810121550338e-05
APD,osda_getaway_mean_250,1.981106502576988e-05
AST,f_ratio_to_t,0.0011119456064840143
AST,cryst_time,0.0005667134507247564
AST,si_ratio_to_t,0.0005426681777301126
AST,al_ratio_to_t,0.0005325648118170114
AST,osda_getaway_mean_191,0.0005298677210874935
AST,na_ratio_to_t,0.0004994977029034548
AST,cryst_temp,0.00047206161284075977
AST,p_ratio_to_t,0.0004008908326247294
AST,ge_ratio_to_t,0.0003166993416958516
AST,osda_getaway_mean_233,0.00021973445119232552
AST,osda_getaway_mean_12,0.0002140943660796565
AST,osda_getaway_mean_175,0.00020615438351384436
AST,osda_getaway_mean_19,0.00016614943500274074
AST,osda_getaway_mean_69,0.00015930319256751856
AST,osda_whim_mean_46,0.0001575909940950277
AST,osda_axes_mean_1,0.00014679038145588635
AST,osda_whim_mean_33,0.00014450610438619048
AST,osda_getaway_mean_151,0.00014342755275059384
AST,osda_getaway_mean_255,0.00014340869248666605
AST,osda_getaway_mean_126,0.00014273486104555562
ASU-12,osda_getaway_mean_255,1.5769328186919993e-05
ASU-12,na_ratio_to_t,1.4531167337874428e-05
ASU-12,ge_ratio_to_t,1.2990375557570156e-05
ASU-12,cryst_temp,1.1484288667489716e-05
ASU-12,f_ratio_to_t,9.30081405055195e-06
ASU-12,si_ratio_to_t,9.037003887276633e-06
ASU-12,cryst_time,8.609142989572265e-06
ASU-12,al_ratio_to_t,6.0749022205283e-06
ASU-12,osda_getaway_mean_191,5.014734526357573e-06
ASU-12,osda_getaway_mean_98,4.752512172341794e-06
ASU-12,osda_getaway_mean_30,4.366755242771326e-06
ASU-12,osda_getaway_mean_77,3.993229293695025e-06
ASU-12,osda_getaway_mean_233,3.906188229716742e-06
ASU-12,osda_whim_mean_41,3.3992513480732573e-06
ASU-12,osda_getaway_mean_19,3.3908097273370916e-06
ASU-12,osda_whim_mean_44,3.3203364352207244e-06
ASU-12,osda_whim_mean_5,3.1472842986473842e-06
ASU-12,osda_npr1_mean_0,2.928254903338164e-06
ASU-12,osda_getaway_mean_45,2.8494304223640995e-06
ASU-12,osda_getaway_mean_130,2.613271287712185e-06
ASU-16,al_ratio_to_t,1.9730983321147373e-05
ASU-16,si_ratio_to_t,1.8925290906704507e-05
ASU-16,osda_whim_mean_55,1.1258551263257075e-05
ASU-16,ge_ratio_to_t,1.0791890830209086e-05
ASU-16,osda_whim_mean_101,1.0277155810199429e-05
ASU-16,osda_getaway_mean_104,1.0212099111116403e-05
ASU-16,osda_getaway_mean_14,9.80252132604848e-06
ASU-16,f_ratio_to_t,9.511929204024244e-06
ASU-16,osda_getaway_mean_233,9.280486071360487e-06
ASU-16,osda_whim_mean_46,8.389304213254924e-06
ASU-16,osda_getaway_mean_211,7.1715015715336025e-06
ASU-16,cryst_temp,6.027318118271765e-06
ASU-16,k_ratio_to_t,6.018958151725112e-06
ASU-16,osda_getaway_mean_225,5.688033945450157e-06
ASU-16,na_ratio_to_t,5.6507696740564565e-06
ASU-16,osda_getaway_mean_227,5.5387574277696345e-06
ASU-16,osda_spherocity_index_std_0,5.530673980760765e-06
ASU-16,osda_getaway_mean_255,5.442348401640503e-06
ASU-16,osda_box_mean_0,5.348505896127407e-06
ASU-16,osda_getaway_mean_103,5.252002651129234e-06
ASV,f_ratio_to_t,5.1511071710344804e-05
ASV,cryst_time,3.147386332406886e-05
ASV,ge_ratio_to_t,3.125610452427292e-05
ASV,si_ratio_to_t,3.0575212382418257e-05
ASV,al_ratio_to_t,2.3094770601871318e-05
ASV,osda_getaway_mean_82,1.8376348125627942e-05
ASV,p_ratio_to_t,1.8324476676769423e-05
ASV,cryst_temp,1.0822639138608897e-05
ASV,osda_getaway_mean_146,1.0306178325736414e-05
ASV,osda_getaway_mean_59,8.30642219965726e-06
ASV,osda_getaway_mean_219,8.112419271822747e-06
ASV,osda_getaway_mean_58,7.831644365230681e-06
ASV,na_ratio_to_t,6.37512294172324e-06
ASV,osda_whim_mean_84,6.188787253338533e-06
ASV,osda_getaway_mean_143,6.148139574795515e-06
ASV,osda_getaway_mean_124,6.142991777632038e-06
ASV,osda_getaway_mean_171,6.1372913825614905e-06
ASV,osda_getaway_mean_193,5.763920811870074e-06
ASV,osda_whim_mean_54,5.546105175334233e-06
ASV,osda_getaway_mean_191,5.40139968280621e-06
ATN,cryst_time,9.800254819136787e-05
ATN,si_ratio_to_t,9.483774417112274e-05
ATN,al_ratio_to_t,8.603721972152529e-05
ATN,cryst_temp,7.634317161838579e-05
ATN,mg_ratio_to_t,7.09064931958134e-05
ATN,p_ratio_to_t,3.9774126458169615e-05
ATN,fe_ratio_to_t,2.968647420625594e-05
ATN,f_ratio_to_t,2.0997998547729186e-05
ATN,osda_getaway_mean_64,1.8158405217100944e-05
ATN,osda_getaway_mean_191,1.5742467948794676e-05
ATN,osda_whim_mean_52,1.519043191795003e-05
ATN,na_ratio_to_t,1.3430914079944503e-05
ATN,osda_getaway_mean_63,1.3315814904218099e-05
ATN,osda_getaway_mean_255,1.2734884388559331e-05
ATN,osda_getaway_mean_79,1.2432237237955945e-05
ATN,osda_getaway_mean_143,1.029716433235512e-05
ATN,osda_getaway_mean_139,1.007420537188721e-05
ATN,osda_box_std_3,9.991970623336912e-06
ATN,osda_getaway_mean_27,9.55564700509061e-06
ATN,osda_getaway_mean_238,9.161899029220299e-06
ATO,al_ratio_to_t,0.0008161208772439599
ATO,cryst_temp,0.0004859433876032139
ATO,osda_getaway_mean_64,0.000323792753376435
ATO,si_ratio_to_t,0.0003137136190305499
ATO,osda_getaway_mean_191,0.0003039913609663624
ATO,cryst_time,0.0002536867201051671
ATO,osda_getaway_mean_34,0.0002446726114361308
ATO,osda_getaway_mean_143,0.0002057075840763771
ATO,f_ratio_to_t,0.00020251882913152256
ATO,na_ratio_to_t,0.0002019293425861732
ATO,p_ratio_to_t,0.00017873727099168208
ATO,osda_box_std_1,0.0001642510368943111
ATO,osda_getaway_mean_124,0.00015038422045076546
ATO,osda_getaway_mean_255,0.00014605075878674066
ATO,osda_getaway_mean_83,0.0001459880358995501
ATO,osda_whim_mean_52,0.0001354658235302279
ATO,osda_whim_mean_85,0.00013056419863581394
ATO,osda_getaway_mean_24,0.00011967775464306723
ATO,osda_getaway_mean_43,0.00011741332869608516
ATO,osda_whim_mean_33,0.00011573159501714624
ATS,al_ratio_to_t,0.00015685934054353431
ATS,mg_ratio_to_t,0.00015042713267974164
ATS,cryst_temp,0.00015006386812463604
ATS,p_ratio_to_t,0.00014805364856896686
ATS,osda_getaway_mean_191,0.00010861741895058854
ATS,si_ratio_to_t,9.509501416688011e-05
ATS,osda_getaway_mean_143,8.433682686373125e-05
ATS,osda_getaway_mean_207,8.08235877388627e-05
ATS,osda_getaway_mean_92,6.963664749180363e-05
ATS,ti_ratio_to_t,6.789488268625633e-05
ATS,osda_whim_mean_0,6.672265258867588e-05
ATS,na_ratio_to_t,6.41320314720034e-05
ATS,fe_ratio_to_t,6.334194802295264e-05
ATS,osda_getaway_mean_54,6.127303740748364e-05
ATS,osda_getaway_mean_141,6.055651912208395e-05
ATS,cryst_time,5.879264966964934e-05
ATS,osda_getaway_mean_182,5.509488368427485e-05
ATS,osda_getaway_mean_90,5.3356163798493366e-05
ATS,osda_getaway_mean_37,5.3171189419135673e-05
ATS,osda_getaway_mean_175,5.267448822726321e-05
ATT,f_ratio_to_t,0.00010718249232424006
ATT,p_ratio_to_t,8.385209264778058e-05
ATT,si_ratio_to_t,3.8985979644605996e-05
ATT,osda_getaway_mean_256,3.703281119971934e-05
ATT,cryst_time,3.568554535831229e-05
ATT,al_ratio_to_t,3.250052668003425e-05
ATT,osda_getaway_mean_184,3.0189429684756402e-05
ATT,osda_getaway_mean_59,2.9585898535873197e-05
ATT,osda_whim_mean_13,2.7194203255761557e-05
ATT,osda_getaway_mean_233,2.523730712140568e-05
ATT,osda_getaway_mean_267,2.5128761471658258e-05
ATT,osda_getaway_mean_192,2.4963023458216453e-05
ATT,cryst_temp,2.447877280189985e-05
ATT,osda_whim_mean_50,2.2992383215638444e-05
ATT,osda_whim_mean_48,2.1167573965571078e-05
ATT,osda_getaway_mean_220,2.0922085965333536e-05
ATT,na_ratio_to_t,2.06833831021105e-05
ATT,osda_getaway_mean_178,2.063879987421186e-05
ATT,osda_getaway_mean_98,2.0331073665264968e-05
ATT,osda_getaway_mean_242,2.0077207978253168e-05
ATV,cryst_temp,1.470832335140991e-05
ATV,f_ratio_to_t,1.1036165422996342e-05
ATV,al_ratio_to_t,1.0955017298251305e-05
ATV,p_ratio_to_t,9.040259096557558e-06
ATV,si_ratio_to_t,8.323956882941139e-06
ATV,cryst_time,4.5555532616710795e-06
ATV,osda_getaway_mean_191,2.0071560108869764e-06
ATV,na_ratio_to_t,1.885442048457294e-06
ATV,mg_ratio_to_t,1.447368046318146e-06
ATV,osda_getaway_mean_63,1.4074036360671031e-06
ATV,zn_ratio_to_t,1.400703980582677e-06
ATV,osda_getaway_mean_64,1.2635205070547986e-06
ATV,osda_getaway_mean_34,1.1977553789168904e-06
ATV,v_ratio_to_t,1.1249739455157737e-06
ATV,osda_getaway_mean_27,1.1213448199585313e-06
ATV,osda_getaway_mean_43,1.0595670038119345e-06
ATV,osda_getaway_mean_139,1.056545953204113e-06
ATV,osda_getaway_mean_124,1.0337348970527115e-06
ATV,osda_getaway_mean_168,9.655770001190866e-07
ATV,co_ratio_to_t,9.522156197720352e-07
AVE,p_ratio_to_t,7.941751504305476e-05
AVE,si_ratio_to_t,6.32715473886621e-05
AVE,al_ratio_to_t,5.981445738047737e-05
AVE,cryst_time,2.7161464803629413e-05
AVE,na_ratio_to_t,1.839812485568295e-05
AVE,osda_whim_mean_33,1.783586605870785e-05
AVE,osda_getaway_mean_255,1.7532337338380653e-05
AVE,osda_getaway_mean_233,1.3892368153152871e-05
AVE,osda_getaway_mean_191,1.3389382364409215e-05
AVE,osda_axes_mean_1,1.1672703798411451e-05
AVE,osda_box_std_11,1.1612631181336521e-05
AVE,osda_getaway_mean_212,1.1017969062644512e-05
AVE,osda_whim_mean_0,1.0986618882739172e-05
AVE,osda_getaway_mean_62,1.030007793072399e-05
AVE,osda_getaway_mean_126,1.0288198128353293e-05
AVE,osda_getaway_mean_34,9.9061461560209e-06
AVE,osda_getaway_mean_220,9.592284017473647e-06
AVE,osda_getaway_mean_176,9.310840644928352e-06
AVE,osda_getaway_mean_209,8.982577519765058e-06
AVE,osda_whim_mean_48,8.972647845727576e-06
AVL,al_ratio_to_t,0.0004963951897327409
AVL,p_ratio_to_t,0.0003953212522756374
AVL,si_ratio_to_t,0.0003767571794755343
AVL,cryst_time,0.00010370064589307514
AVL,osda_getaway_mean_233,8.198165352987098e-05
AVL,osda_getaway_mean_214,7.657085718472884e-05
AVL,osda_getaway_mean_191,7.461896334438864e-05
AVL,zn_ratio_to_t,7.384861189792648e-05
AVL,osda_getaway_mean_76,7.225427023369632e-05
AVL,osda_getaway_mean_171,7.111036422934742e-05
AVL,osda_getaway_mean_251,6.0591609669853024e-05
AVL,cryst_temp,5.3607981922171594e-05
AVL,mg_ratio_to_t,4.7375473680918985e-05
AVL,osda_whim_mean_33,3.997136195619292e-05
AVL,osda_getaway_mean_63,3.648674021889251e-05
AVL,osda_getaway_mean_205,3.4713131616447766e-05
AVL,osda_getaway_mean_21,3.2546158831551504e-05
AVL,osda_getaway_mean_25,3.181926731977199e-05
AVL,osda_whim_mean_55,3.15530445456527e-05
AVL,osda_whim_mean_100,3.0863115197524885e-05
AWO,p_ratio_to_t,0.00047167951259287144
AWO,si_ratio_to_t,0.0004343927537223288
AWO,al_ratio_to_t,0.0003829705808191467
AWO,cryst_temp,0.00018738277490711752
AWO,na_ratio_to_t,0.00016740527725537597
AWO,osda_getaway_mean_191,0.00013734106493872866
AWO,osda_getaway_mean_127,0.0001119320639073822
AWO,osda_getaway_mean_40,0.00010222908311568899
AWO,cryst_time,0.00010163378857364591
AWO,osda_getaway_mean_233,9.614318995992322e-05
AWO,osda_box_mean_0,8.833333601678456e-05
AWO,osda_whim_mean_0,8.408251602417952e-05
AWO,osda_whim_mean_94,7.822463762297626e-05
AWO,osda_getaway_mean_142,7.583937323565278e-05
AWO,osda_whim_mean_44,7.423260297555118e-05
AWO,osda_box_mean_6,6.864832915296405e-05
AWO,osda_whim_mean_33,6.859362952499813e-05
AWO,osda_box_std_0,6.499565377469666e-05
AWO,osda_getaway_mean_121,6.277145974358829e-05
AWO,osda_getaway_mean_82,6.275005203392899e-05
AWW,si_ratio_to_t,7.122311439845449e-05
AWW,osda_getaway_mean_115,6.718695647183583e-05
AWW,osda_getaway_mean_209,6.484387237554069e-05
AWW,p_ratio_to_t,6.113022615466075e-05
AWW,cryst_temp,3.940525778713616e-05
AWW,osda_whim_mean_47,3.725739177919926e-05
AWW,osda_getaway_mean_196,3.4787714659918596e-05
AWW,osda_whim_mean_33,3.227742222706176e-05
AWW,osda_getaway_mean_69,3.139966022458921e-05
AWW,osda_getaway_mean_125,3.1347823459594014e-05
AWW,osda_getaway_mean_73,2.817637546722069e-05
AWW,osda_getaway_mean_212,2.7371289378682772e-05
AWW,osda_whim_mean_94,2.6319769591000827e-05
AWW,osda_whim_mean_52,2.6157237635247608e-05
AWW,osda_whim_mean_95,2.556876162352615e-05
AWW,cryst_time,2.249107540360756e-05
AWW,osda_whim_mean_74,2.0911123845389497e-05
AWW,osda_whim_mean_109,2.091111918304139e-05
AWW,osda_getaway_mean_25,1.9028678832714326e-05
AWW,osda_getaway_mean_27,1.8636226710246448e-05
BCT,p_ratio_to_t,2.97500226733096e-05
BCT,cryst_time,2.3922627626519562e-05
BCT,si_ratio_to_t,1.9832902609439704e-05
BCT,al_ratio_to_t,1.919378039940803e-05
BCT,cryst_temp,1.3996269569962677e-05
BCT,osda_box_std_6,4.85983004563665e-06
BCT,zn_ratio_to_t,4.3524422198746775e-06
BCT,osda_getaway_mean_236,4.1423926068393275e-06
BCT,mn_ratio_to_t,3.6445016773787555e-06
BCT,co_ratio_to_t,3.5916665150564455e-06
BCT,mg_ratio_to_t,3.4533833162556624e-06
BCT,f_ratio_to_t,3.2669001546350214e-06
BCT,osda_getaway_mean_60,3.2377917878359806e-06
BCT,osda_whim_mean_48,3.210562438762483e-06
BCT,osda_getaway_mean_175,2.8931808034858916e-06
BCT,osda_getaway_mean_69,2.540601020384584e-06
BCT,osda_whim_mean_86,2.493012396957779e-06
BCT,osda_getaway_mean_212,2.3599319100244377e-06
BCT,osda_getaway_mean_233,2.3026313873915844e-06
BCT,osda_getaway_mean_143,2.168512714385134e-06
BEC,ge_ratio_to_t,0.003298530453603097
BEC,si_ratio_to_t,0.0023297594135960925
BEC,cryst_time,0.0018804488585444526
BEC,al_ratio_to_t,0.0018789253192373642
BEC,f_ratio_to_t,0.0017430964027497279
BEC,cryst_temp,0.0009400687870282323
BEC,na_ratio_to_t,0.0006099783421140963
BEC,osda_getaway_mean_72,0.00039582626623805976
BEC,p_ratio_to_t,0.0003636333218658953
BEC,b_ratio_to_t,0.0003449124693446654
BEC,osda_getaway_mean_233,0.00033026125222046726
BEC,osda_getaway_mean_201,0.0002749841830828738
BEC,osda_getaway_mean_54,0.0002628123748069126
BEC,ti_ratio_to_t,0.00022867626988227064
BEC,osda_getaway_mean_98,0.0001984662290018829
BEC,osda_getaway_mean_191,0.00019684895135592607
BEC,osda_whim_mean_43,0.00019471905951243428
BEC,k_ratio_to_t,0.00019307446767604487
BEC,osda_whim_mean_108,0.00018460302787862937
BEC,osda_whim_mean_33,0.0001691022945363906
BOG,b_ratio_to_t,2.5792007204526143e-05
BOG,osda_getaway_mean_42,1.8666665579922608e-05
BOG,ge_ratio_to_t,1.5817134793186783e-05
BOG,osda_getaway_mean_39,1.283886528139324e-05
BOG,si_ratio_to_t,1.2254208408932454e-05
BOG,osda_getaway_mean_19,7.582895742022185e-06
BOG,cryst_time,5.841830116614815e-06
BOG,osda_getaway_mean_148,5.422015183334865e-06
BOG,osda_getaway_mean_255,5.217023925679492e-06
BOG,osda_getaway_mean_55,5.111865241506249e-06
BOG,osda_whim_mean_94,3.985450256614793e-06
BOG,osda_getaway_mean_157,3.6806716599157417e-06
BOG,cryst_temp,3.626230007321496e-06
BOG,osda_whim_mean_96,3.5792076532284567e-06
BOG,osda_getaway_mean_156,3.380976624788021e-06
BOG,osda_getaway_mean_263,3.3009149457294177e-06
BOG,osda_getaway_mean_92,3.147987868962588e-06
BOG,osda_whim_mean_24,3.026182417804715e-06
BOG,osda_spherocity_index_mean_0,3.007183402310476e-06
BOG,osda_getaway_mean_236,2.7445352981341714e-06
BPH,al_ratio_to_t,0.0006804269605012143
BPH,si_ratio_to_t,0.00040979627969916577
BPH,li_ratio_to_t,0.0003981845816557752
BPH,p_ratio_to_t,0.00033835769746352326
BPH,cryst_temp,0.00032308655452151225
BPH,na_ratio_to_t,0.0002305711173337232
BPH,k_ratio_to_t,0.0002016127785456717
BPH,cryst_time,0.00019008334684891015
BPH,sr_ratio_to_t,0.00017462734038461644
BPH,f_ratio_to_t,9.232516558568786e-05
BPH,osda_getaway_mean_251,5.3778388875906254e-05
BPH,osda_getaway_mean_191,5.0521002985202674e-05
BPH,osda_whim_mean_32,4.814469691533195e-05
BPH,osda_whim_mean_33,4.7944287716796176e-05
BPH,osda_getaway_mean_139,4.693565393713234e-05
BPH,osda_getaway_mean_233,4.58989083318564e-05
BPH,ge_ratio_to_t,4.160614901284447e-05
BPH,osda_getaway_mean_190,3.882774701736741e-05
BPH,osda_getaway_mean_255,3.847104407024138e-05
BPH,osda_getaway_mean_213,3.714310813665069e-05
BSV,cryst_temp,8.1117092867987e-05
BSV,osda_whim_mean_85,6.005719648748272e-05
BSV,cryst_time,4.0998277976695566e-05
BSV,osda_getaway_mean_48,4.0439884938328945e-05
BSV,osda_getaway_mean_215,3.9489923591414164e-05
BSV,osda_getaway_mean_121,3.121752387101346e-05
BSV,osda_getaway_mean_89,2.811044295369107e-05
BSV,al_ratio_to_t,2.437529618129974e-05
BSV,f_ratio_to_t,2.2755762043688654e-05
BSV,osda_getaway_mean_21,2.272382433706384e-05
BSV,osda_getaway_mean_141,2.17844964603965e-05
BSV,osda_getaway_mean_35,1.8806113585057537e-05
BSV,osda_getaway_mean_171,1.759804223314364e-05
BSV,osda_num_bonds_mean_0,1.7526221434550598e-05
BSV,osda_whim_mean_0,1.6693120753967604e-05
BSV,osda_box_mean_4,1.6507118682998304e-05
BSV,si_ratio_to_t,1.6278913497664142e-05
BSV,osda_getaway_mean_222,1.5138036323164274e-05
BSV,osda_getaway_mean_63,1.5045667672976794e-05
BSV,osda_getaway_mean_27,1.4772260732882925e-05
CAN,na_ratio_to_t,0.0006146470573006498
CAN,cryst_temp,0.0003307765815114898
CAN,al_ratio_to_t,0.0003189845825124911
CAN,si_ratio_to_t,0.000301117706506081
CAN,cryst_time,0.0002054585675797199
CAN,k_ratio_to_t,7.241154842187076e-05
CAN,f_ratio_to_t,7.026143563227003e-05
CAN,cs_ratio_to_t,2.9952782381902846e-05
CAN,ge_ratio_to_t,2.7554389748445917e-05
CAN,p_ratio_to_t,2.7291137179512212e-05
CAN,osda_getaway_mean_191,2.164417486333505e-05
CAN,osda_getaway_mean_40,1.9222918217939298e-05
CAN,osda_getaway_mean_148,1.6405046784333172e-05
CAN,ti_ratio_to_t,1.526408387961086e-05
CAN,b_ratio_to_t,1.355546967568181e-05
CAN,li_ratio_to_t,1.2940215942189167e-05
CAN,osda_whim_mean_33,1.2556008426092011e-05
CAN,ga_ratio_to_t,1.216334655052744e-05
CAN,osda_getaway_mean_202,1.1932000735577105e-05
CAN,osda_getaway_mean_130,1.183033118839818e-05
CAS,na_ratio_to_t,0.00010627945323336492
CAS,cryst_temp,4.273156862356209e-05
CAS,f_ratio_to_t,3.071080832974795e-05
CAS,al_ratio_to_t,2.332495424812131e-05
CAS,si_ratio_to_t,2.208018017961516e-05
CAS,cryst_time,1.9121241998320907e-05
CAS,osda_getaway_mean_246,1.8107161938638942e-05
CAS,osda_whim_mean_68,1.6098984912851536e-05
CAS,k_ratio_to_t,1.3654345160633419e-05
CAS,osda_getaway_mean_233,8.594902971897467e-06
CAS,osda_whim_mean_97,8.01216409329405e-06
CAS,osda_getaway_mean_191,7.801897907567567e-06
CAS,osda_getaway_mean_255,6.8918587109466885e-06
CAS,osda_whim_mean_33,6.21631746455031e-06
CAS,osda_getaway_mean_124,6.070851049053799e-06
CAS,osda_getaway_mean_59,5.559258811545157e-06
CAS,p_ratio_to_t,5.4667616662174e-06
CAS,osda_whim_mean_21,5.083759978685584e-06
CAS,osda_whim_mean_86,4.906878263972766e-06
CAS,osda_pmi1_mean_0,4.209139867278642e-06
CDO,osda_getaway_mean_16,0.00011735771503777024
CDO,al_ratio_to_t,5.000574200203099e-05
CDO,ge_ratio_to_t,4.230399732171598e-05
CDO,si_ratio_to_t,4.115154602993735e-05
CDO,na_ratio_to_t,4.044664084959117e-05
CDO,cryst_time,3.5716287630279256e-05
CDO,cryst_temp,3.306913590523724e-05
CDO,osda_getaway_mean_157,2.0959137249325502e-05
CDO,p_ratio_to_t,2.0500601609113645e-05
CDO,osda_getaway_mean_72,1.6107783804122826e-05
CDO,osda_getaway_mean_191,1.6008843294504566e-05
CDO,f_ratio_to_t,1.2011216049274068e-05
CDO,osda_bertz_ct_mean_0,1.1720812570932405e-05
CDO,osda_getaway_mean_124,9.64230985211045e-06
CDO,osda_whim_mean_1,9.625608615331675e-06
CDO,osda_getaway_mean_34,9.139995359581107e-06
CDO,cs_ratio_to_t,8.66931012656169e-06
CDO,k_ratio_to_t,8.342196517014957e-06
CDO,osda_whim_mean_100,8.196285307123588e-06
CDO,osda_getaway_mean_139,7.970609844109151e-06
CFI,si_ratio_to_t,0.00073789901924346
CFI,al_ratio_to_t,0.0007269742067251175
CFI,cryst_temp,0.0006171835470791242
CFI,f_ratio_to_t,0.0004090667721605725
CFI,cryst_time,0.0004060577981113751
CFI,li_ratio_to_t,0.00032201708159123525
CFI,na_ratio_to_t,0.00023158112998046329
CFI,ge_ratio_to_t,0.00011593340702675041
CFI,osda_whim_mean_52,0.0001156651531771694
CFI,osda_getaway_mean_206,0.0001077538345780256
CFI,osda_getaway_mean_57,8.23297160318858e-05
CFI,osda_getaway_mean_37,7.933892680003856e-05
CFI,k_ratio_to_t,7.758505574192817e-05
CFI,osda_whim_mean_104,7.735518734300279e-05
CFI,osda_getaway_mean_168,7.483989226930325e-05
CFI,osda_getaway_mean_191,7.414215610756642e-05
CFI,b_ratio_to_t,7.006938444424743e-05
CFI,osda_getaway_mean_98,6.461907178603642e-05
CFI,osda_getaway_mean_51,6.22779134494288e-05
CFI,osda_box_std_2,5.9538174856365225e-05
CGS,al_ratio_to_t,0.00039807047094414034
CGS,ga_ratio_to_t,0.0003943457046276351
CGS,k_ratio_to_t,0.0003527356635236163
CGS,si_ratio_to_t,0.0003009907806438846
CGS,cryst_time,0.0001854484226448066
CGS,cryst_temp,0.00016130865164916058
CGS,na_ratio_to_t,0.00010420688337125651
CGS,f_ratio_to_t,0.00010271432535682761
CGS,ge_ratio_to_t,7.157111064728179e-05
CGS,osda_whim_mean_82,6.132984880598344e-05
CGS,p_ratio_to_t,5.717852241845286e-05
CGS,osda_getaway_mean_233,5.632531180468652e-05
CGS,osda_getaway_mean_191,5.503775101435764e-05
CGS,b_ratio_to_t,5.107085911934261e-05
CGS,osda_getaway_mean_255,4.8841275558347986e-05
CGS,ti_ratio_to_t,4.7521909055250734e-05
CGS,zn_ratio_to_t,4.2874625356081605e-05
CGS,osda_whim_mean_95,4.170972860350395e-05
CGS,osda_getaway_mean_63,3.648188811280231e-05
CGS,osda_getaway_mean_102,3.573999728984494e-05
CHA,cryst_temp,0.006623435980651881
CHA,al_ratio_to_t,0.005687359458184467
CHA,si_ratio_to_t,0.005302824537315779
CHA,p_ratio_to_t,0.004598097505841984
CHA,cryst_time,0.0041605126617825
CHA,osda_getaway_mean_191,0.0026173976796972954
CHA,osda_whim_mean_33,0.0017989503021423065
CHA,f_ratio_to_t,0.0017783677219249435
CHA,k_ratio_to_t,0.001716367657628499
CHA,osda_getaway_mean_233,0.001374263556684091
CHA,na_ratio_to_t,0.0013364005375905823
CHA,osda_whim_mean_52,0.001312353632178124
CHA,osda_getaway_mean_143,0.0011253636221675582
CHA,osda_getaway_mean_175,0.0010560082608671326
CHA,osda_getaway_mean_255,0.0010015038811280828
CHA,osda_getaway_mean_124,0.0009323774841470399
CHA,osda_whim_mean_104,0.0008185523142699555
CHA,osda_getaway_mean_171,0.0007753768525279853
CHA,ge_ratio_to_t,0.0007662529447519221
CHA,osda_whim_mean_100,0.0007393878814947155
CHA/AEI,al_ratio_to_t,3.354035948851084e-05
CHA/AEI,cu_ratio_to_t,2.8055008023030633e-05
CHA/AEI,p_ratio_to_t,2.6432404272872517e-05
CHA/AEI,osda_getaway_mean_233,2.5367204230260016e-05
CHA/AEI,si_ratio_to_t,2.0597011196779133e-05
CHA/AEI,osda_whim_mean_86,1.935020512958071e-05
CHA/AEI,osda_whim_mean_42,1.8673354229378427e-05
CHA/AEI,osda_getaway_mean_51,9.694655200586434e-06
CHA/AEI,osda_getaway_mean_52,9.411627351735468e-06
CHA/AEI,osda_getaway_mean_272,8.910154804418942e-06
CHA/AEI,cryst_temp,8.879418553433197e-06
CHA/AEI,osda_whim_mean_13,8.748724998456965e-06
CHA/AEI,cryst_time,8.632685862833053e-06
CHA/AEI,osda_getaway_mean_230,8.132698370302822e-06
CHA/AEI,osda_getaway_mean_132,8.044617335422014e-06
CHA/AEI,osda_getaway_mean_34,7.906158752513665e-06
CHA/AEI,osda_whim_mean_11,7.883047812531922e-06
CHA/AEI,osda_getaway_mean_98,7.732097583264374e-06
CHA/AEI,osda_getaway_mean_258,7.4615331394991104e-06
CHA/AEI,osda_getaway_mean_185,7.273390128087432e-06
CON,osda_whim_mean_104,0.00023723137470019594
CON,na_ratio_to_t,0.00020217691026825155
CON,osda_getaway_mean_200,0.00019602198135440467
CON,si_ratio_to_t,0.00017790200230857073
CON,osda_getaway_mean_34,0.00017003978001823748
CON,osda_getaway_mean_202,0.00015389100501798572
CON,osda_getaway_mean_143,0.0001526983626699578
CON,osda_getaway_mean_40,0.00014474297167070416
CON,osda_box_std_2,0.0001420071863271501
CON,osda_getaway_mean_137,0.00013552942618269925
CON,osda_getaway_mean_12,0.00012629139934242363
CON,osda_getaway_mean_221,0.0001260384732955789
CON,osda_getaway_mean_148,0.00011169032410432662
CON,osda_getaway_mean_100,0.00011165087044513771
CON,osda_getaway_mean_124,0.00010966133403929535
CON,osda_getaway_mean_226,0.00010585885288704155
CON,al_ratio_to_t,0.00010565468893712973
CON,osda_getaway_mean_21,0.00010084827479215879
CON,cryst_time,0.00010067319201769209
CON,osda_whim_mean_103,9.768244882927648e-05
CSV,osda_getaway_mean_138,0.00017209118706748417
CSV,osda_getaway_mean_233,0.000115660326218616
CSV,osda_getaway_mean_191,0.00011221150898394836
CSV,cryst_time,0.00010136528745472084
CSV,al_ratio_to_t,9.47040025020167e-05
CSV,osda_spherocity_index_mean_0,9.298990548248588e-05
CSV,osda_whim_mean_9,8.478394095978583e-05
CSV,si_ratio_to_t,8.183016302678387e-05
CSV,osda_getaway_mean_19,7.384440206056973e-05
CSV,osda_getaway_mean_220,7.352079483428038e-05
CSV,osda_getaway_mean_212,7.17874191570222e-05
CSV,osda_whim_mean_32,6.78560419248766e-05
CSV,osda_whim_mean_2,6.530478504866549e-05
CSV,osda_getaway_mean_91,6.474656770246974e-05
CSV,osda_whim_mean_35,6.409587260700952e-05
CSV,osda_whim_mean_43,6.394728754194184e-05
CSV,osda_getaway_mean_97,6.14840344489882e-05
CSV,osda_getaway_mean_258,6.011237917618571e-05
CSV,osda_getaway_mean_112,5.8988250237258146e-05
CSV,osda_getaway_mean_174,5.8115369749350016e-05
CZP,cryst_temp,0.0004724024160945846
CZP,cryst_time,0.0003213643849484191
CZP,si_ratio_to_t,0.0003119840144105793
CZP,al_ratio_to_t,0.00018060228515787616
CZP,na_ratio_to_t,0.00010760703514837572
CZP,osda_getaway_mean_194,6.476458940944168e-05
CZP,osda_getaway_mean_36,6.308663037834962e-05
CZP,osda_whim_mean_10,5.03938812548981e-05
CZP,osda_getaway_mean_37,4.4510287523695613e-05
CZP,osda_getaway_mean_102,4.269429369987888e-05
CZP,osda_getaway_mean_175,3.862103854976979e-05
CZP,osda_getaway_mean_45,3.484525941799452e-05
CZP,osda_getaway_mean_130,3.357515459858379e-05
CZP,b_ratio_to_t,3.329026422300703e-05
CZP,osda_whim_mean_46,3.1838070917661144e-05
CZP,osda_getaway_mean_191,3.129467404075656e-05
CZP,p_ratio_to_t,3.00319524836489e-05
CZP,k_ratio_to_t,2.9952975781480638e-05
CZP,osda_getaway_mean_77,2.7434261653181355e-05
CZP,osda_whim_mean_104,2.539883743460259e-05
DDR,si_ratio_to_t,0.002462268574735374
DDR,al_ratio_to_t,0.0019501745899397802
DDR,na_ratio_to_t,0.0008005098075762686
DDR,cryst_temp,0.0006063757602706335
DDR,cryst_time,0.00039928099947935763
DDR,osda_getaway_mean_191,0.00031426325864686246
DDR,f_ratio_to_t,0.0002936267239975344
DDR,osda_getaway_mean_221,0.0002857008324666146
DDR,osda_getaway_mean_57,0.00026045917782629193
DDR,osda_getaway_mean_233,0.00024478842797164436
DDR,osda_getaway_mean_149,0.00023830813647758087
DDR,osda_whim_mean_84,0.00023008187543504695
DDR,osda_whim_mean_33,0.0002229684931818337
DDR,osda_getaway_mean_181,0.00020912279268638567
DDR,osda_whim_mean_52,0.00020767939439589198
DDR,osda_getaway_mean_203,0.00019648051520068988
DDR,osda_getaway_mean_102,0.00019289708001371403
DDR,osda_getaway_mean_115,0.00019104153257057383
DDR,osda_whim_mean_30,0.0001853382946106358
DDR,osda_whim_mean_2,0.00017503475634071734
DFO,si_ratio_to_t,0.00017148098415844276
DFO,al_ratio_to_t,0.00014827942787003735
DFO,cryst_time,6.354837397810067e-05
DFO,osda_getaway_mean_191,5.0636758307990444e-05
DFO,osda_box_mean_3,4.9927125206555435e-05
DFO,cryst_temp,4.8592487113188834e-05
DFO,p_ratio_to_t,4.2944089526259596e-05
DFO,osda_whim_mean_8,3.594516347766548e-05
DFO,osda_getaway_mean_146,3.2091899341232414e-05
DFO,osda_getaway_mean_161,3.107606148886728e-05
DFO,osda_getaway_mean_236,3.0062706880776384e-05
DFO,osda_whim_mean_31,2.9308446469023886e-05
DFO,osda_whim_mean_52,2.7054760342083954e-05
DFO,osda_getaway_mean_55,2.69524315916494e-05
DFO,osda_getaway_mean_196,2.621693316240381e-05
DFO,osda_getaway_mean_66,2.5566460404404314e-05
DFO,osda_getaway_mean_143,2.490813278537641e-05
DFO,osda_getaway_mean_248,2.4204298764392336e-05
DFO,osda_whim_mean_99,2.213245616564584e-05
DFO,osda_whim_mean_29,2.1074709569239766e-05
DFT,si_ratio_to_t,0.000139490743896718
DFT,al_ratio_to_t,0.00013881565739316254
DFT,cryst_temp,8.846262670042924e-05
DFT,na_ratio_to_t,7.884086592868101e-05
DFT,osda_getaway_mean_222,7.880173511467212e-05
DFT,cryst_time,6.758409123913237e-05
DFT,osda_getaway_mean_62,3.104561013083124e-05
DFT,osda_getaway_mean_268,2.8055187513798398e-05
DFT,f_ratio_to_t,2.4125892623925652e-05
DFT,osda_box_mean_2,2.3261879782249676e-05
DFT,osda_getaway_mean_121,2.2549560605562484e-05
DFT,osda_whim_mean_85,2.1983087334097734e-05
DFT,osda_whim_mean_43,2.0450785674520484e-05
DFT,osda_getaway_mean_191,2.0214599277642365e-05
DFT,osda_getaway_mean_41,1.9869066910628543e-05
DFT,p_ratio_to_t,1.898460400268628e-05
DFT,osda_getaway_mean_263,1.845120945794214e-05
DFT,b_ratio_to_t,1.779646900684943e-05
DFT,osda_getaway_mean_202,1.363801432140478e-05
DFT,osda_pmi3_mean_0,1.3503915213662711e-05
DOH,cryst_temp,0.0006139832897213557
DOH,osda_mol_weight,0.00023670142368480617
DOH,cryst_time,0.0002089599889208861
DOH,osda_getaway_mean_191,0.00015944115436306245
DOH,si_ratio_to_t,0.00011968681908222008
DOH,osda_whim_mean_33,0.00010283881581301445
DOH,na_ratio_to_t,0.00010198406000141001
DOH,osda_getaway_mean_233,9.94508023094001e-05
DOH,al_ratio_to_t,9.833233509347918e-05
DOH,osda_getaway_mean_125,8.26529893495674e-05
DOH,osda_getaway_mean_255,8.056931660939982e-05
DOH,osda_getaway_mean_143,7.055114684822998e-05
DOH,osda_whim_mean_0,6.69919837062739e-05
DOH,osda_getaway_mean_182,6.59411161119645e-05
DOH,osda_whim_mean_69,6.398652188046085e-05
DOH,osda_getaway_mean_40,6.364927310177854e-05
DOH,osda_getaway_mean_121,6.135393426540275e-05
DOH,osda_getaway_mean_164,5.978832954945505e-05
DOH,osda_getaway_mean_212,5.848836004844087e-05
DOH,osda_whim_mean_94,5.830326432993297e-05
DON,cryst_time,0.00012003509172636518
DON,na_ratio_to_t,9.821105197808534e-05
DON,cryst_temp,6.34899734057974e-05
DON,al_ratio_to_t,6.070351802394735e-05
DON,si_ratio_to_t,4.211254005140884e-05
DON,f_ratio_to_t,2.3288157010346322e-05
DON,k_ratio_to_t,1.0841028222508459e-05
DON,osda_getaway_mean_98,7.050801874489613e-06
DON,b_ratio_to_t,5.5034449591385854e-06
DON,osda_whim_mean_108,5.194083085338296e-06
DON,li_ratio_to_t,4.823194101932132e-06
DON,osda_getaway_mean_69,4.712476152117772e-06
DON,osda_box_mean_0,4.568024586999605e-06
DON,osda_getaway_mean_198,4.2903345783392275e-06
DON,osda_getaway_mean_27,4.085311447051569e-06
DON,ge_ratio_to_t,3.9259576723288215e-06
DON,osda_whim_mean_38,3.456716437159971e-06
DON,osda_whim_mean_33,3.3051320689172996e-06
DON,osda_getaway_mean_191,3.047208389480123e-06
DON,osda_whim_mean_31,2.6449709275077033e-06
EDI,na_ratio_to_t,0.0003890971718164284
EDI,cryst_temp,0.0003803726430199358
EDI,al_ratio_to_t,0.0003461444969641518
EDI,li_ratio_to_t,0.0003229021348688507
EDI,si_ratio_to_t,0.0002696970974979834
EDI,cryst_time,0.00019653945789718764
EDI,k_ratio_to_t,0.00014226995259094792
EDI,osda_getaway_mean_101,9.73859276095314e-05
EDI,f_ratio_to_t,8.754875670465012e-05
EDI,osda_getaway_mean_98,7.033641783291769e-05
EDI,osda_getaway_mean_233,5.614112659885026e-05
EDI,osda_getaway_mean_258,5.0623701054268903e-05
EDI,osda_box_mean_0,4.688562564140745e-05
EDI,osda_getaway_mean_186,4.489336688401351e-05
EDI,osda_getaway_mean_124,4.3574217614539066e-05
EDI,osda_getaway_mean_61,4.354452078490595e-05
EDI,p_ratio_to_t,4.335249609721984e-05
EDI,ge_ratio_to_t,4.032938187942325e-05
EDI,osda_whim_mean_99,4.002102664212583e-05
EDI,osda_getaway_mean_38,3.819865870115239e-05
EEI,osda_getaway_mean_3,0.00014258888716987776
EEI,cryst_temp,7.850733782202511e-05
EEI,cryst_time,7.33658997008551e-05
EEI,na_ratio_to_t,6.454636499587791e-05
EEI,si_ratio_to_t,4.2707347950143466e-05
EEI,osda_getaway_mean_100,4.050037530915177e-05
EEI,osda_whim_mean_52,3.800734745416392e-05
EEI,al_ratio_to_t,3.021166289209036e-05
EEI,osda_getaway_mean_162,2.9125134833361974e-05
EEI,osda_getaway_mean_185,2.842574198473909e-05
EEI,osda_whim_mean_90,2.5915230200568153e-05
EEI,osda_getaway_mean_165,2.4911003911856363e-05
EEI,osda_getaway_mean_122,2.4309901294696916e-05
EEI,osda_asphericity_mean_0,2.4116945017377053e-05
EEI,osda_getaway_mean_143,2.3431331933383784e-05
EEI,osda_getaway_mean_175,2.248736205913594e-05
EEI,osda_whim_mean_94,2.059298747859437e-05
EEI,osda_box_mean_7,1.8090127958751614e-05
EEI,osda_whim_mean_19,1.6934999435832472e-05
EEI,osda_getaway_mean_166,1.663249194808048e-05
EMT,na_ratio_to_t,0.0014782201619514264
EMT,cryst_temp,0.0009978921642745135
EMT,cryst_time,0.000948034671367774
EMT,al_ratio_to_t,0.0003943103844449787
EMT,si_ratio_to_t,0.0003582776653641975
EMT,p_ratio_to_t,0.000268590046439748
EMT,osda_getaway_mean_202,0.00022443018074942526
EMT,osda_whim_mean_52,0.00021336770957923362
EMT,osda_getaway_mean_40,0.00021190635560511227
EMT,osda_getaway_mean_98,0.00021031746514984815
EMT,osda_getaway_mean_148,0.00020153754144979955
EMT,osda_getaway_mean_64,0.00019807905906227226
EMT,osda_getaway_mean_191,0.00019348252993988752
EMT,k_ratio_to_t,0.0001883620372800073
EMT,osda_getaway_mean_12,0.00018734920735499256
EMT,osda_whim_mean_15,0.0001780450721084872
EMT,osda_whim_mean_20,0.00017799942244454487
EMT,osda_getaway_mean_52,0.00017749213978610648
EMT,osda_getaway_mean_256,0.00017451767986880596
EMT,osda_whim_mean_94,0.0001601703462262359
EON,al_ratio_to_t,0.0005568351127978971
EON,si_ratio_to_t,0.00033258668014751465
EON,cryst_temp,0.00029102123233772976
EON,cryst_time,0.00018392342764941066
EON,f_ratio_to_t,0.000165659465176113
EON,na_ratio_to_t,0.00010994292966554313
EON,k_ratio_to_t,6.974925334709494e-05
EON,ga_ratio_to_t,6.903675581735794e-05
EON,ge_ratio_to_t,5.2618453069808894e-05
EON,b_ratio_to_t,3.0709802273664217e-05
EON,li_ratio_to_t,1.8342354903754976e-05
EON,ti_ratio_to_t,1.2115593250140732e-05
EON,osda_getaway_mean_98,1.099709714397107e-05
EON,osda_whim_mean_94,1.0320097402394143e-05
EON,osda_getaway_mean_255,1.017528768707792e-05
EON,osda_getaway_mean_27,8.369716248896214e-06
EON,osda_getaway_mean_80,8.193804780907137e-06
EON,osda_getaway_mean_233,8.162223640801059e-06
EON,osda_getaway_mean_40,7.983674742235483e-06
EON,osda_getaway_mean_92,7.885732870891442e-06
ERI,k_ratio_to_t,0.0009959510312145135
ERI,na_ratio_to_t,0.0008231260594034282
ERI,al_ratio_to_t,0.0007531368410869519
ERI,si_ratio_to_t,0.0005396485882424374
ERI,cryst_temp,0.0004664058947929072
ERI,cryst_time,0.0003415742327556538
ERI,osda_getaway_mean_233,0.00024805414859954266
ERI,f_ratio_to_t,0.00022956424832781212
ERI,p_ratio_to_t,0.00022139763044335087
ERI,osda_getaway_mean_61,0.00020565373309828494
ERI,osda_getaway_mean_31,0.0001265913407565631
ERI,osda_whim_mean_24,0.00012070278232830888
ERI,osda_getaway_mean_40,0.00011579273337892831
ERI,cs_ratio_to_t,9.903732204447013e-05
ERI,osda_getaway_mean_25,9.90278810891228e-05
ERI,osda_getaway_mean_191,9.758126960709151e-05
ERI,rb_ratio_to_t,9.191523508872269e-05
ERI,osda_getaway_mean_37,8.724687964836882e-05
ERI,osda_whim_mean_66,8.645908513909236e-05
ERI,osda_getaway_mean_35,8.494849128171011e-05
ERI/OFF,k_ratio_to_t,0.001056920842560161
ERI/OFF,cryst_temp,0.0008507832572007916
ERI/OFF,na_ratio_to_t,0.000799456073413726
ERI/OFF,si_ratio_to_t,0.0005265241051798134
ERI/OFF,al_ratio_to_t,0.00039234032622089624
ERI/OFF,cryst_time,0.00019677398732393913
ERI/OFF,f_ratio_to_t,0.00013981322336206961
ERI/OFF,p_ratio_to_t,4.067550569422613e-05
ERI/OFF,ti_ratio_to_t,3.467219824293712e-05
ERI/OFF,ge_ratio_to_t,3.1461013012404463e-05
ERI/OFF,osda_getaway_mean_102,3.12048788083631e-05
ERI/OFF,osda_getaway_mean_34,2.8595230273167023e-05
ERI/OFF,osda_whim_mean_52,2.7772764407329563e-05
ERI/OFF,osda_box_mean_3,2.4440574469289612e-05
ERI/OFF,osda_whim_mean_31,2.440833985259636e-05
ERI/OFF,osda_whim_mean_33,2.326839957708836e-05
ERI/OFF,osda_getaway_mean_204,2.2345933663174728e-05
ERI/OFF,osda_getaway_mean_57,2.2138662127448956e-05
ERI/OFF,osda_getaway_mean_191,2.137797890202655e-05
ERI/OFF,cs_ratio_to_t,2.116759636598484e-05
ESV,si_ratio_to_t,7.766213333112563e-05
ESV,al_ratio_to_t,5.3709867180875146e-05
ESV,na_ratio_to_t,3.887385767930586e-05
ESV,osda_getaway_mean_120,2.8225909069440823e-05
ESV,osda_getaway_mean_203,2.6942227375384983e-05
ESV,cryst_temp,2.6706509763056817e-05
ESV,osda_getaway_mean_173,2.63370360816419e-05
ESV,k_ratio_to_t,2.2636165592801388e-05
ESV,osda_getaway_mean_233,2.2516392607436148e-05
ESV,osda_getaway_mean_250,2.2120912632419867e-05
ESV,osda_whim_mean_95,2.1809074035531148e-05
ESV,osda_getaway_mean_205,1.804010712089835e-05
ESV,osda_getaway_mean_124,1.679564706824973e-05
ESV,osda_getaway_mean_34,1.6744379782224235e-05
ESV,osda_whim_mean_68,1.4294252195549453e-05
ESV,cryst_time,1.358872472896398e-05
ESV,osda_getaway_mean_191,1.242138873389423e-05
ESV,osda_getaway_mean_219,1.205249355917565e-05
ESV,osda_whim_mean_94,1.1743981064007889e-05
ESV,osda_getaway_mean_175,1.1318552628523045e-05
ETL,rb_ratio_to_t,8.938685892593095e-05
ETL,cs_ratio_to_t,3.363352628844406e-05
ETL,al_ratio_to_t,3.308226235410897e-05
ETL,cryst_time,3.057134071095348e-05
ETL,si_ratio_to_t,2.586961827577323e-05
ETL,na_ratio_to_t,2.428279810592173e-05
ETL,osda_getaway_mean_191,1.1138081458264134e-05
ETL,osda_getaway_mean_192,1.0772073023464684e-05
ETL,cryst_temp,1.074397082067171e-05
ETL,k_ratio_to_t,1.0586621174833369e-05
ETL,p_ratio_to_t,7.944747862180875e-06
ETL,f_ratio_to_t,7.854210015883842e-06
ETL,osda_getaway_mean_40,5.499126977685576e-06
ETL,osda_getaway_mean_139,4.620157365570019e-06
ETL,li_ratio_to_t,4.13107873415254e-06
ETL,osda_getaway_mean_252,3.9958327217456e-06
ETL,osda_getaway_mean_27,3.95384587081104e-06
ETL,osda_getaway_mean_175,3.931599791138408e-06
ETL,osda_whim_mean_0,3.86836061445026e-06
ETL,osda_getaway_mean_233,3.524936304319329e-06
ETR,cryst_time,2.2052306338064987e-05
ETR,ga_ratio_to_t,1.6172431874686722e-05
ETR,si_ratio_to_t,1.3319967813172618e-05
ETR,k_ratio_to_t,1.0918120659933818e-05
ETR,osda_whim_mean_100,9.298148396519045e-06
ETR,al_ratio_to_t,9.247457581745088e-06
ETR,na_ratio_to_t,7.95911925994748e-06
ETR,cryst_temp,5.952203008719445e-06
ETR,f_ratio_to_t,5.370854767508768e-06
ETR,osda_whim_mean_104,2.6527731438149794e-06
ETR,osda_getaway_mean_233,1.802762671534925e-06
ETR,osda_getaway_mean_191,1.6945427594793572e-06
ETR,osda_getaway_mean_54,1.5399561310111796e-06
ETR,osda_whim_mean_102,1.4910815018701243e-06
ETR,osda_whim_mean_33,1.425806097010699e-06
ETR,osda_whim_mean_52,1.4066473798822996e-06
ETR,osda_getaway_mean_143,1.3242937003844064e-06
ETR,p_ratio_to_t,1.1247541929800005e-06
ETR,osda_getaway_mean_34,9.975204122864347e-07
ETR,osda_whim_mean_8,9.239496238948641e-07
EUO,si_ratio_to_t,0.0030278360146482044
EUO,cryst_temp,0.002135791525146432
EUO,cryst_time,0.0016856900247082657
EUO,al_ratio_to_t,0.0016782152295305983
EUO,f_ratio_to_t,0.001563081061488271
EUO,na_ratio_to_t,0.0010573271996369062
EUO,ge_ratio_to_t,0.0005768012716434743
EUO,k_ratio_to_t,0.0005444578309544646
EUO,b_ratio_to_t,0.0004383179379374331
EUO,p_ratio_to_t,0.00028419328669885874
EUO,osda_getaway_mean_191,0.00020028973144219287
EUO,osda_getaway_mean_143,0.00017733138572159968
EUO,osda_whim_mean_33,0.0001604614013885581
EUO,osda_getaway_mean_202,0.00013945409281182396
EUO,osda_axes_mean_1,0.00013602307413067386
EUO,osda_getaway_mean_255,0.0001317998298654409
EUO,ti_ratio_to_t,0.0001297007113116612
EUO,osda_getaway_mean_113,0.00012714762709938848
EUO,li_ratio_to_t,0.00012616363873730788
EUO,osda_getaway_mean_148,0.00011782008820923073
EUO/*MRE,cryst_temp,0.00020572952812004
EUO/*MRE,cryst_time,0.00013771783741152932
EUO/*MRE,na_ratio_to_t,0.00011119816402099788
EUO/*MRE,si_ratio_to_t,8.376795854079815e-05
EUO/*MRE,al_ratio_to_t,4.686110277020694e-05
EUO/*MRE,k_ratio_to_t,1.6769958492540052e-05
EUO/*MRE,f_ratio_to_t,1.610684626935824e-05
EUO/*MRE,osda_getaway_mean_143,1.284779020141914e-05
EUO/*MRE,ti_ratio_to_t,1.2094604235726988e-05
EUO/*MRE,osda_getaway_mean_98,1.121026657258798e-05
EUO/*MRE,osda_getaway_mean_73,1.091096904089893e-05
EUO/*MRE,osda_whim_mean_31,1.0776896743735617e-05
EUO/*MRE,ge_ratio_to_t,9.086558636327837e-06
EUO/*MRE,osda_getaway_mean_139,8.9069763951487e-06
EUO/*MRE,osda_getaway_mean_161,6.712513049698164e-06
EUO/*MRE,osda_getaway_mean_191,6.117540840368551e-06
EUO/*MRE,osda_getaway_mean_255,4.6845660048352574e-06
EUO/*MRE,osda_free_sasa_mean_0,4.4726843147693855e-06
EUO/*MRE,osda_getaway_mean_40,3.578889198343709e-06
EUO/*MRE,b_ratio_to_t,2.9982315799102515e-06
EWS,b_ratio_to_t,1.5559826042540306e-05
EWS,si_ratio_to_t,1.1178368780430867e-05
EWS,al_ratio_to_t,7.322428050872485e-06
EWS,cryst_time,6.835625662923063e-06
EWS,f_ratio_to_t,5.645465192125185e-06
EWS,osda_getaway_mean_139,5.519473832823196e-06
EWS,cryst_temp,4.967818007335949e-06
EWS,osda_getaway_mean_64,3.4553180283136702e-06
EWS,osda_getaway_mean_233,2.7417778165036968e-06
EWS,osda_whim_mean_20,2.7023323920028284e-06
EWS,osda_getaway_mean_102,2.332941801045644e-06
EWS,na_ratio_to_t,2.0901116661045716e-06
EWS,osda_getaway_mean_238,1.941555767728274e-06
EWS,osda_getaway_mean_247,1.6868466445078268e-06
EWS,osda_getaway_mean_61,1.572791631428345e-06
EWS,osda_getaway_mean_124,1.5667146778274493e-06
EWS,osda_whim_mean_1,1.5088978134892772e-06
EWS,osda_getaway_mean_226,1.424395560632486e-06
EWS,osda_getaway_mean_65,1.399078694810218e-06
EWS,osda_getaway_mean_192,1.3647589038177518e-06
EZT,al_ratio_to_t,0.0006253466112445492
EZT,cryst_time,0.0005998494523434426
EZT,p_ratio_to_t,0.0005907504922425422
EZT,si_ratio_to_t,0.0004088297349108322
EZT,f_ratio_to_t,0.00034769409798212476
EZT,na_ratio_to_t,0.000343127139471119
EZT,cryst_temp,0.00022875349023752565
EZT,k_ratio_to_t,8.551150424443005e-05
EZT,osda_whim_mean_52,7.289630888808602e-05
EZT,osda_getaway_mean_191,6.437751852059752e-05
EZT,osda_getaway_mean_136,4.753043294702157e-05
EZT,osda_whim_mean_33,4.3503342506239835e-05
EZT,ge_ratio_to_t,3.9012352547874064e-05
EZT,osda_getaway_mean_132,3.8612549557287686e-05
EZT,osda_whim_mean_108,3.734863362776951e-05
EZT,li_ratio_to_t,3.625686360270599e-05
EZT,osda_axes_std_1,3.5455971821993225e-05
EZT,osda_whim_mean_88,3.317444210046077e-05
EZT,osda_getaway_mean_98,3.19599220613958e-05
EZT,osda_getaway_mean_143,2.960447208230817e-05
FAU,cryst_temp,0.0038092310135759005
FAU,na_ratio_to_t,0.0030541205276293126
FAU,al_ratio_to_t,0.0027691478383741535
FAU,si_ratio_to_t,0.002717785446593833
FAU,cryst_time,0.0013777775997750672
FAU,k_ratio_to_t,0.0008923696197544771
FAU,f_ratio_to_t,0.000839445853551041
FAU,p_ratio_to_t,0.0005852004475495939
FAU,osda_whim_mean_69,0.0004367868193611761
FAU,osda_getaway_mean_233,0.00031337873486531715
FAU,cs_ratio_to_t,0.00026859035035941566
FAU,ge_ratio_to_t,0.0002667884280943395
FAU,osda_getaway_mean_230,0.00023742662018620624
FAU,osda_whim_mean_94,0.00022529521507962214
FAU,osda_getaway_mean_98,0.00021272870439036028
FAU,zn_ratio_to_t,0.00020061594088665056
FAU,osda_getaway_mean_191,0.0001971456732505023
FAU,li_ratio_to_t,0.0001926243925097291
FAU,osda_getaway_mean_52,0.00018965610402277812
FAU,ti_ratio_to_t,0.00018918236224082184
FAU/EMT,cryst_temp,0.00015185694865358745
FAU/EMT,na_ratio_to_t,0.00011878249998982294
FAU/EMT,cryst_time,6.70971898259375e-05
FAU/EMT,al_ratio_to_t,6.424372364282755e-05
FAU/EMT,si_ratio_to_t,4.7968628252813765e-05
FAU/EMT,f_ratio_to_t,1.366422814936007e-05
FAU/EMT,k_ratio_to_t,1.144837579108654e-05
FAU/EMT,p_ratio_to_t,8.595152127853244e-06
FAU/EMT,osda_getaway_mean_191,7.384576418942643e-06
FAU/EMT,osda_getaway_mean_40,5.2199095025435586e-06
FAU/EMT,osda_getaway_mean_233,4.575847802514996e-06
FAU/EMT,osda_whim_mean_94,4.5614480458915926e-06
FAU/EMT,osda_getaway_mean_202,4.535416233153917e-06
FAU/EMT,osda_getaway_mean_98,4.310915133321633e-06
FAU/EMT,osda_whim_mean_15,4.286158019508325e-06
FAU/EMT,cs_ratio_to_t,4.223479143628975e-06
FAU/EMT,osda_whim_mean_33,3.9297297895580204e-06
FAU/EMT,osda_getaway_mean_124,3.763069498158866e-06
FAU/EMT,osda_getaway_mean_52,3.7445157863216084e-06
FAU/EMT,osda_whim_mean_20,3.7306187341400326e-06
FDU-4,si_ratio_to_t,5.5076931901704105e-05
FDU-4,al_ratio_to_t,3.793154819802016e-05
FDU-4,osda_whim_mean_92,3.35598914163015e-05
FDU-4,cryst_temp,2.758527128757582e-05
FDU-4,ge_ratio_to_t,2.2402810699297132e-05
FDU-4,osda_getaway_mean_109,1.617070131941929e-05
FDU-4,osda_mol_weight,1.4709652333132948e-05
FDU-4,p_ratio_to_t,1.3698524012527477e-05
FDU-4,osda_whim_mean_69,1.2948779982473203e-05
FDU-4,osda_spherocity_index_std_0,1.2289234892578011e-05
FDU-4,osda_getaway_mean_191,1.0963565692349802e-05
FDU-4,osda_getaway_mean_82,1.0849135650098338e-05
FDU-4,osda_whim_mean_0,1.0680762102729439e-05
FDU-4,osda_getaway_mean_101,1.0135916128465814e-05
FDU-4,osda_getaway_mean_197,1.0020467750788124e-05
FDU-4,osda_box_mean_4,8.743720034227685e-06
FDU-4,osda_getaway_mean_141,8.690851165718867e-06
FDU-4,osda_getaway_mean_19,7.838194076094558e-06
FDU-4,osda_box_std_11,7.796290579003855e-06
FDU-4,cryst_time,7.79024119598738e-06
FER,si_ratio_to_t,0.0024142706458931923
FER,al_ratio_to_t,0.0022834681766198003
FER,na_ratio_to_t,0.0017691786700109824
FER,cryst_time,0.00161181415111378
FER,cryst_temp,0.001518232580501836
FER,f_ratio_to_t,0.0011326920561916295
FER,p_ratio_to_t,0.0008220304481606331
FER,osda_getaway_mean_191,0.000598518575336916
FER,osda_getaway_mean_233,0.0004229797061298056
FER,osda_whim_mean_33,0.00042289875161474196
FER,osda_getaway_mean_97,0.0003959645020864453
FER,k_ratio_to_t,0.0003641766826459736
FER,osda_volume_mean_0,0.00034677579668189766
FER,osda_inertial_shape_factor_std_0,0.00032404757628471634
FER,osda_getaway_mean_52,0.0003220700043472972
FER,osda_whim_mean_15,0.0003104662020819217
FER,osda_getaway_mean_40,0.00029678262586921484
FER,osda_whim_mean_52,0.0002942332776226876
FER,ge_ratio_to_t,0.0002873402934781174
FER,osda_getaway_mean_18,0.00025894745889073415
Failed,cryst_time,0.032272494044584654
Failed,cryst_temp,0.028299624867879562
Failed,si_ratio_to_t,0.02786983203439075
Failed,al_ratio_to_t,0.021769303382507314
Failed,na_ratio_to_t,0.01851058600092597
Failed,f_ratio_to_t,0.012583075281622731
Failed,ge_ratio_to_t,0.00939036537825025
Failed,osda_getaway_mean_191,0.008291650019641706
Failed,osda_getaway_mean_233,0.005301617043518085
Failed,osda_getaway_mean_98,0.004877679128546287
Failed,k_ratio_to_t,0.004860330181932267
Failed,p_ratio_to_t,0.004404031079616354
Failed,osda_whim_mean_33,0.004069681084945954
Failed,osda_getaway_mean_143,0.004016839699661783
Failed,osda_getaway_mean_230,0.0039025726590746048
Failed,osda_getaway_mean_124,0.0037630255282400248
Failed,osda_whim_mean_52,0.0037041894576432884
Failed,osda_getaway_mean_255,0.003621630362662902
Failed,osda_getaway_mean_40,0.0031888844933941566
Failed,osda_getaway_mean_34,0.003185672538128972
GIS,al_ratio_to_t,0.002091895541077085
GIS,si_ratio_to_t,0.0019260296895881176
GIS,na_ratio_to_t,0.0018850828852040452
GIS,cryst_temp,0.0018570339549583053
GIS,cryst_time,0.0014721036405202777
GIS,ge_ratio_to_t,0.0005182232706367793
GIS,k_ratio_to_t,0.0004424133116257628
GIS,f_ratio_to_t,0.00036302683013919416
GIS,p_ratio_to_t,0.00030715166814731013
GIS,osda_box_mean_4,0.00017798921837902307
GIS,cs_ratio_to_t,0.0001447758071737645
GIS,osda_getaway_mean_191,0.0001230993074937768
GIS,li_ratio_to_t,0.00010239668158156236
GIS,zn_ratio_to_t,0.0001019333658568257
GIS,osda_getaway_mean_233,9.048295286236377e-05
GIS,osda_getaway_mean_52,8.935707827152601e-05
GIS,osda_whim_mean_52,8.786742269250957e-05
GIS,b_ratio_to_t,7.709788970492198e-05
GIS,osda_whim_mean_94,7.466089713727307e-05
GIS,osda_getaway_mean_59,7.025486949523736e-05
GME,na_ratio_to_t,0.00024287690275611227
GME,cryst_time,0.00016519102417492516
GME,p_ratio_to_t,0.00015101098218726043
GME,be_ratio_to_t,0.0001407047824606797
GME,si_ratio_to_t,0.00013957766123506605
GME,cryst_temp,0.00011324063026046488
GME,al_ratio_to_t,0.0001087093743087718
GME,osda_getaway_mean_191,9.879445436592016e-05
GME,f_ratio_to_t,5.55264416659025e-05
GME,osda_whim_mean_94,4.4511318055413815e-05
GME,osda_getaway_mean_40,4.116671976947622e-05
GME,osda_getaway_mean_109,4.114646974439443e-05
GME,osda_whim_mean_30,4.061594304838899e-05
GME,osda_getaway_mean_47,3.665256216932192e-05
GME,osda_getaway_mean_3,3.6468167016736484e-05
GME,k_ratio_to_t,3.583111132893167e-05
GME,osda_whim_mean_63,3.234536323244287e-05
GME,osda_whim_mean_69,3.1136997758577604e-05
GME,osda_whim_mean_28,3.0115627241500017e-05
GME,osda_whim_mean_104,3.0007958406495905e-05
HEU,al_ratio_to_t,0.0005119451708759247
HEU,cryst_temp,0.00041688819120777604
HEU,k_ratio_to_t,0.0003273595000101024
HEU,si_ratio_to_t,0.0002837407394986528
HEU,cryst_time,0.000278790966315223
HEU,na_ratio_to_t,0.00027838943763152296
HEU,li_ratio_to_t,0.00013245487689658852
HEU,f_ratio_to_t,0.00013010266209741414
HEU,ge_ratio_to_t,8.450065661286664e-05
HEU,p_ratio_to_t,5.618225477694379e-05
HEU,osda_whim_mean_68,2.8229279574817683e-05
HEU,osda_getaway_mean_191,2.5887539809988408e-05
HEU,ti_ratio_to_t,1.734418451329216e-05
HEU,osda_getaway_mean_130,1.640644212219046e-05
HEU,osda_getaway_mean_2,1.5373307431104184e-05
HEU,osda_getaway_mean_24,1.5046815996267236e-05
HEU,osda_getaway_mean_98,1.4548655121207166e-05
HEU,b_ratio_to_t,1.3729031276409455e-05
HEU,osda_getaway_mean_40,1.2649378192521862e-05
HEU,osda_getaway_mean_233,1.227142840271594e-05
IFO,al_ratio_to_t,0.00012174304093308943
IFO,p_ratio_to_t,7.088435109456498e-05
IFO,si_ratio_to_t,6.613321933780359e-05
IFO,osda_whim_mean_54,6.495689796194228e-05
IFO,mg_ratio_to_t,4.413409620919338e-05
IFO,co_ratio_to_t,3.490762900306031e-05
IFO,cryst_temp,3.202286606878737e-05
IFO,osda_getaway_mean_10,2.6328051370607867e-05
IFO,osda_getaway_mean_217,2.274481895113077e-05
IFO,osda_getaway_mean_169,1.990906092033516e-05
IFO,osda_getaway_mean_255,1.9296246618847407e-05
IFO,osda_whim_mean_113,1.9285525130984926e-05
IFO,osda_getaway_mean_226,1.8483166870285865e-05
IFO,osda_whim_mean_40,1.8120310766990672e-05
IFO,osda_getaway_mean_213,1.746417290714647e-05
IFO,osda_getaway_mean_208,1.6054841943134842e-05
IFO,osda_getaway_mean_91,1.572253265641016e-05
IFO,osda_whim_mean_38,1.5552721209547815e-05
IFO,osda_whim_mean_41,1.4872488657145385e-05
IFO,osda_getaway_mean_102,1.4744849335405783e-05
IFR,al_ratio_to_t,0.0004638232968443813
IFR,osda_getaway_mean_268,0.0004349065614020029
IFR,osda_getaway_mean_98,0.0003276854657876663
IFR,si_ratio_to_t,0.0003212790076312499
IFR,osda_whim_mean_52,0.00028916442103742027
IFR,osda_getaway_mean_220,0.0002629097169453937
IFR,osda_getaway_mean_50,0.00025054005667290557
IFR,osda_getaway_mean_221,0.00024676554309842585
IFR,osda_getaway_mean_59,0.0002380778937676327
IFR,osda_getaway_mean_230,0.00020763306319121486
IFR,osda_getaway_mean_52,0.000203120111463637
IFR,cryst_time,0.00020108163542929705
IFR,osda_getaway_mean_143,0.00019485400310629232
IFR,osda_getaway_mean_191,0.0001702976165399636
IFR,f_ratio_to_t,0.0001677030217860441
IFR,osda_getaway_mean_120,0.0001642415874038908
IFR,osda_getaway_mean_202,0.00016357263721126199
IFR,b_ratio_to_t,0.00016175271654743798
IFR,osda_getaway_mean_51,0.00015557227839187065
IFR,osda_whim_mean_72,0.00015047545456365973
IFW,osda_getaway_mean_233,3.6391432753290184e-05
IFW,si_ratio_to_t,3.590248483930517e-05
IFW,osda_whim_mean_24,3.383137645861993e-05
IFW,osda_getaway_mean_252,3.0678307525958495e-05
IFW,osda_box_mean_4,3.055693182044742e-05
IFW,b_ratio_to_t,3.008038443452077e-05
IFW,osda_whim_mean_94,2.7162499224816354e-05
IFW,osda_whim_mean_46,2.700386989272793e-05
IFW,osda_getaway_mean_60,2.5660798951024413e-05
IFW,osda_whim_mean_81,2.4437078733020005e-05
IFW,osda_getaway_mean_168,2.4105325957524258e-05
IFW,osda_whim_mean_47,2.4084683141792435e-05
IFW,osda_getaway_mean_184,2.3939224688809034e-05
IFW,osda_whim_mean_35,2.3055123174003714e-05
IFW,osda_whim_mean_41,1.9992853094587686e-05
IFW,osda_whim_mean_98,1.927056053627942e-05
IFW,osda_getaway_mean_107,1.8809699596932983e-05
IFW,f_ratio_to_t,1.86165073632184e-05
IFW,osda_getaway_mean_165,1.845176776894705e-05
IFW,osda_box_mean_1,1.710567172353226e-05
IHW,osda_getaway_mean_255,0.0002840261245279959
IHW,osda_getaway_mean_72,0.00016548918326034445
IHW,osda_getaway_mean_143,0.00010369376667335849
IHW,osda_getaway_mean_201,9.913380025686924e-05
IHW,osda_getaway_mean_236,9.825030417473309e-05
IHW,osda_getaway_mean_227,8.351268225197297e-05
IHW,osda_whim_mean_39,8.048014482253118e-05
IHW,osda_getaway_mean_238,7.16004647515477e-05
IHW,osda_whim_mean_20,6.451334450045533e-05
IHW,cryst_time,6.436191382061544e-05
IHW,osda_getaway_mean_221,6.38398846255561e-05
IHW,osda_getaway_mean_205,5.953848057891022e-05
IHW,osda_getaway_mean_171,5.656559627183844e-05
IHW,osda_whim_mean_25,5.559661847752454e-05
IHW,osda_getaway_mean_89,5.534723176781703e-05
IHW,osda_getaway_mean_50,5.4286110823251666e-05
IHW,osda_getaway_mean_266,5.3216668228462134e-05
IHW,osda_getaway_mean_191,5.302550938847087e-05
IHW,osda_getaway_mean_34,5.224553948375405e-05
IHW,osda_getaway_mean_12,5.186520570777624e-05
IM-14,ge_ratio_to_t,2.9400211560641564e-05
IM-14,cryst_time,1.665933076353778e-05
IM-14,si_ratio_to_t,1.0616560527593387e-05
IM-14,al_ratio_to_t,6.550139351132355e-06
IM-14,cryst_temp,6.295399887222216e-06
IM-14,f_ratio_to_t,5.4720843528836625e-06
IM-14,osda_box_std_1,4.416321015655874e-06
IM-14,na_ratio_to_t,4.104506318598052e-06
IM-14,p_ratio_to_t,3.863730601119819e-06
IM-14,osda_getaway_mean_52,3.3576547596245703e-06
IM-14,osda_getaway_mean_222,3.1664453918935112e-06
IM-14,osda_box_std_0,2.8423558723634467e-06
IM-14,osda_free_sasa_std_0,2.684904166825318e-06
IM-14,osda_getaway_mean_191,2.3394196691027045e-06
IM-14,osda_getaway_mean_80,2.3215060380028793e-06
IM-14,osda_whim_mean_74,2.3051243705206494e-06
IM-14,osda_getaway_mean_241,2.2900844629668446e-06
IM-14,osda_box_mean_1,2.2509148159788456e-06
IM-14,osda_getaway_mean_121,1.8534079710988677e-06
IM-14,osda_getaway_mean_175,1.6026619716384809e-06
IMF,cryst_time,0.0003488222960343615
IMF,na_ratio_to_t,0.00018317854922191723
IMF,al_ratio_to_t,0.00014329273019504982
IMF,si_ratio_to_t,0.00010750382240093409
IMF,osda_getaway_mean_143,8.05093131968208e-05
IMF,cryst_temp,6.91012839005187e-05
IMF,osda_getaway_mean_233,6.664768297190524e-05
IMF,osda_getaway_mean_40,5.5238879491447445e-05
IMF,osda_getaway_mean_121,4.772064197811726e-05
IMF,osda_getaway_mean_167,4.760324096100959e-05
IMF,osda_getaway_mean_255,4.451771972976532e-05
IMF,osda_whim_mean_98,4.293144974302665e-05
IMF,f_ratio_to_t,3.8519145669977296e-05
IMF,osda_getaway_mean_185,3.7325300868337106e-05
IMF,osda_getaway_mean_148,3.7106220748268555e-05
IMF,osda_getaway_mean_191,3.6334034368526574e-05
IMF,osda_getaway_mean_55,3.560533020597832e-05
IMF,osda_whim_mean_92,3.4590476057072736e-05
IMF,osda_getaway_mean_98,3.454942073676309e-05
IMF,osda_whim_mean_100,3.318203578487279e-05
IRN,osda_num_rot_bonds_mean_0,0.00013375795092470926
IRN,osda_getaway_mean_221,8.938484664408145e-05
IRN,osda_getaway_mean_230,7.269291729804425e-05
IRN,osda_whim_mean_32,6.997834944112424e-05
IRN,osda_getaway_mean_206,6.874040533035985e-05
IRN,osda_whim_mean_74,4.048090383004007e-05
IRN,osda_getaway_mean_162,3.086605917454101e-05
IRN,osda_getaway_mean_209,2.191472624572489e-05
IRN,osda_getaway_mean_168,2.131721543265966e-05
IRN,osda_getaway_mean_40,2.0370569217429895e-05
IRN,osda_box_mean_4,1.9951993052334993e-05
IRN,osda_getaway_mean_151,1.9631872982086175e-05
IRN,osda_getaway_mean_64,1.6874529198220965e-05
IRN,osda_getaway_mean_184,1.5124707393272092e-05
IRN,osda_whim_mean_46,1.3284922370255026e-05
IRN,osda_getaway_mean_222,1.2540936517546586e-05
IRN,osda_whim_mean_68,1.1387670898426537e-05
IRN,osda_getaway_mean_41,1.137757301124944e-05
IRN,osda_getaway_mean_152,1.0990653304614821e-05
IRN,osda_getaway_mean_56,1.0809799533632102e-05
IRR,ge_ratio_to_t,0.0007944348293075734
IRR,si_ratio_to_t,0.0006060159422150675
IRR,f_ratio_to_t,0.00033717027351808814
IRR,osda_getaway_mean_132,0.00013299088233149336
IRR,osda_getaway_mean_90,0.00013088023884567747
IRR,cryst_temp,0.0001074542379551752
IRR,cryst_time,0.00010576601372505332
IRR,al_ratio_to_t,0.00010455250535190378
IRR,osda_getaway_mean_77,8.095139571672064e-05
IRR,osda_whim_mean_52,7.229168585608292e-05
IRR,osda_whim_mean_104,7.150335012690395e-05
IRR,osda_getaway_mean_152,7.091413411582777e-05
IRR,osda_getaway_mean_22,7.023259106800536e-05
IRR,osda_getaway_mean_30,6.950333844881074e-05
IRR,osda_whim_mean_13,6.93054786715314e-05
IRR,osda_getaway_mean_34,6.867839683051297e-05
IRR,na_ratio_to_t,6.57931217781713e-05
IRR,b_ratio_to_t,5.6710326138250206e-05
IRR,osda_getaway_mean_205,5.590479187284957e-05
IRR,osda_getaway_mean_191,5.470851586292451e-05
ISV,cryst_temp,0.000349101195274122
ISV,cryst_time,0.0002518653188102206
ISV,si_ratio_to_t,0.00023192757059412232
ISV,osda_whim_mean_52,0.000196856460051783
ISV,ge_ratio_to_t,0.00017522448561520018
ISV,osda_getaway_mean_207,0.00016357318528875081
ISV,f_ratio_to_t,0.00015798819197587505
ISV,osda_getaway_mean_141,0.00015464333982562748
ISV,osda_getaway_mean_191,0.00014315018409145875
ISV,osda_getaway_mean_143,0.00013540171968281478
ISV,osda_whim_mean_102,0.00013058406128289043
ISV,osda_getaway_mean_50,0.0001302269645420439
ISV,osda_getaway_mean_78,0.00012996760802223703
ISV,osda_getaway_mean_148,0.00012991027098968022
ISV,al_ratio_to_t,0.00012464546739693766
ISV,osda_getaway_mean_12,0.00012265427149638365
ISV,osda_whim_mean_33,0.00011986528167945394
ISV,osda_getaway_mean_255,0.00011741262548731585
ISV,osda_getaway_mean_267,0.00011429821716284136
ISV,osda_whim_mean_94,0.00011375287512620596
ISV/BEC,ge_ratio_to_t,0.0012194283878169331
ISV/BEC,f_ratio_to_t,0.0006475105114616675
ISV/BEC,al_ratio_to_t,0.0006321935663655535
ISV/BEC,si_ratio_to_t,0.0005337779138566964
ISV/BEC,cryst_time,0.0003774289128686007
ISV/BEC,b_ratio_to_t,0.0003476778707182234
ISV/BEC,cryst_temp,0.00023598971894918066
ISV/BEC,na_ratio_to_t,0.00010996740874722433
ISV/BEC,osda_getaway_mean_191,6.663311230216698e-05
ISV/BEC,osda_getaway_mean_50,5.208888112447785e-05
ISV/BEC,osda_getaway_mean_27,5.026830639195885e-05
ISV/BEC,osda_whim_mean_33,4.735867353764804e-05
ISV/BEC,osda_whim_mean_43,4.615248840428888e-05
ISV/BEC,osda_getaway_mean_125,4.611009054751515e-05
ISV/BEC,osda_whim_mean_35,4.5142574746623425e-05
ISV/BEC,osda_whim_mean_41,4.419905668528545e-05
ISV/BEC,osda_getaway_mean_20,4.372605198630574e-05
ISV/BEC,osda_getaway_mean_98,4.092797281037906e-05
ISV/BEC,osda_axes_mean_1,4.0395286210241144e-05
ISV/BEC,osda_getaway_mean_52,4.011143801687914e-05
ITE,si_ratio_to_t,0.0006839982349929399
ITE,al_ratio_to_t,0.0003777068612920103
ITE,cryst_temp,0.00037616218829806934
ITE,osda_getaway_mean_191,0.0003210175235107995
ITE,cryst_time,0.00031819182816524927
ITE,osda_getaway_mean_124,0.0002865852351070004
ITE,b_ratio_to_t,0.00027641835964904834
ITE,osda_getaway_mean_233,0.0002657973349846244
ITE,na_ratio_to_t,0.00022102278555800062
ITE,osda_npr1_mean_0,0.0002037097682227067
ITE,osda_whim_mean_33,0.0001770885051124575
ITE,osda_getaway_mean_40,0.00016544357967225473
ITE,osda_box_mean_3,0.00015237448596259716
ITE,osda_getaway_mean_152,0.00013157251123358375
ITE,osda_getaway_mean_29,0.00013041871374544758
ITE,f_ratio_to_t,0.0001221686216167273
ITE,osda_getaway_mean_12,0.00011810024276837438
ITE,osda_getaway_mean_113,0.0001143908929284194
ITE,osda_whim_mean_69,0.000108637263090121
ITE,k_ratio_to_t,0.00010580749338738094
ITG,si_ratio_to_t,4.51958595359836e-05
ITG,ge_ratio_to_t,1.4644165874568102e-05
ITG,osda_getaway_mean_238,1.390116044414865e-05
ITG,osda_getaway_mean_255,1.1973865152262158e-05
ITG,b_ratio_to_t,1.1304403797631785e-05
ITG,osda_whim_mean_75,1.0326398816581103e-05
ITG,al_ratio_to_t,1.0319511977616878e-05
ITG,f_ratio_to_t,8.436088876255698e-06
ITG,osda_whim_mean_37,7.273652646717553e-06
ITG,osda_getaway_mean_30,5.967076038497065e-06
ITG,osda_getaway_mean_210,5.653178096511109e-06
ITG,osda_getaway_mean_185,4.330023860146195e-06
ITG,osda_getaway_mean_12,4.29489564244338e-06
ITG,osda_getaway_mean_165,4.248440604905346e-06
ITG,osda_getaway_mean_143,4.245258628411029e-06
ITG,osda_getaway_mean_258,4.191855440698551e-06
ITG,osda_getaway_mean_256,3.984436735699939e-06
ITG,osda_getaway_mean_89,3.954711672376621e-06
ITG,osda_getaway_mean_195,3.54948623564507e-06
ITG,osda_getaway_mean_59,3.494655896938029e-06
ITH,ge_ratio_to_t,0.0033272460577426144
ITH,al_ratio_to_t,0.003282630323968122
ITH,cryst_time,0.0028170061124365175
ITH,f_ratio_to_t,0.0025186373479275928
ITH,si_ratio_to_t,0.0018266644097185006
ITH,cryst_temp,0.0014098669198929791
ITH,na_ratio_to_t,0.0009307729907067084
ITH,b_ratio_to_t,0.0007122470672385393
ITH,k_ratio_to_t,0.00027762453029453617
ITH,osda_getaway_mean_143,0.00017520131417080498
ITH,osda_getaway_mean_191,0.00016193445391066613
ITH,li_ratio_to_t,0.0001553227790562293
ITH,p_ratio_to_t,0.0001480725560050237
ITH,osda_getaway_mean_98,0.00014457613873048122
ITH,osda_getaway_mean_233,0.00014141639523901456
ITH,ti_ratio_to_t,0.0001401246983107029
ITH,osda_whim_mean_33,0.00013403976022380187
ITH,osda_getaway_mean_124,0.00013276851708248793
ITH,osda_getaway_mean_255,0.00012103924772411754
ITH,osda_whim_mean_31,8.6016580064263e-05
ITQ-21,ge_ratio_to_t,0.0017772224259367253
ITQ-21,f_ratio_to_t,0.0015588222581617308
ITQ-21,si_ratio_to_t,0.0013396442790843174
ITQ-21,cryst_time,0.0010594809872024682
ITQ-21,al_ratio_to_t,0.0007717898981229377
ITQ-21,cryst_temp,0.0006632669615404175
ITQ-21,b_ratio_to_t,0.0003869901303483982
ITQ-21,na_ratio_to_t,0.00023030134329927668
ITQ-21,osda_getaway_mean_191,0.0002047634032946138
ITQ-21,osda_getaway_mean_98,0.00013905641580635368
ITQ-21,osda_getaway_mean_143,0.00011559667843262819
ITQ-21,osda_getaway_mean_59,0.0001133739047982846
ITQ-21,osda_getaway_mean_233,0.00010000884102500765
ITQ-21,osda_npr1_mean_0,9.351014528631258e-05
ITQ-21,k_ratio_to_t,9.0917947826575e-05
ITQ-21,osda_getaway_mean_12,8.965903686710677e-05
ITQ-21,osda_getaway_mean_255,8.809551793636986e-05
ITQ-21,osda_getaway_mean_264,8.767975894178562e-05
ITQ-21,osda_getaway_mean_50,8.614854102035605e-05
ITQ-21,osda_getaway_mean_89,8.495202113351663e-05
ITQ-43,f_ratio_to_t,0.00026022349392904
ITQ-43,ge_ratio_to_t,0.0001917162411834363
ITQ-43,si_ratio_to_t,0.0001532987928438062
ITQ-43,al_ratio_to_t,0.0001452808404453048
ITQ-43,b_ratio_to_t,8.366283123549473e-05
ITQ-43,osda_getaway_mean_3,6.497225521379223e-05
ITQ-43,cryst_time,6.000501394520273e-05
ITQ-43,osda_getaway_mean_178,4.252212062794393e-05
ITQ-43,cryst_temp,3.7268791790461074e-05
ITQ-43,osda_getaway_mean_27,3.416748868312087e-05
ITQ-43,osda_getaway_mean_259,2.6865718215157206e-05
ITQ-43,osda_getaway_mean_41,2.58136929729733e-05
ITQ-43,na_ratio_to_t,2.5630299609537314e-05
ITQ-43,osda_getaway_mean_256,2.427661999229594e-05
ITQ-43,osda_getaway_mean_191,2.4013928792463355e-05
ITQ-43,osda_whim_mean_70,2.3232713480748868e-05
ITQ-43,osda_getaway_mean_67,2.3101565370960837e-05
ITQ-43,osda_whim_mean_47,2.159593019860023e-05
ITQ-43,osda_whim_mean_85,2.0251336862040493e-05
ITQ-43,osda_getaway_mean_130,1.9157452459377646e-05
ITR,osda_getaway_mean_64,0.00024019067774856887
ITR,osda_spherocity_index_std_0,0.0001537212729494389
ITR,osda_getaway_mean_98,0.0001462299154398501
ITR,osda_getaway_mean_153,0.00012257262220536461
ITR,osda_whim_mean_24,0.00011480381697363019
ITR,osda_getaway_mean_157,0.00011436298307122539
ITR,osda_getaway_mean_238,9.869319909389676e-05
ITR,osda_getaway_mean_65,9.350364408601798e-05
ITR,osda_whim_mean_21,8.97770195992427e-05
ITR,osda_getaway_mean_255,7.749199883548801e-05
ITR,osda_whim_mean_43,6.741484711607802e-05
ITR,osda_getaway_mean_124,6.716476489769448e-05
ITR,osda_getaway_mean_72,6.63180498536923e-05
ITR,osda_getaway_mean_158,6.564568631862187e-05
ITR,osda_getaway_mean_50,6.41263484387526e-05
ITR,osda_getaway_mean_166,6.369888551028704e-05
ITR,osda_getaway_mean_34,6.157779367036998e-05
ITR,osda_getaway_mean_83,6.0870537463060146e-05
ITR,osda_num_rot_bonds_mean_0,5.614873983876968e-05
ITR,osda_whim_mean_105,5.5139471710053785e-05
ITT,ge_ratio_to_t,0.0004163000830737402
ITT,si_ratio_to_t,0.000351035703133307
ITT,cryst_temp,0.00019300994110464463
ITT,cryst_time,0.0001333742982890426
ITT,al_ratio_to_t,0.00013138549754864871
ITT,f_ratio_to_t,0.00013078530498603804
ITT,osda_whim_mean_52,0.00012827211806017426
ITT,osda_whim_mean_67,0.00012117513697040642
ITT,osda_getaway_mean_194,0.00010778891055678104
ITT,osda_getaway_mean_190,0.00010444332566878959
ITT,osda_getaway_mean_100,0.00010039350861349244
ITT,osda_getaway_mean_52,8.489168321464161e-05
ITT,na_ratio_to_t,8.254637096686554e-05
ITT,osda_getaway_mean_59,7.799678201633127e-05
ITT,osda_getaway_mean_176,7.513861360771959e-05
ITT,osda_whim_mean_0,7.255615969636257e-05
ITT,osda_getaway_mean_72,7.255567292798181e-05
ITT,osda_getaway_mean_230,7.130313454465691e-05
ITT,osda_getaway_mean_83,6.70248174015702e-05
ITT,osda_getaway_mean_226,6.271906363051417e-05
ITW,f_ratio_to_t,0.0010143775095596875
ITW,cryst_time,0.0009828010879585364
ITW,cryst_temp,0.0007090054544715992
ITW,si_ratio_to_t,0.000490340671710191
ITW,al_ratio_to_t,0.0003230792344491987
ITW,ge_ratio_to_t,0.00023622437872963887
ITW,na_ratio_to_t,0.0001721542053878493
ITW,osda_getaway_mean_187,0.00014133286521707359
ITW,p_ratio_to_t,0.0001290282037953959
ITW,osda_axes_mean_1,0.00011879038491078603
ITW,osda_box_std_2,0.00010224591433414446
ITW,osda_whim_mean_69,0.00010190422246833987
ITW,osda_getaway_mean_140,9.925625796296231e-05
ITW,osda_getaway_mean_17,9.30200365657745e-05
ITW,osda_getaway_mean_168,8.836174837642962e-05
ITW,osda_whim_mean_33,8.544146604338956e-05
ITW,osda_getaway_mean_239,8.31734527216395e-05
ITW,osda_getaway_mean_120,8.196684936496784e-05
ITW,osda_getaway_mean_148,7.996309960508971e-05
ITW,osda_getaway_mean_175,7.870903864652775e-05
IWR,b_ratio_to_t,0.001309400347090407
IWR,ge_ratio_to_t,0.0012914974242906878
IWR,si_ratio_to_t,0.0011934146179418772
IWR,f_ratio_to_t,0.0011733267931162141
IWR,al_ratio_to_t,0.001168631080855546
IWR,cryst_time,0.0011437665541893503
IWR,cryst_temp,0.0007643411023813756
IWR,na_ratio_to_t,0.0004118519755735631
IWR,osda_getaway_mean_27,0.00040144717848910477
IWR,osda_whim_mean_33,0.0003804234784456445
IWR,osda_whim_mean_84,0.00032902835960280807
IWR,osda_getaway_mean_126,0.00026803245594163555
IWR,osda_whim_mean_0,0.0002515958924223019
IWR,osda_whim_mean_31,0.0002455336301271776
IWR,osda_whim_mean_52,0.00022380623868240365
IWR,osda_getaway_mean_191,0.0002206989166667849
IWR,osda_getaway_mean_233,0.00021509771158370586
IWR,osda_getaway_mean_142,0.00014488888044569232
IWR,osda_getaway_mean_237,0.00014141626569853514
IWR,k_ratio_to_t,0.00014014773818836886
IWS,ge_ratio_to_t,9.75093022781127e-05
IWS,osda_getaway_mean_50,6.82145507614312e-05
IWS,osda_getaway_mean_118,5.4014524707757686e-05
IWS,si_ratio_to_t,4.623415033941711e-05
IWS,osda_getaway_mean_249,4.450953732509844e-05
IWS,osda_whim_mean_89,3.244510441804872e-05
IWS,osda_getaway_mean_29,3.153877041688748e-05
IWS,osda_getaway_mean_51,2.376663027569259e-05
IWS,osda_getaway_mean_122,2.267325777179382e-05
IWS,osda_getaway_mean_98,2.2152026981463207e-05
IWS,cryst_time,2.118926684959276e-05
IWS,osda_getaway_mean_175,2.0592851871449824e-05
IWS,f_ratio_to_t,1.9760366058678043e-05
IWS,osda_whim_mean_14,1.7212514293573298e-05
IWS,osda_whim_mean_52,1.6702274431617473e-05
IWS,osda_getaway_mean_94,1.6099703806642553e-05
IWS,osda_getaway_mean_221,1.5650131769070127e-05
IWS,osda_getaway_mean_41,1.359650565567661e-05
IWS,osda_box_mean_0,1.356584902679314e-05
IWS,osda_getaway_mean_226,1.2908097069975482e-05
IWV,si_ratio_to_t,0.0042597052074063845
IWV,al_ratio_to_t,0.0020180663580919847
IWV,cryst_time,0.0015038868473861414
IWV,na_ratio_to_t,0.0007133838785386678
IWV,cryst_temp,0.0007094617340321538
IWV,f_ratio_to_t,0.0003393129170288187
IWV,ge_ratio_to_t,0.00023726827906651358
IWV,k_ratio_to_t,0.00017617340876772318
IWV,osda_getaway_mean_191,0.00014275867572796015
IWV,osda_getaway_mean_238,0.00012041046355227332
IWV,b_ratio_to_t,0.0001166894820029865
IWV,li_ratio_to_t,0.00010829509406557783
IWV,osda_mol_weight,7.767431418926033e-05
IWV,osda_getaway_mean_40,7.398750941759015e-05
IWV,ti_ratio_to_t,7.30771047751737e-05
IWV,osda_getaway_mean_233,7.266104919897092e-05
IWV,osda_whim_mean_69,7.170532023997497e-05
IWV,osda_getaway_mean_54,6.846113910930117e-05
IWV,osda_whim_mean_85,6.738913622562121e-05
IWV,osda_getaway_mean_69,6.602739849042288e-05
IWW,si_ratio_to_t,0.0012928621006166516
IWW,al_ratio_to_t,0.0012170223917657558
IWW,ge_ratio_to_t,0.0010505524149580466
IWW,cryst_time,0.0009867082310779332
IWW,f_ratio_to_t,0.0007738575489047829
IWW,cryst_temp,0.000754663742766188
IWW,na_ratio_to_t,0.0005985117391618288
IWW,b_ratio_to_t,0.00016935076604237455
IWW,k_ratio_to_t,0.00015730810140943602
IWW,ti_ratio_to_t,0.0001343074191464872
IWW,p_ratio_to_t,9.01444179867606e-05
IWW,osda_getaway_mean_191,7.012483717664231e-05
IWW,osda_getaway_mean_220,5.068419108940689e-05
IWW,osda_getaway_mean_255,4.895968725400948e-05
IWW,osda_getaway_mean_40,4.481195779818029e-05
IWW,osda_getaway_mean_27,4.254920656415524e-05
IWW,osda_getaway_mean_233,3.790095232059964e-05
IWW,osda_getaway_mean_228,3.6681997651949534e-05
IWW,osda_getaway_mean_120,3.483177549672267e-05
IWW,osda_whim_mean_52,3.422741039001346e-05
JBW,cryst_temp,0.00032850429240200845
JBW,na_ratio_to_t,0.0002182350488651134
JBW,al_ratio_to_t,0.00016622014193153767
JBW,cryst_time,0.00013225636823869388
JBW,si_ratio_to_t,0.00012925693833141987
JBW,k_ratio_to_t,0.00010369780412647308
JBW,f_ratio_to_t,5.347261932711035e-05
JBW,ge_ratio_to_t,1.8133804221620103e-05
JBW,ti_ratio_to_t,1.6145896724669212e-05
JBW,p_ratio_to_t,1.4548414700756301e-05
JBW,osda_getaway_mean_233,1.0743104745464093e-05
JBW,osda_getaway_mean_191,9.913820393123872e-06
JBW,li_ratio_to_t,9.723008272218585e-06
JBW,osda_getaway_mean_52,6.235890467565163e-06
JBW,b_ratio_to_t,6.1448124905505725e-06
JBW,osda_getaway_mean_124,5.93851199098882e-06
JBW,osda_getaway_mean_98,5.7686808625580056e-06
JBW,osda_whim_mean_52,5.0518662865684165e-06
JBW,osda_getaway_mean_140,4.872651218707697e-06
JBW,osda_getaway_mean_143,4.7998995729604855e-06
JRY,al_ratio_to_t,3.00009424023771e-05
JRY,p_ratio_to_t,2.9618943418475103e-05
JRY,co_ratio_to_t,2.6173574298222606e-05
JRY,cryst_time,1.3400822374686202e-05
JRY,si_ratio_to_t,1.3249633431317006e-05
JRY,osda_getaway_mean_143,1.0523106556604402e-05
JRY,osda_getaway_mean_191,9.314063043328942e-06
JRY,osda_box_std_2,9.144548793328488e-06
JRY,osda_whim_mean_28,7.450706023990745e-06
JRY,osda_num_rot_bonds_mean_0,6.822964358764193e-06
JRY,cryst_temp,6.773049449353936e-06
JRY,na_ratio_to_t,6.022391855771376e-06
JRY,osda_free_sasa_mean_0,5.424753499427896e-06
JRY,osda_axes_std_0,5.1054330027148055e-06
JRY,osda_getaway_mean_270,4.909925934392029e-06
JRY,osda_whim_mean_33,4.4512031661136605e-06
JRY,osda_getaway_mean_107,4.340573661961703e-06
JRY,osda_getaway_mean_175,4.1148922727872656e-06
JRY,osda_getaway_mean_63,4.0213078713791525e-06
JRY,osda_getaway_mean_235,3.916896632841925e-06
JSR,si_ratio_to_t,9.264617618300706e-06
JSR,ga_ratio_to_t,8.700743571103051e-06
JSR,ni_ratio_to_t,8.180371471421075e-06
JSR,cryst_time,5.549438217946053e-06
JSR,cryst_temp,4.597593807118722e-06
JSR,al_ratio_to_t,4.241835314745323e-06
JSR,osda_getaway_mean_50,3.647160367781085e-06
JSR,ge_ratio_to_t,3.497833014729485e-06
JSR,p_ratio_to_t,2.944385936172071e-06
JSR,osda_getaway_mean_29,2.6519896789820473e-06
JSR,osda_getaway_mean_174,2.1473623042292054e-06
JSR,osda_inertial_shape_factor_mean_0,2.0455147550544896e-06
JSR,osda_getaway_mean_6,1.8631854233738352e-06
JSR,osda_getaway_mean_133,1.8607164843069183e-06
JSR,osda_whim_mean_105,1.8210084752278442e-06
JSR,osda_getaway_mean_129,1.7759911759096919e-06
JSR,osda_getaway_mean_52,1.707237786755421e-06
JSR,osda_box_mean_6,1.692450763523744e-06
JSR,osda_whim_mean_22,1.539379074050952e-06
JSR,osda_npr1_mean_0,1.5251357011931922e-06
JST,si_ratio_to_t,8.173568026013849e-05
JST,ge_ratio_to_t,5.787292738810576e-05
JST,cryst_temp,3.0217531761596903e-05
JST,al_ratio_to_t,2.955909422958753e-05
JST,p_ratio_to_t,2.2747423572290108e-05
JST,ga_ratio_to_t,1.769369442718539e-05
JST,ni_ratio_to_t,1.4823536006152019e-05
JST,na_ratio_to_t,1.3627642713001432e-05
JST,co_ratio_to_t,1.2742817586086788e-05
JST,cryst_time,1.1882963790523478e-05
JST,osda_getaway_mean_191,1.1507712957397123e-05
JST,zn_ratio_to_t,1.007530980329723e-05
JST,osda_whim_mean_33,7.593765616066218e-06
JST,osda_getaway_mean_98,6.5472898058491795e-06
JST,osda_whim_mean_41,5.804920454268525e-06
JST,f_ratio_to_t,4.494454749779527e-06
JST,osda_getaway_mean_233,4.416082565544069e-06
JST,osda_whim_mean_108,4.155478505849568e-06
JST,osda_whim_mean_19,3.8092434698740507e-06
JST,osda_getaway_mean_101,3.743743333238969e-06
JSW,al_ratio_to_t,3.7712638637116336e-05
JSW,co_ratio_to_t,2.6823066703752365e-05
JSW,zn_ratio_to_t,2.6227163592483704e-05
JSW,si_ratio_to_t,2.137943144344258e-05
JSW,osda_getaway_mean_191,1.8632657200795134e-05
JSW,cryst_time,1.668300696656035e-05
JSW,p_ratio_to_t,1.038261935013704e-05
JSW,cryst_temp,9.895661283400195e-06
JSW,osda_getaway_mean_255,9.412280587641147e-06
JSW,osda_getaway_mean_151,9.224377348362433e-06
JSW,osda_getaway_mean_129,8.38186958581245e-06
JSW,osda_getaway_mean_43,8.316514824531746e-06
JSW,osda_getaway_mean_103,8.229594116655087e-06
JSW,osda_getaway_mean_175,8.026339578938296e-06
JSW,osda_whim_mean_50,7.910680859023335e-06
JSW,osda_getaway_mean_143,7.423191806947447e-06
JSW,osda_getaway_mean_11,7.0683999561329785e-06
JSW,osda_getaway_mean_102,7.051858311527559e-06
JSW,osda_getaway_mean_25,6.665849923081118e-06
JSW,osda_getaway_mean_69,6.662515110303236e-06
KFI,k_ratio_to_t,0.00046364362111199145
KFI,cryst_temp,0.00032752033992317645
KFI,na_ratio_to_t,0.0003159654609576695
KFI,cs_ratio_to_t,0.0002763860391169861
KFI,al_ratio_to_t,0.00024608073085691354
KFI,si_ratio_to_t,0.00024072694215152617
KFI,sr_ratio_to_t,0.0002232313678458221
KFI,cryst_time,0.00012276814489934522
KFI,f_ratio_to_t,6.700772451249948e-05
KFI,p_ratio_to_t,3.2362172656021525e-05
KFI,ge_ratio_to_t,2.5703095441303187e-05
KFI,osda_whim_mean_52,2.2870598377008424e-05
KFI,osda_getaway_mean_258,2.149780771555695e-05
KFI,osda_whim_mean_33,2.1269350321168287e-05
KFI,osda_getaway_mean_191,1.9304220679394656e-05
KFI,osda_whim_mean_55,1.809990668653872e-05
KFI,osda_getaway_mean_148,1.4451676591391607e-05
KFI,osda_getaway_mean_233,1.3464824737727366e-05
KFI,osda_whim_mean_68,1.244641758719738e-05
KFI,osda_whim_mean_94,1.2322646246265011e-05
LAU,al_ratio_to_t,0.00012805652870821255
LAU,p_ratio_to_t,7.877675947853688e-05
LAU,osda_whim_mean_43,7.877464708068725e-05
LAU,osda_spherocity_index_mean_0,6.853206222373914e-05
LAU,cryst_time,6.104746565848307e-05
LAU,osda_getaway_mean_191,5.937368236563511e-05
LAU,osda_whim_mean_31,5.623510812583462e-05
LAU,si_ratio_to_t,5.377290734040263e-05
LAU,osda_whim_mean_104,5.3365311813151317e-05
LAU,osda_getaway_mean_141,5.207676723068718e-05
LAU,osda_getaway_mean_237,4.6230091194436296e-05
LAU,osda_getaway_mean_56,4.52261282827329e-05
LAU,osda_getaway_mean_255,4.386373363596385e-05
LAU,osda_getaway_mean_165,4.302269216431738e-05
LAU,osda_getaway_mean_64,4.231227371122123e-05
LAU,osda_getaway_mean_98,4.1631573417007665e-05
LAU,cryst_temp,4.157415423427788e-05
LAU,osda_axes_mean_1,4.0292175615070554e-05
LAU,osda_getaway_mean_233,3.845696199713006e-05
LAU,osda_getaway_mean_58,3.5900621679375546e-05
LEV,cryst_temp,0.000950259208974647
LEV,al_ratio_to_t,0.0009163400539098083
LEV,p_ratio_to_t,0.0007864450115044497
LEV,si_ratio_to_t,0.0006863660260179032
LEV,na_ratio_to_t,0.0005951917998510566
LEV,cryst_time,0.0005124928295528538
LEV,f_ratio_to_t,0.0004799160230274826
LEV,osda_getaway_mean_191,0.0002831329405685581
LEV,osda_whim_mean_33,0.00024401216364535028
LEV,osda_whim_mean_86,0.00022437974497168994
LEV,osda_getaway_mean_143,0.000217308143519371
LEV,osda_whim_mean_94,0.0002149822598284436
LEV,osda_getaway_mean_233,0.00021437975227086027
LEV,osda_getaway_mean_175,0.00020950917952704533
LEV,k_ratio_to_t,0.0001797404779242269
LEV,osda_getaway_mean_27,0.00017538380472727682
LEV,osda_whim_mean_69,0.00017450615886812287
LEV,osda_getaway_mean_124,0.00016857281276114422
LEV,osda_whim_mean_0,0.00015204495763560894
LEV,osda_getaway_mean_133,0.0001518815150524503
LOS,cryst_time,0.0006915295303896191
LOS,si_ratio_to_t,0.0002580026054855177
LOS,osda_getaway_mean_191,0.00025570845436206235
LOS,al_ratio_to_t,0.00023134591536347557
LOS,osda_getaway_mean_124,0.00022891732752912394
LOS,na_ratio_to_t,0.00013372043712233845
LOS,osda_getaway_mean_233,0.00012694274128584635
LOS,osda_asphericity_mean_0,0.0001094778084834472
LOS,osda_getaway_mean_34,9.875177629486285e-05
LOS,osda_whim_mean_20,8.081585999503468e-05
LOS,osda_whim_mean_33,7.858368963166711e-05
LOS,osda_getaway_mean_255,7.856249489636769e-05
LOS,osda_whim_mean_94,7.204025243192068e-05
LOS,osda_getaway_mean_143,7.154346394525589e-05
LOS,osda_box_mean_5,7.063632457360669e-05
LOS,osda_whim_mean_83,6.56425781599305e-05
LOS,osda_getaway_mean_197,5.9707828788316516e-05
LOS,osda_whim_mean_23,5.582542874786216e-05
LOS,osda_whim_mean_95,5.515500776039868e-05
LOS,osda_num_rot_bonds_mean_0,5.513048874828617e-05
LTA,al_ratio_to_t,0.0038844476899242276
LTA,si_ratio_to_t,0.0034342511946358727
LTA,cryst_time,0.0028977572241412376
LTA,cryst_temp,0.002806401518952366
LTA,f_ratio_to_t,0.00266015062365233
LTA,na_ratio_to_t,0.001832042724571363
LTA,k_ratio_to_t,0.0008447832541027901
LTA,osda_getaway_mean_98,0.0005648362812800429
LTA,p_ratio_to_t,0.0005499311189404154
LTA,osda_getaway_mean_191,0.0004916711325409048
LTA,ge_ratio_to_t,0.0003822611068232043
LTA,osda_getaway_mean_159,0.000378174553298476
LTA,osda_getaway_mean_130,0.00037242487887292203
LTA,osda_getaway_mean_131,0.00036991525909661283
LTA,osda_getaway_mean_59,0.0003114457878992928
LTA,osda_getaway_mean_27,0.0002895452794393328
LTA,osda_getaway_mean_233,0.0002626046723452394
LTA,osda_getaway_mean_230,0.00025938040303917525
LTA,osda_getaway_mean_148,0.0002589129409450225
LTA,li_ratio_to_t,0.0002498697981258913
LTF,al_ratio_to_t,3.979556989688684e-05
LTF,na_ratio_to_t,3.420179031900163e-05
LTF,si_ratio_to_t,1.853526432114353e-05
LTF,cryst_time,1.689986432061632e-05
LTF,cryst_temp,1.599768196075038e-05
LTF,p_ratio_to_t,1.2386179568278395e-05
LTF,osda_box_std_9,7.3302530684757805e-06
LTF,osda_whim_mean_86,5.432001043881316e-06
LTF,osda_whim_mean_33,3.987428891629249e-06
LTF,f_ratio_to_t,3.721899736785699e-06
LTF,osda_getaway_mean_191,3.1992582993603097e-06
LTF,k_ratio_to_t,3.1183395019131933e-06
LTF,osda_getaway_mean_175,2.9940844618831247e-06
LTF,osda_getaway_mean_3,2.9844997833185464e-06
LTF,osda_whim_mean_104,2.770475636529849e-06
LTF,osda_whim_mean_52,2.7546989313153467e-06
LTF,sr_ratio_to_t,2.73633737483534e-06
LTF,osda_whim_mean_0,2.563090636188719e-06
LTF,osda_getaway_mean_233,2.1595164609664115e-06
LTF,osda_box_mean_0,2.0409603514857208e-06
LTJ,k_ratio_to_t,0.00011491773800588279
LTJ,na_ratio_to_t,8.83667220143242e-05
LTJ,al_ratio_to_t,8.613134353087059e-05
LTJ,si_ratio_to_t,7.969490361326638e-05
LTJ,cryst_temp,7.799067234933199e-05
LTJ,cryst_time,4.1827647714091486e-05
LTJ,f_ratio_to_t,2.505499094297641e-05
LTJ,p_ratio_to_t,1.3458223301309495e-05
LTJ,ge_ratio_to_t,1.2619480574169302e-05
LTJ,cs_ratio_to_t,1.083456113883887e-05
LTJ,osda_getaway_mean_191,5.51241216029651e-06
LTJ,osda_getaway_mean_102,4.00089176529964e-06
LTJ,li_ratio_to_t,3.992105783343075e-06
LTJ,osda_getaway_mean_132,3.820299358533152e-06
LTJ,osda_getaway_mean_52,3.475846622535743e-06
LTJ,osda_getaway_mean_19,3.4628256639193557e-06
LTJ,osda_getaway_mean_143,3.4433805949061093e-06
LTJ,osda_getaway_mean_153,3.3814833315598718e-06
LTJ,b_ratio_to_t,2.819670469586317e-06
LTJ,osda_whim_mean_33,2.683301071436514e-06
LTL,k_ratio_to_t,0.0028808003290926366
LTL,cryst_time,0.001497740895832358
LTL,al_ratio_to_t,0.0013239769648745214
LTL,na_ratio_to_t,0.0009863844729406986
LTL,si_ratio_to_t,0.0008169914121914771
LTL,cryst_temp,0.0007576968666669968
LTL,f_ratio_to_t,0.0006638467906585947
LTL,ge_ratio_to_t,0.00022100035128105007
LTL,p_ratio_to_t,0.00021109156425713063
LTL,ti_ratio_to_t,0.0001499019366306111
LTL,osda_getaway_mean_191,0.0001056047388860025
LTL,ba_ratio_to_t,9.98056027808602e-05
LTL,osda_whim_mean_14,9.743202559165328e-05
LTL,osda_getaway_mean_233,7.253373456851638e-05
LTL,osda_whim_mean_41,7.141402954313538e-05
LTL,osda_getaway_mean_34,7.033719272887142e-05
LTL,osda_getaway_mean_124,6.477074204199051e-05
LTL,osda_whim_mean_33,6.187916958542044e-05
LTL,osda_whim_mean_99,6.149843155615339e-05
LTL,osda_getaway_mean_143,6.113433516218016e-05
LTN,cryst_time,0.00011807156946185635
LTN,na_ratio_to_t,8.265092724584505e-05
LTN,al_ratio_to_t,6.200570464586374e-05
LTN,cryst_temp,5.976619570963791e-05
LTN,si_ratio_to_t,5.9227662474160084e-05
LTN,f_ratio_to_t,8.060814338359e-06
LTN,k_ratio_to_t,7.20563632467907e-06
LTN,osda_getaway_mean_191,5.556517655981279e-06
LTN,ge_ratio_to_t,4.719936558335563e-06
LTN,osda_whim_mean_52,4.3963813651527124e-06
LTN,p_ratio_to_t,3.562069295076474e-06
LTN,osda_getaway_mean_233,3.4925400396552644e-06
LTN,osda_getaway_mean_124,2.4351455889481695e-06
LTN,osda_getaway_mean_255,2.398884784903491e-06
LTN,osda_getaway_mean_98,2.3667968592835295e-06
LTN,osda_whim_mean_33,2.294367907970848e-06
LTN,osda_getaway_mean_52,2.172540544289524e-06
LTN,osda_getaway_mean_25,2.1564972794605424e-06
LTN,osda_getaway_mean_113,2.0683042294387687e-06
LTN,osda_whim_mean_67,1.921945957346162e-06
MAZ,na_ratio_to_t,0.0007669739177205078
MAZ,cryst_temp,0.0006919946964822919
MAZ,cryst_time,0.0004774952481944337
MAZ,al_ratio_to_t,0.0003979419914494168
MAZ,si_ratio_to_t,0.0003930511733974619
MAZ,f_ratio_to_t,0.0002603618936793961
MAZ,cs_ratio_to_t,0.00019105986287802293
MAZ,k_ratio_to_t,0.0001695809041958336
MAZ,osda_getaway_mean_191,0.0001609436579838433
MAZ,p_ratio_to_t,0.00012470789953963424
MAZ,osda_whim_mean_10,9.660424356633614e-05
MAZ,osda_getaway_mean_233,8.82615741756675e-05
MAZ,li_ratio_to_t,8.727667918623179e-05
MAZ,ge_ratio_to_t,7.258090602465373e-05
MAZ,osda_getaway_mean_121,7.098231761997994e-05
MAZ,osda_whim_mean_104,5.927729532507113e-05
MAZ,ga_ratio_to_t,5.708196570467338e-05
MAZ,ti_ratio_to_t,5.473037630272634e-05
MAZ,osda_getaway_mean_164,5.449562340603649e-05
MAZ,osda_whim_mean_92,5.178352840666819e-05
MEI,al_ratio_to_t,0.00033423113234639685
MEI,si_ratio_to_t,0.0002902433908218567
MEI,ge_ratio_to_t,0.0002642669679993228
MEI,osda_getaway_mean_63,0.00020955239724024856
MEI,sr_ratio_to_t,0.00019625712709421962
MEI,na_ratio_to_t,0.00017481436190975365
MEI,osda_getaway_mean_191,0.00017299549240762507
MEI,cryst_time,0.000150867424573163
MEI,osda_getaway_mean_136,0.00014356321409566086
MEI,cryst_temp,0.00010754736218233949
MEI,osda_getaway_mean_74,0.00010144887607412898
MEI,osda_getaway_mean_47,0.00010111439200185568
MEI,osda_getaway_mean_235,0.00010000311371476745
MEI,li_ratio_to_t,9.940139188524183e-05
MEI,osda_whim_mean_52,8.520385681790767e-05
MEI,osda_whim_mean_33,8.355550542681426e-05
MEI,osda_getaway_mean_143,7.69434123939469e-05
MEI,p_ratio_to_t,7.018055914412036e-05
MEI,osda_getaway_mean_27,6.919096862643745e-05
MEI,osda_spherocity_index_mean_0,6.765616076077469e-05
MEL,cryst_temp,0.0008959993048997249
MEL,ti_ratio_to_t,0.0008314405855151348
MEL,si_ratio_to_t,0.0007914250592729531
MEL,al_ratio_to_t,0.000681554854907446
MEL,osda_getaway_mean_37,0.0006469264632344204
MEL,cryst_time,0.0005444471000950392
MEL,osda_box_std_9,0.0004799249548483402
MEL,osda_getaway_mean_98,0.0004640264758235315
MEL,osda_box_std_8,0.0004097571826929382
MEL,na_ratio_to_t,0.0003904360192237715
MEL,osda_getaway_mean_148,0.0003898693052549238
MEL,osda_getaway_mean_97,0.0003304295243669705
MEL,osda_getaway_mean_142,0.0003264125608372076
MEL,osda_getaway_mean_18,0.00031833705870470605
MEL,osda_getaway_mean_230,0.000289616461660754
MEL,osda_whim_mean_100,0.00028827818092302655
MEL,osda_whim_mean_10,0.00027722914946047897
MEL,osda_getaway_mean_99,0.00027601010600466423
MEL,osda_getaway_mean_52,0.00026741408821807385
MEL,osda_getaway_mean_194,0.00026721009357727146
MEL/MFI,si_ratio_to_t,0.00020718764516717064
MEL/MFI,na_ratio_to_t,0.00019911570313818345
MEL/MFI,osda_whim_mean_35,0.00011128615756667018
MEL/MFI,al_ratio_to_t,0.00010427881391887207
MEL/MFI,osda_getaway_mean_138,8.828034648029319e-05
MEL/MFI,osda_getaway_mean_191,7.762525325016132e-05
MEL/MFI,osda_getaway_mean_233,5.8694886605220444e-05
MEL/MFI,osda_getaway_mean_260,5.5701198760646025e-05
MEL/MFI,osda_getaway_mean_36,5.391824032423362e-05
MEL/MFI,osda_getaway_mean_143,5.3343477495144946e-05
MEL/MFI,osda_getaway_mean_98,5.3193324760873816e-05
MEL/MFI,cryst_time,5.2370430674103004e-05
MEL/MFI,osda_whim_mean_55,4.332190389520095e-05
MEL/MFI,cryst_temp,4.197050539232915e-05
MEL/MFI,osda_getaway_mean_223,3.886327867320576e-05
MEL/MFI,osda_whim_mean_100,3.8411009596666095e-05
MEL/MFI,osda_getaway_mean_46,3.757276787767224e-05
MEL/MFI,osda_getaway_mean_150,3.596311016968002e-05
MEL/MFI,osda_getaway_mean_97,3.547087385240322e-05
MEL/MFI,osda_axes_mean_1,3.4962538805025534e-05
MEL/ZSM-55,na_ratio_to_t,3.8967214693284026e-05
MEL/ZSM-55,al_ratio_to_t,2.5552311206454702e-05
MEL/ZSM-55,cryst_time,1.5371821737309253e-05
MEL/ZSM-55,cryst_temp,1.3801847470871218e-05
MEL/ZSM-55,si_ratio_to_t,9.794204543000267e-06
MEL/ZSM-55,ti_ratio_to_t,8.548251032507315e-06
MEL/ZSM-55,osda_getaway_mean_37,8.167564661957962e-06
MEL/ZSM-55,f_ratio_to_t,4.038066478849833e-06
MEL/ZSM-55,osda_getaway_mean_18,4.025493804232863e-06
MEL/ZSM-55,osda_getaway_mean_166,3.899508564581446e-06
MEL/ZSM-55,osda_whim_mean_52,3.710985232618798e-06
MEL/ZSM-55,osda_getaway_mean_95,3.5382315181717275e-06
MEL/ZSM-55,osda_getaway_mean_36,3.340148791054752e-06
MEL/ZSM-55,osda_getaway_mean_39,3.209811902492713e-06
MEL/ZSM-55,osda_getaway_mean_98,3.131249713778608e-06
MEL/ZSM-55,osda_box_mean_5,3.0449379717542914e-06
MEL/ZSM-55,osda_getaway_mean_213,2.9319796331102843e-06
MEL/ZSM-55,osda_getaway_mean_58,2.901283127087529e-06
MEL/ZSM-55,osda_whim_mean_35,2.8785724310710245e-06
MEL/ZSM-55,osda_box_mean_10,2.839957768386369e-06
MER,k_ratio_to_t,0.0012314093348722358
MER,al_ratio_to_t,0.0008979523863682637
MER,cryst_time,0.0006607427582008159
MER,si_ratio_to_t,0.0006334561062320501
MER,cryst_temp,0.0006060305413422556
MER,na_ratio_to_t,0.00046446518136424
MER,f_ratio_to_t,0.0004390899114981036
MER,ge_ratio_to_t,0.00012776370369386604
MER,p_ratio_to_t,0.00011443547684368135
MER,ti_ratio_to_t,0.00010377870031120617
MER,osda_getaway_mean_191,6.88264116459951e-05
MER,sr_ratio_to_t,6.293542022596963e-05
MER,cs_ratio_to_t,5.9033930881237296e-05
MER,osda_getaway_mean_233,4.514987993377787e-05
MER,osda_getaway_mean_27,3.5030254650308796e-05
MER,osda_getaway_mean_255,3.4886134225276934e-05
MER,li_ratio_to_t,3.4700696488000625e-05
MER,b_ratio_to_t,3.284100521811045e-05
MER,osda_getaway_mean_98,3.087226209358403e-05
MER,osda_whim_mean_33,3.0232367570235762e-05
MFI,si_ratio_to_t,0.01166467895957426
MFI,al_ratio_to_t,0.009629745852374017
MFI,cryst_temp,0.007158965489793605
MFI,na_ratio_to_t,0.006041049143047973
MFI,osda_box_std_9,0.005555805602726897
MFI,osda_getaway_mean_230,0.005539927249369559
MFI,osda_getaway_mean_138,0.005496472722826677
MFI,cryst_time,0.0052160845357978325
MFI,osda_getaway_mean_98,0.00507439653009126
MFI,osda_getaway_mean_97,0.004818486606365031
MFI,osda_getaway_mean_37,0.0046716629008550035
MFI,osda_getaway_mean_3,0.00447927415283505
MFI,p_ratio_to_t,0.004066341855021304
MFI,osda_getaway_mean_141,0.004052041090060867
MFI,osda_getaway_mean_36,0.0037357149040029057
MFI,osda_spherocity_index_std_0,0.0030285455064954156
MFI,osda_getaway_mean_194,0.0027475573644123144
MFI,osda_getaway_mean_18,0.002700454624237859
MFI,osda_box_std_8,0.0026979213180294967
MFI,osda_whim_mean_24,0.002628619263692939
MFI/MEL,cryst_time,0.0002643627503519318
MFI/MEL,si_ratio_to_t,0.00021992115647593034
MFI/MEL,cryst_temp,0.00016925498320575374
MFI/MEL,ti_ratio_to_t,0.00013091310593243762
MFI/MEL,na_ratio_to_t,0.00013073203854568034
MFI/MEL,k_ratio_to_t,0.00011673508142810041
MFI/MEL,al_ratio_to_t,0.00011113973926393946
MFI/MEL,osda_getaway_mean_37,8.876962112489852e-05
MFI/MEL,f_ratio_to_t,7.285876839326163e-05
MFI/MEL,osda_getaway_mean_97,6.782461105723885e-05
MFI/MEL,osda_getaway_mean_98,6.389962175196749e-05
MFI/MEL,osda_getaway_mean_138,6.065858721177715e-05
MFI/MEL,osda_getaway_mean_18,5.079077739109258e-05
MFI/MEL,osda_getaway_mean_194,4.8207329468284294e-05
MFI/MEL,osda_getaway_mean_95,4.289807704858481e-05
MFI/MEL,osda_box_std_9,4.244309449447215e-05
MFI/MEL,osda_getaway_mean_57,4.109155617518122e-05
MFI/MEL,p_ratio_to_t,3.900284967239962e-05
MFI/MEL,osda_whim_mean_52,3.777603109798578e-05
MFI/MEL,osda_spherocity_index_std_0,3.682278393066786e-05
MFS,na_ratio_to_t,0.0002059497206459415
MFS,si_ratio_to_t,0.00018036862686719913
MFS,cryst_temp,0.00014204564827513405
MFS,al_ratio_to_t,0.00012300240554888935
MFS,cryst_time,8.820119053387815e-05
MFS,f_ratio_to_t,3.31951819249715e-05
MFS,osda_box_std_8,3.230934199671755e-05
MFS,k_ratio_to_t,2.7176353850016344e-05
MFS,osda_getaway_mean_233,2.6323802079663133e-05
MFS,osda_getaway_mean_270,2.4638283638822858e-05
MFS,osda_getaway_mean_98,2.0294564148333638e-05
MFS,osda_getaway_mean_220,1.9454242170349384e-05
MFS,osda_getaway_mean_191,1.7866897004052265e-05
MFS,osda_getaway_mean_40,1.6891647190294667e-05
MFS,osda_getaway_mean_166,1.6622169804356246e-05
MFS,osda_getaway_mean_52,1.6511523409857433e-05
MFS,osda_getaway_mean_59,1.6499577448479833e-05
MFS,osda_axes_std_1,1.6079168710697342e-05
MFS,osda_getaway_mean_253,1.580611146735903e-05
MFS,osda_asphericity_std_0,1.5801113117811833e-05
MOR,na_ratio_to_t,0.0072334071174162155
MOR,al_ratio_to_t,0.0035487094948133753
MOR,si_ratio_to_t,0.002223558235450775
MOR,cryst_temp,0.0018948602699516487
MOR,cryst_time,0.0013714811027803909
MOR,k_ratio_to_t,0.0009727723671950983
MOR,f_ratio_to_t,0.0008382550240426459
MOR,ge_ratio_to_t,0.0005856788464427903
MOR,p_ratio_to_t,0.0005158136790817273
MOR,osda_getaway_mean_233,0.0003239479128110355
MOR,osda_getaway_mean_113,0.00028156606661806476
MOR,ti_ratio_to_t,0.000279297686074197
MOR,li_ratio_to_t,0.0002489255098689688
MOR,osda_whim_mean_100,0.00024822804133382137
MOR,osda_getaway_mean_89,0.00024342526856814122
MOR,osda_getaway_mean_98,0.00023302402215503995
MOR,b_ratio_to_t,0.00022751112452395564
MOR,osda_getaway_mean_12,0.00021960431244983847
MOR,osda_getaway_mean_36,0.00019526507959427138
MOR,osda_whim_mean_108,0.0001880103581564578
MRT,cs_ratio_to_t,0.002268972190117028
MRT,cryst_time,0.0005931128118136602
MRT,na_ratio_to_t,0.0005920180799130555
MRT,al_ratio_to_t,0.0005650717498899468
MRT,si_ratio_to_t,0.0003813604629581085
MRT,osda_getaway_mean_191,0.00028106380379740143
MRT,k_ratio_to_t,0.00027074345886598963
MRT,osda_getaway_mean_252,0.00019198372894326573
MRT,osda_getaway_mean_52,0.0001623935247147735
MRT,osda_whim_mean_33,0.0001520559568389516
MRT,osda_getaway_mean_98,0.00013444562723935238
MRT,osda_getaway_mean_76,0.00013275906418303934
MRT,osda_getaway_mean_254,0.00012504314332549145
MRT,osda_getaway_mean_40,0.00011804063971643145
MRT,p_ratio_to_t,0.00011650417808169263
MRT,osda_whim_mean_84,0.0001133377741178813
MRT,osda_getaway_mean_175,0.00011064020118584118
MRT,osda_whim_mean_52,0.00010600774728174727
MRT,osda_getaway_mean_118,0.00010406194484594133
MRT,osda_getaway_mean_143,0.00010300148370161838
MSE,p_ratio_to_t,0.0003813403217261064
MSE,k_ratio_to_t,0.00032065883327466995
MSE,si_ratio_to_t,0.00025869146241848737
MSE,al_ratio_to_t,0.0002099469496249949
MSE,na_ratio_to_t,0.00017759568398704483
MSE,cryst_temp,0.0001494366064992853
MSE,cryst_time,0.00010398360967763028
MSE,f_ratio_to_t,7.53714125481866e-05
MSE,zn_ratio_to_t,6.207372515714199e-05
MSE,osda_getaway_mean_255,6.05122075177876e-05
MSE,osda_whim_mean_104,5.5224323715356114e-05
MSE,osda_getaway_mean_233,4.631630423207901e-05
MSE,osda_getaway_mean_143,4.508048453658237e-05
MSE,osda_getaway_mean_34,4.427322865577138e-05
MSE,osda_getaway_mean_40,4.2932848110515175e-05
MSE,osda_getaway_mean_124,4.250444566782638e-05
MSE,osda_getaway_mean_191,4.198425530710943e-05
MSE,osda_getaway_mean_59,4.100819698243116e-05
MSE,osda_getaway_mean_7,3.9239416221547396e-05
MSE,osda_getaway_mean_151,3.719073305165592e-05
MSO,cryst_temp,8.141430089405565e-05
MSO,al_ratio_to_t,6.73914858795509e-05
MSO,osda_getaway_mean_98,6.626438942190209e-05
MSO,si_ratio_to_t,5.741719069304366e-05
MSO,p_ratio_to_t,5.303890912906823e-05
MSO,osda_whim_mean_52,5.263135855232716e-05
MSO,na_ratio_to_t,4.7659417592546086e-05
MSO,osda_whim_mean_73,4.696227878304763e-05
MSO,osda_getaway_mean_1,4.336046845141136e-05
MSO,k_ratio_to_t,3.6441163969261406e-05
MSO,osda_getaway_mean_258,3.615628926586239e-05
MSO,osda_getaway_mean_228,3.445398085385197e-05
MSO,osda_getaway_mean_31,3.382254255811198e-05
MSO,osda_getaway_mean_254,3.2650358732771916e-05
MSO,osda_getaway_mean_64,3.126462929395793e-05
MSO,osda_getaway_mean_19,3.036532085543335e-05
MSO,osda_whim_mean_32,2.911805660530233e-05
MSO,osda_getaway_mean_37,2.76529078776585e-05
MSO,osda_getaway_mean_20,2.6794634595290363e-05
MSO,osda_getaway_mean_50,2.664262510294928e-05
MTF,cryst_temp,0.0005264318041226413
MTF,si_ratio_to_t,0.0004916719369875372
MTF,al_ratio_to_t,0.00044965659828541214
MTF,cryst_time,0.00033861720022017165
MTF,na_ratio_to_t,0.00028682322041709285
MTF,osda_getaway_mean_40,0.00012198304684636621
MTF,osda_getaway_mean_255,0.00010770425310417484
MTF,osda_getaway_mean_191,9.151784327263546e-05
MTF,f_ratio_to_t,8.388707643427095e-05
MTF,osda_getaway_mean_233,8.150264587017823e-05
MTF,osda_whim_mean_26,7.226250075056766e-05
MTF,osda_getaway_mean_125,6.82663371325654e-05
MTF,osda_getaway_mean_124,6.322193700320513e-05
MTF,osda_getaway_mean_171,6.168856430005933e-05
MTF,osda_getaway_mean_272,5.5431341228575816e-05
MTF,osda_getaway_mean_83,5.423867933501679e-05
MTF,osda_getaway_mean_239,5.1794432185605025e-05
MTF,p_ratio_to_t,5.000991369928914e-05
MTF,b_ratio_to_t,4.503873946961291e-05
MTF,osda_getaway_mean_117,4.2280961845725214e-05
MTN,f_ratio_to_t,0.0006274892410429634
MTN,na_ratio_to_t,0.0006218369199531453
MTN,si_ratio_to_t,0.0004366056324097442
MTN,cryst_time,0.00039216833283135604
MTN,cryst_temp,0.0003716830115635044
MTN,al_ratio_to_t,0.0003539291714760825
MTN,osda_getaway_mean_19,0.0001643139044230736
MTN,ge_ratio_to_t,0.00011773754576627881
MTN,osda_whim_mean_52,8.934514667909474e-05
MTN,osda_getaway_mean_133,8.096188121022462e-05
MTN,osda_getaway_mean_57,7.900304195454586e-05
MTN,osda_whim_mean_48,6.774660297125636e-05
MTN,osda_getaway_mean_56,6.597131192902885e-05
MTN,osda_getaway_mean_141,6.521348105735733e-05
MTN,p_ratio_to_t,6.399321483626595e-05
MTN,osda_getaway_mean_59,5.984813315105591e-05
MTN,k_ratio_to_t,5.977533451685027e-05
MTN,osda_getaway_mean_205,5.913504758521631e-05
MTN,osda_whim_mean_14,5.9062042515277565e-05
MTN,osda_getaway_mean_191,5.8015206284294835e-05
MTT,cryst_time,0.001024833476318053
MTT,si_ratio_to_t,0.0009199404135636599
MTT,osda_getaway_mean_191,0.0008483838773596455
MTT,al_ratio_to_t,0.000805515793451323
MTT,cryst_temp,0.0004979299705752477
MTT,osda_getaway_mean_233,0.00045324453458061236
MTT,osda_getaway_mean_40,0.0003687766998390863
MTT,osda_getaway_mean_153,0.00030070839381229816
MTT,na_ratio_to_t,0.0002883561070199526
MTT,f_ratio_to_t,0.00026290286322447375
MTT,p_ratio_to_t,0.0002592778560850635
MTT,osda_getaway_mean_25,0.00024164555364262298
MTT,osda_whim_mean_33,0.0002294617859292189
MTT,osda_getaway_mean_152,0.00020912125508415174
MTT,osda_getaway_mean_138,0.0002069394145157166
MTT,osda_whim_mean_8,0.00020662006668983326
MTT,osda_getaway_mean_175,0.0001966298400131977
MTT,osda_getaway_mean_112,0.00019268409478076292
MTT,osda_whim_mean_52,0.00018865945977765135
MTT,osda_getaway_mean_31,0.0001836091937637157
MTW,si_ratio_to_t,0.004996906782244511
MTW,al_ratio_to_t,0.0033234165252010043
MTW,cryst_time,0.002332760071591434
MTW,na_ratio_to_t,0.0022454257581752735
MTW,cryst_temp,0.002070999106365088
MTW,zn_ratio_to_t,0.0010863512270077788
MTW,f_ratio_to_t,0.0010571940167807196
MTW,li_ratio_to_t,0.000953745489516888
MTW,ge_ratio_to_t,0.0008250637922174002
MTW,osda_whim_mean_52,0.0007977977805565053
MTW,osda_getaway_mean_124,0.0007852289609832026
MTW,p_ratio_to_t,0.0007819638179653522
MTW,osda_getaway_mean_191,0.0007217173137640619
MTW,k_ratio_to_t,0.0006483752544363007
MTW,osda_getaway_mean_255,0.0005176084714494499
MTW,osda_getaway_mean_34,0.0004959669452825641
MTW,osda_getaway_mean_130,0.0004805897223503914
MTW,osda_getaway_mean_143,0.000474890405337061
MTW,osda_getaway_mean_98,0.00045441830421123075
MTW,osda_whim_mean_33,0.000453024266935982
MVY,osda_spherocity_index_std_0,2.840325906604954e-05
MVY,osda_whim_mean_32,2.154055342198922e-05
MVY,osda_getaway_mean_191,2.1478152583709444e-05
MVY,osda_getaway_mean_64,2.118961292329949e-05
MVY,osda_spherocity_index_mean_0,2.0767818016492782e-05
MVY,osda_getaway_mean_121,1.894934976263358e-05
MVY,osda_getaway_mean_99,1.6188186706986875e-05
MVY,osda_getaway_mean_206,1.2807179481727377e-05
MVY,osda_getaway_mean_222,1.1805228381402558e-05
MVY,osda_getaway_mean_61,1.1631483241732013e-05
MVY,osda_getaway_mean_98,1.0971558472469683e-05
MVY,osda_whim_mean_42,1.0517294691461118e-05
MVY,osda_box_mean_4,1.0254940111570855e-05
MVY,osda_getaway_mean_207,7.919872936581533e-06
MVY,osda_getaway_mean_216,7.653515731151782e-06
MVY,osda_getaway_mean_36,7.4915260322321545e-06
MVY,osda_gyration_radius_mean_0,7.203057363959148e-06
MVY,osda_getaway_mean_101,7.115271843454641e-06
MVY,osda_getaway_mean_197,7.048081099211936e-06
MVY,osda_whim_mean_95,6.963448427357425e-06
MWF,al_ratio_to_t,0.00016901580924796194
MWF,cryst_time,0.00014811059298570634
MWF,cryst_temp,0.0001267486846837477
MWF,si_ratio_to_t,0.00011957001792692508
MWF,na_ratio_to_t,5.974228014440284e-05
MWF,f_ratio_to_t,5.393113850117121e-05
MWF,p_ratio_to_t,3.4465804435343014e-05
MWF,sr_ratio_to_t,2.8021986952943652e-05
MWF,osda_getaway_mean_162,2.6047494462583535e-05
MWF,osda_getaway_mean_40,2.558330070408137e-05
MWF,osda_whim_mean_21,2.5544171708287926e-05
MWF,osda_getaway_mean_143,2.553472420047736e-05
MWF,k_ratio_to_t,2.5233177701836255e-05
MWF,osda_getaway_mean_191,2.1121464286619845e-05
MWF,osda_getaway_mean_175,1.9634949565261072e-05
MWF,li_ratio_to_t,1.3392355387653845e-05
MWF,ca_ratio_to_t,1.120281798506072e-05
MWF,osda_num_rot_bonds_mean_0,1.0143799010151896e-05
MWF,osda_getaway_mean_34,9.296555359108675e-06
MWF,osda_whim_mean_104,9.264674858552704e-06
MWW,cryst_time,0.005473601457486311
MWW,cryst_temp,0.002370014584767089
MWW,na_ratio_to_t,0.002237039339274949
MWW,si_ratio_to_t,0.0019107129079644698
MWW,al_ratio_to_t,0.0017749170904838819
MWW,rb_ratio_to_t,0.0015235117888072536
MWW,osda_getaway_mean_191,0.0013881172599215358
MWW,b_ratio_to_t,0.0009295586535771906
MWW,f_ratio_to_t,0.0009261271603412606
MWW,osda_getaway_mean_40,0.0008125448588457872
MWW,osda_whim_mean_33,0.0007498338984674161
MWW,osda_getaway_mean_255,0.0007477821681503732
MWW,osda_whim_mean_26,0.0006922234865760243
MWW,osda_getaway_mean_124,0.0006770447983796627
MWW,osda_getaway_mean_143,0.0006737660935562498
MWW,osda_getaway_mean_34,0.0006581082866667376
MWW,osda_getaway_mean_125,0.0005842765437998072
MWW,p_ratio_to_t,0.0005720963653289269
MWW,k_ratio_to_t,0.0005243493833984366
MWW,osda_getaway_mean_83,0.0005210509044877113
NAT,na_ratio_to_t,0.00017691672040274744
NAT,si_ratio_to_t,0.0001600038091216063
NAT,cryst_time,0.00010274280658216097
NAT,ga_ratio_to_t,0.00010001679592125695
NAT,cryst_temp,9.044280961009506e-05
NAT,al_ratio_to_t,8.530977681477019e-05
NAT,ge_ratio_to_t,6.626854362637509e-05
NAT,ti_ratio_to_t,4.4901418443950994e-05
NAT,k_ratio_to_t,2.9112674442460873e-05
NAT,f_ratio_to_t,2.888925099052593e-05
NAT,p_ratio_to_t,2.5859462770225302e-05
NAT,osda_getaway_mean_83,2.4932576018485905e-05
NAT,osda_getaway_mean_191,1.4721334512605685e-05
NAT,osda_getaway_mean_167,1.4539407594248178e-05
NAT,osda_getaway_mean_233,1.3379912460703605e-05
NAT,osda_getaway_mean_27,1.1764771447179029e-05
NAT,osda_getaway_mean_121,1.067880359964046e-05
NAT,osda_getaway_mean_98,8.52357433213553e-06
NAT,osda_getaway_mean_143,8.26302215949214e-06
NAT,osda_getaway_mean_202,7.793685125288225e-06
NES,cryst_time,0.00010071699453232196
NES,al_ratio_to_t,7.043565433931403e-05
NES,na_ratio_to_t,5.742246836311267e-05
NES,si_ratio_to_t,4.295911989044157e-05
NES,cryst_temp,3.705362503475368e-05
NES,osda_whim_mean_103,1.5364400779286064e-05
NES,k_ratio_to_t,1.3128583256925156e-05
NES,f_ratio_to_t,8.151750383867109e-06
NES,ge_ratio_to_t,7.2173958001852145e-06
NES,osda_getaway_mean_124,6.660140609142712e-06
NES,osda_getaway_mean_191,5.280875778591678e-06
NES,osda_getaway_mean_143,4.959060979428985e-06
NES,osda_getaway_mean_38,4.7116377511933e-06
NES,osda_num_rot_bonds_mean_0,4.6541629247380774e-06
NES,osda_getaway_mean_233,4.634851064517207e-06
NES,osda_getaway_mean_31,4.473582564448965e-06
NES,osda_box_mean_2,3.981287599736354e-06
NES,osda_getaway_mean_167,3.828754470234889e-06
NES,osda_getaway_mean_139,3.805903316050376e-06
NES,osda_getaway_mean_37,3.7377848785087356e-06
NON,cryst_time,0.0008343098059281387
NON,osda_getaway_mean_191,0.0008114806435893811
NON,al_ratio_to_t,0.0006937618827636627
NON,si_ratio_to_t,0.0006859007604315361
NON,na_ratio_to_t,0.0006400356712531935
NON,osda_getaway_mean_233,0.0006157537733323414
NON,cryst_temp,0.0004827887759376701
NON,osda_whim_mean_99,0.0004592378370639103
NON,osda_getaway_mean_36,0.000451917513122699
NON,osda_getaway_mean_98,0.00039497693433321893
NON,osda_getaway_mean_121,0.0003757628915021703
NON,osda_whim_mean_87,0.00036380553583558264
NON,p_ratio_to_t,0.00036021156649530134
NON,osda_getaway_mean_61,0.00033314050739838047
NON,osda_whim_mean_33,0.0003206962672411658
NON,osda_getaway_mean_255,0.00030363947109345426
NON,osda_axes_mean_1,0.00029705725057341395
NON,osda_getaway_mean_124,0.000283503142439245
NON,osda_whim_mean_86,0.0002783245708910221
NON,osda_getaway_mean_34,0.0002741021102422798
NSI,osda_getaway_mean_191,0.00030449834448087416
NSI,osda_whim_mean_88,0.00023501691060322537
NSI,cryst_temp,0.0001248774416449838
NSI,osda_getaway_mean_63,0.00012234565662587682
NSI,osda_getaway_mean_46,0.00011042506945914009
NSI,osda_whim_mean_41,0.00010798762947585445
NSI,osda_getaway_mean_102,0.000103727148252188
NSI,osda_whim_mean_52,9.710603173542286e-05
NSI,osda_whim_mean_0,9.55271129532501e-05
NSI,osda_getaway_mean_137,9.105447335267697e-05
NSI,osda_whim_mean_74,8.908526935066508e-05
NSI,osda_getaway_mean_171,8.776234816280684e-05
NSI,osda_getaway_mean_143,8.403793098518782e-05
NSI,osda_whim_mean_44,8.360461654690367e-05
NSI,osda_getaway_mean_56,8.300759418967328e-05
NSI,osda_getaway_mean_124,8.186197644362117e-05
NSI,osda_getaway_mean_52,8.151285406877312e-05
NSI,si_ratio_to_t,7.676036957509143e-05
NSI,osda_whim_mean_33,7.546633333990085e-05
NSI,osda_whim_mean_43,7.330326915397961e-05
NUD-1,ge_ratio_to_t,0.0002125833464569752
NUD-1,si_ratio_to_t,0.00020978468351675299
NUD-1,osda_getaway_mean_121,4.6596634534374716e-05
NUD-1,cryst_time,4.16651057752837e-05
NUD-1,osda_getaway_mean_69,4.0841009670403364e-05
NUD-1,osda_getaway_mean_223,3.635972468589784e-05
NUD-1,osda_getaway_mean_26,3.6011962196552494e-05
NUD-1,osda_getaway_mean_92,3.386336753122389e-05
NUD-1,osda_getaway_mean_205,3.310515238531342e-05
NUD-1,al_ratio_to_t,3.306640197031297e-05
NUD-1,osda_box_std_1,2.911181441642341e-05
NUD-1,osda_getaway_mean_109,2.7676184045503095e-05
NUD-1,osda_npr1_mean_0,2.675062386864027e-05
NUD-1,osda_getaway_mean_72,2.558984000069357e-05
NUD-1,cryst_temp,2.5023699003996277e-05
NUD-1,osda_getaway_mean_59,2.385263493852688e-05
NUD-1,osda_getaway_mean_74,2.378406610481352e-05
NUD-1,osda_getaway_mean_58,2.3642272858990063e-05
NUD-1,osda_getaway_mean_171,2.268578634798458e-05
NUD-1,osda_box_mean_2,2.2253728557001676e-05
OFF,k_ratio_to_t,0.00038837918202935394
OFF,al_ratio_to_t,0.00028455364130784884
OFF,cryst_time,0.00028011980683014876
OFF,si_ratio_to_t,0.00023646488770774561
OFF,na_ratio_to_t,0.00016418480056216818
OFF,osda_whim_mean_84,0.0001623824583749224
OFF,cryst_temp,0.00014349255071523448
OFF,osda_getaway_mean_191,0.0001147136482547507
OFF,f_ratio_to_t,9.37621052129972e-05
OFF,osda_whim_mean_33,9.235299069948419e-05
OFF,p_ratio_to_t,8.95518996642273e-05
OFF,osda_getaway_mean_79,8.918136808093067e-05
OFF,osda_whim_mean_99,8.915982048105699e-05
OFF,osda_getaway_mean_19,7.786082222363387e-05
OFF,osda_whim_mean_52,7.778386170938673e-05
OFF,osda_whim_mean_92,7.421807534699852e-05
OFF,osda_getaway_mean_59,6.898051503534729e-05
OFF,osda_getaway_mean_194,6.35708216707853e-05
OFF,osda_whim_mean_104,6.069108104991836e-05
OFF,osda_getaway_mean_101,5.8431359063002316e-05
OWE,p_ratio_to_t,5.476044656468578e-05
OWE,f_ratio_to_t,5.4555434911281456e-05
OWE,zn_ratio_to_t,4.0721778364070367e-05
OWE,si_ratio_to_t,2.681949434559565e-05
OWE,cryst_time,2.2860693772493733e-05
OWE,cryst_temp,1.9881211542439485e-05
OWE,al_ratio_to_t,1.5145795077852365e-05
OWE,osda_getaway_mean_191,1.1702181221108562e-05
OWE,mg_ratio_to_t,1.1700236905056905e-05
OWE,osda_getaway_mean_98,1.051826903239308e-05
OWE,osda_getaway_mean_222,8.843841296465672e-06
OWE,na_ratio_to_t,8.491666166358307e-06
OWE,osda_whim_mean_63,7.044868775528412e-06
OWE,osda_getaway_mean_99,6.52984260224654e-06
OWE,osda_whim_mean_94,6.292390142477343e-06
OWE,osda_box_mean_4,5.970918640488083e-06
OWE,osda_getaway_mean_121,4.874218249977703e-06
OWE,osda_getaway_mean_141,4.76475962174922e-06
OWE,osda_volume_std_0,4.4308896363326335e-06
OWE,osda_getaway_mean_65,4.2937226293555e-06
PAU,k_ratio_to_t,0.0001404101921234481
PAU,cryst_temp,9.935234409037759e-05
PAU,si_ratio_to_t,9.481769672627537e-05
PAU,ga_ratio_to_t,7.955645108348692e-05
PAU,na_ratio_to_t,6.942393303678718e-05
PAU,al_ratio_to_t,4.703715501827925e-05
PAU,cryst_time,4.6598297060148e-05
PAU,f_ratio_to_t,2.3888019569050928e-05
PAU,osda_getaway_mean_25,2.344876839429581e-05
PAU,p_ratio_to_t,2.077954165503961e-05
PAU,osda_getaway_mean_191,1.742643259653453e-05
PAU,osda_whim_mean_104,1.5626957509696544e-05
PAU,osda_getaway_mean_175,1.4633024768553343e-05
PAU,osda_getaway_mean_163,1.3200603167500406e-05
PAU,osda_getaway_mean_143,1.3187817239013886e-05
PAU,osda_whim_mean_33,1.3084617762334108e-05
PAU,osda_getaway_mean_233,1.2589207429427824e-05
PAU,osda_getaway_mean_40,9.729370534536137e-06
PAU,osda_whim_mean_102,9.36083342905573e-06
PAU,osda_getaway_mean_151,9.241546918578326e-06
PHI,al_ratio_to_t,0.00034562226423706524
PHI,k_ratio_to_t,0.00032103908222257
PHI,cryst_temp,0.0002962418273310093
PHI,si_ratio_to_t,0.0002664963102201468
PHI,na_ratio_to_t,0.00018902661402675242
PHI,cryst_time,0.0001405620308527481
PHI,f_ratio_to_t,5.9140122856531155e-05
PHI,p_ratio_to_t,5.759187191671467e-05
PHI,osda_getaway_mean_191,4.897778980735546e-05
PHI,osda_whim_mean_92,4.880691909769988e-05
PHI,osda_whim_mean_94,4.017802110424019e-05
PHI,cs_ratio_to_t,3.942548906716273e-05
PHI,rb_ratio_to_t,3.819597390322307e-05
PHI,osda_box_mean_0,3.7785253850789725e-05
PHI,osda_getaway_mean_194,3.739169364562482e-05
PHI,osda_getaway_mean_255,3.3449265580323776e-05
PHI,osda_whim_mean_8,3.323708443903118e-05
PHI,osda_getaway_mean_234,3.1337934297239016e-05
PHI,osda_getaway_mean_155,2.710307177615363e-05
PHI,osda_box_std_6,2.5998377592100437e-05
PKU-17,osda_getaway_mean_268,5.985675338826431e-05
PKU-17,osda_getaway_mean_239,4.396329851318761e-05
PKU-17,osda_getaway_mean_223,3.471617825766594e-05
PKU-17,osda_whim_mean_108,2.9888815860290685e-05
PKU-17,osda_whim_mean_94,2.7669414911847635e-05
PKU-17,osda_getaway_mean_0,2.582220858378535e-05
PKU-17,osda_getaway_mean_249,2.56748318561721e-05
PKU-17,osda_getaway_mean_109,2.42315492673083e-05
PKU-17,osda_getaway_mean_82,2.386604924957186e-05
PKU-17,osda_getaway_mean_16,2.3270255292244714e-05
PKU-17,osda_getaway_mean_233,2.2334082167680178e-05
PKU-17,osda_whim_mean_26,2.23298740275911e-05
PKU-17,osda_getaway_mean_136,1.9846552796969142e-05
PKU-17,osda_getaway_mean_142,1.923270560225987e-05
PKU-17,osda_getaway_mean_27,1.9097895738449397e-05
PKU-17,osda_getaway_mean_2,1.8721558586409507e-05
PKU-17,osda_getaway_mean_133,1.755791391207162e-05
PKU-17,osda_num_bonds_mean_0,1.6930966605325185e-05
PKU-17,osda_getaway_mean_163,1.624068175615124e-05
PKU-17,osda_whim_mean_81,1.5135513258114366e-05
PON,al_ratio_to_t,9.911751949266653e-05
PON,cryst_temp,8.976505281165217e-05
PON,p_ratio_to_t,7.099448352221801e-05
PON,cryst_time,6.743443523547713e-05
PON,si_ratio_to_t,6.61526669971536e-05
PON,f_ratio_to_t,3.436971161234966e-05
PON,na_ratio_to_t,1.2706783527144714e-05
PON,osda_getaway_mean_191,1.0727771507255745e-05
PON,osda_getaway_mean_233,8.959241046777677e-06
PON,osda_whim_mean_100,8.466716342140607e-06
PON,osda_whim_mean_33,7.484764711876505e-06
PON,osda_getaway_mean_175,7.323105535304048e-06
PON,osda_getaway_mean_124,7.074432376249893e-06
PON,osda_whim_mean_104,6.737017169491295e-06
PON,osda_getaway_mean_143,6.2640289801325125e-06
PON,fe_ratio_to_t,5.412136827405811e-06
PON,osda_whim_mean_52,5.29922863505416e-06
PON,osda_getaway_mean_34,5.258542724328634e-06
PON,osda_getaway_mean_255,5.22291112244939e-06
PON,osda_getaway_mean_24,4.798601695284817e-06
POR,cryst_time,6.33549922080364e-05
POR,f_ratio_to_t,5.5689552304795914e-05
POR,al_ratio_to_t,4.8021738736117566e-05
POR,si_ratio_to_t,4.632105216538533e-05
POR,cryst_temp,4.452947991029894e-05
POR,p_ratio_to_t,2.5243863112271692e-05
POR,osda_getaway_mean_3,1.0377514952772952e-05
POR,osda_whim_mean_43,8.813336871409926e-06
POR,osda_getaway_mean_138,8.622889187646846e-06
POR,osda_getaway_mean_141,7.962965487006644e-06
POR,ti_ratio_to_t,7.91322214418727e-06
POR,osda_getaway_mean_37,6.442988781374712e-06
POR,osda_whim_mean_10,5.485209064180647e-06
POR,osda_getaway_mean_97,5.389245772597649e-06
POR,na_ratio_to_t,4.8676242609633764e-06
POR,osda_box_mean_5,4.821680226062244e-06
POR,co_ratio_to_t,4.128151092053794e-06
POR,osda_getaway_mean_98,3.9707270349514e-06
POR,osda_spherocity_index_std_0,3.963929792045152e-06
POR,fe_ratio_to_t,3.333874944796729e-06
POS,k_ratio_to_t,1.8760780947050378e-05
POS,cryst_temp,1.8439009250393336e-05
POS,ge_ratio_to_t,1.575892227322353e-05
POS,f_ratio_to_t,1.0333527997384027e-05
POS,si_ratio_to_t,9.927439945289346e-06
POS,osda_whim_mean_2,8.629200523989003e-06
POS,osda_getaway_mean_143,5.39461871898357e-06
POS,b_ratio_to_t,5.282137637773002e-06
POS,osda_getaway_mean_215,4.489280366273659e-06
POS,osda_getaway_mean_202,4.206092940389374e-06
POS,osda_getaway_mean_59,4.123164451812493e-06
POS,osda_getaway_mean_191,4.035646907158723e-06
POS,osda_getaway_mean_63,3.851296283090486e-06
POS,osda_getaway_mean_102,3.7296754792425374e-06
POS,al_ratio_to_t,3.5122666217313077e-06
POS,osda_getaway_mean_157,3.1332956298830944e-06
POS,cryst_time,3.077050273494388e-06
POS,osda_getaway_mean_159,2.985653321564499e-06
POS,osda_getaway_mean_17,2.9171457318619813e-06
POS,osda_getaway_mean_255,2.8164694725047887e-06
PTY,f_ratio_to_t,0.0002976665342034502
PTY,si_ratio_to_t,9.551497374908245e-05
PTY,al_ratio_to_t,9.323225190681944e-05
PTY,osda_getaway_mean_98,4.7333473075194384e-05
PTY,osda_getaway_mean_78,4.0657377438037077e-05
PTY,osda_getaway_mean_47,4.027612343971243e-05
PTY,osda_getaway_mean_54,3.634125210605627e-05
PTY,osda_getaway_mean_1,3.10643419902211e-05
PTY,osda_getaway_mean_97,3.0752299635192065e-05
PTY,osda_axes_std_0,2.910302565719434e-05
PTY,cryst_temp,2.888638365004798e-05
PTY,osda_getaway_mean_17,2.8241355320522272e-05
PTY,osda_getaway_mean_63,2.7770372552468527e-05
PTY,osda_whim_mean_97,2.691693888448859e-05
PTY,osda_getaway_mean_132,2.5137746311699106e-05
PTY,osda_axes_std_1,2.3995065727735296e-05
PTY,osda_whim_mean_113,2.3724537797134068e-05
PTY,osda_inertial_shape_factor_std_0,2.364765829008713e-05
PTY,osda_box_std_1,2.3518059985364858e-05
PTY,osda_whim_mean_10,2.3248240714618294e-05
PUN,si_ratio_to_t,8.996622291548417e-05
PUN,al_ratio_to_t,7.534800967346096e-05
PUN,ge_ratio_to_t,4.1029392838994254e-05
PUN,p_ratio_to_t,3.688105871306966e-05
PUN,cryst_time,3.175962385391474e-05
PUN,osda_getaway_mean_143,2.5546162879231203e-05
PUN,osda_getaway_mean_118,1.4514179158356133e-05
PUN,mg_ratio_to_t,1.1559663910956316e-05
PUN,osda_getaway_mean_191,9.224985714388051e-06
PUN,osda_getaway_mean_248,8.88181698445191e-06
PUN,osda_getaway_mean_134,8.807941369962729e-06
PUN,cryst_temp,8.44529691300772e-06
PUN,osda_getaway_mean_9,8.321179645894674e-06
PUN,osda_getaway_mean_255,8.290875416361231e-06
PUN,osda_getaway_mean_139,7.517525329501119e-06
PUN,osda_whim_mean_77,7.499434751781268e-06
PUN,li_ratio_to_t,7.44478973220735e-06
PUN,osda_getaway_mean_233,7.065946692960954e-06
PUN,osda_npr1_mean_0,6.97436767277009e-06
PUN,osda_getaway_mean_76,6.827334735507322e-06
PWN,na_ratio_to_t,4.9011238657294125e-05
PWN,osda_asphericity_mean_0,2.522648715443086e-05
PWN,osda_whim_mean_52,1.652192054250197e-05
PWN,al_ratio_to_t,1.4712876978081826e-05
PWN,si_ratio_to_t,1.3713678840975571e-05
PWN,osda_whim_mean_30,1.2727683808515559e-05
PWN,osda_getaway_mean_236,1.0991793596119679e-05
PWN,k_ratio_to_t,1.0951650964489785e-05
PWN,osda_getaway_mean_233,1.0915744892769206e-05
PWN,osda_getaway_mean_203,9.559618315534794e-06
PWN,cryst_temp,9.204754242842756e-06
PWN,osda_getaway_mean_25,9.018026303420632e-06
PWN,osda_mol_weight,8.403384466867308e-06
PWN,osda_getaway_mean_150,7.63744562251508e-06
PWN,osda_whim_mean_96,7.583183442148548e-06
PWN,osda_getaway_mean_63,6.966025527448403e-06
PWN,osda_whim_mean_99,6.961381364516138e-06
PWN,osda_whim_mean_102,6.956295844217124e-06
PWN,osda_getaway_mean_191,6.802774468776554e-06
PWN,osda_box_std_8,6.231588559637928e-06
PWO,f_ratio_to_t,4.053403977029018e-05
PWO,cryst_temp,1.7163857655831782e-05
PWO,cryst_time,1.613940482506491e-05
PWO,al_ratio_to_t,1.6075909042703455e-05
PWO,si_ratio_to_t,1.2316732099537753e-05
PWO,p_ratio_to_t,7.827139971675778e-06
PWO,osda_getaway_mean_233,4.877553874500873e-06
PWO,osda_getaway_mean_191,4.624074881153204e-06
PWO,na_ratio_to_t,4.06342378833886e-06
PWO,osda_getaway_mean_52,3.4011560248754885e-06
PWO,osda_getaway_mean_20,3.364216336421326e-06
PWO,osda_getaway_mean_226,3.2580163507241075e-06
PWO,osda_whim_mean_104,2.981986096763747e-06
PWO,osda_getaway_mean_159,2.876146622974603e-06
PWO,osda_getaway_mean_76,2.870396901950247e-06
PWO,osda_getaway_mean_255,2.6924335290469813e-06
PWO,osda_getaway_mean_80,2.3630452665716843e-06
PWO,osda_whim_mean_86,2.3036800770140714e-06
PWO,osda_whim_mean_33,2.2807741626812173e-06
PWO,osda_getaway_mean_177,2.27869959644647e-06
PWW,f_ratio_to_t,0.001192697631110444
PWW,al_ratio_to_t,0.0010129581618285352
PWW,cryst_time,0.0007581337832032989
PWW,si_ratio_to_t,0.0007061141478727701
PWW,cryst_temp,0.0004194711063077823
PWW,ge_ratio_to_t,0.0003453251790962998
PWW,osda_getaway_mean_98,0.00019618305184397825
PWW,na_ratio_to_t,0.00017905555614952434
PWW,osda_getaway_mean_34,0.00010102419918247557
PWW,b_ratio_to_t,9.545871309627222e-05
PWW,osda_getaway_mean_143,8.333979999148209e-05
PWW,osda_getaway_mean_191,6.789455615375847e-05
PWW,osda_spherocity_index_std_0,6.75445415773022e-05
PWW,osda_getaway_mean_37,6.668474437289915e-05
PWW,k_ratio_to_t,6.430851232456815e-05
PWW,p_ratio_to_t,6.292472750911728e-05
PWW,osda_getaway_mean_216,5.486868849165052e-05
PWW,osda_whim_mean_31,5.462555280404736e-05
PWW,osda_box_std_3,4.388829408450437e-05
PWW,osda_pmi2_std_0,4.294050793069457e-05
RHO,cs_ratio_to_t,0.0006665453445028199
RHO,na_ratio_to_t,0.00031830267077911353
RHO,cryst_time,0.00025121790389553484
RHO,cryst_temp,0.00021697347541175998
RHO,si_ratio_to_t,0.00019867572906712044
RHO,al_ratio_to_t,0.0001539886417887935
RHO,k_ratio_to_t,9.764613958691927e-05
RHO,osda_whim_mean_52,6.401880365380115e-05
RHO,ge_ratio_to_t,6.058037778924503e-05
RHO,osda_getaway_mean_236,5.761939928010611e-05
RHO,p_ratio_to_t,5.674174794639689e-05
RHO,osda_getaway_mean_40,5.5556728449224994e-05
RHO,osda_getaway_mean_191,5.172083515170759e-05
RHO,osda_getaway_mean_20,5.144944299362243e-05
RHO,osda_getaway_mean_184,5.030203794855942e-05
RHO,osda_getaway_mean_185,5.016426205804644e-05
RHO,osda_getaway_mean_148,4.98957059310631e-05
RHO,f_ratio_to_t,4.8786184629224686e-05
RHO,osda_getaway_mean_258,4.304121907048138e-05
RHO,osda_getaway_mean_36,4.1385412515635404e-05
RRO,cryst_temp,0.00012074404155921597
RRO,osda_getaway_mean_191,7.755242229884445e-05
RRO,cryst_time,6.480337106059792e-05
RRO,osda_getaway_mean_18,5.02027585210081e-05
RRO,na_ratio_to_t,4.699382309443225e-05
RRO,al_ratio_to_t,4.0028007386340085e-05
RRO,osda_whim_mean_7,3.952405906747089e-05
RRO,si_ratio_to_t,2.953997017191511e-05
RRO,k_ratio_to_t,2.7615226786550987e-05
RRO,osda_getaway_mean_143,2.462112891039981e-05
RRO,osda_getaway_mean_175,2.3570656476657055e-05
RRO,osda_whim_mean_33,2.2404217919315894e-05
RRO,osda_inertial_shape_factor_std_0,1.9182868098997285e-05
RRO,osda_whim_mean_41,1.914539900273064e-05
RRO,osda_getaway_mean_9,1.7962175095120665e-05
RRO,osda_getaway_mean_98,1.3869890895786792e-05
RRO,osda_whim_mean_84,1.2283080400982608e-05
RRO,osda_getaway_mean_105,1.1918044686996376e-05
RRO,osda_getaway_mean_184,1.1238191239155743e-05
RRO,osda_axes_mean_1,1.105980721924357e-05
RSN,k_ratio_to_t,1.9696547229541896e-05
RSN,zn_ratio_to_t,1.794873348444532e-05
RSN,cryst_temp,1.4057608307082924e-05
RSN,na_ratio_to_t,1.0727472852963932e-05
RSN,si_ratio_to_t,8.827756065331492e-06
RSN,cryst_time,8.448270399017324e-06
RSN,al_ratio_to_t,7.402606057792956e-06
RSN,osda_getaway_mean_40,3.0954895774221558e-06
RSN,p_ratio_to_t,2.921446979586554e-06
RSN,f_ratio_to_t,2.0853799788103932e-06
RSN,osda_getaway_mean_175,1.9476243550390213e-06
RSN,osda_whim_mean_104,1.8734672332681221e-06
RSN,osda_getaway_mean_151,1.620990199807961e-06
RSN,osda_whim_mean_102,1.525526878585796e-06
RSN,osda_getaway_mean_43,1.5081974751502876e-06
RSN,osda_whim_mean_33,1.4902640051387204e-06
RSN,osda_getaway_mean_233,1.4064252723312375e-06
RSN,b_ratio_to_t,1.3023914408766017e-06
RSN,osda_whim_mean_100,1.258523268347743e-06
RSN,osda_getaway_mean_191,1.1953419631406129e-06
RTE,osda_getaway_mean_40,3.6463090874366015e-05
RTE,osda_getaway_mean_252,2.8894848384579007e-05
RTE,osda_getaway_mean_57,2.368497603550729e-05
RTE,osda_getaway_mean_124,2.2868163534023412e-05
RTE,osda_getaway_mean_233,2.2716942956040715e-05
RTE,osda_getaway_mean_258,2.101313766696126e-05
RTE,osda_getaway_mean_0,1.9703085126330292e-05
RTE,osda_pmi2_std_0,1.8037326706888295e-05
RTE,osda_whim_mean_36,1.78563721535251e-05
RTE,osda_whim_mean_30,1.747421178283754e-05
RTE,osda_getaway_mean_17,1.6609868188678236e-05
RTE,osda_getaway_mean_71,1.6516161923503464e-05
RTE,osda_getaway_mean_191,1.4604464569242374e-05
RTE,osda_getaway_mean_193,1.3883013384752043e-05
RTE,osda_getaway_mean_125,1.3854491130122973e-05
RTE,osda_getaway_mean_202,1.3311580905266718e-05
RTE,osda_box_mean_6,1.2881980385388336e-05
RTE,osda_whim_mean_20,1.2845721408642059e-05
RTE,osda_getaway_mean_206,1.227104182995017e-05
RTE,osda_getaway_mean_165,1.2123581837105377e-05
RTH,al_ratio_to_t,0.0020525780750222057
RTH,si_ratio_to_t,0.0011716680365653526
RTH,cryst_time,0.0008644357334716957
RTH,na_ratio_to_t,0.0006887944413651307
RTH,cryst_temp,0.0006304425518999661
RTH,f_ratio_to_t,0.000558355745388891
RTH,osda_getaway_mean_191,0.00037156759517705375
RTH,osda_whim_mean_14,0.00034403354370387374
RTH,k_ratio_to_t,0.000337255345790435
RTH,ge_ratio_to_t,0.00030496344294337046
RTH,p_ratio_to_t,0.0003033226749015771
RTH,osda_getaway_mean_233,0.00030058655965097203
RTH,osda_getaway_mean_82,0.00027206919648958946
RTH,osda_whim_mean_94,0.0002640132179710748
RTH,osda_getaway_mean_36,0.000246842928098941
RTH,osda_getaway_mean_202,0.0002454049878417066
RTH,osda_getaway_mean_143,0.00023318773561483653
RTH,osda_getaway_mean_19,0.00023066379519697487
RTH,osda_whim_mean_33,0.0002280660697886909
RTH,osda_getaway_mean_97,0.0002143264426421937
RUT,al_ratio_to_t,0.00040544904300229747
RUT,si_ratio_to_t,0.00033161311734373355
RUT,na_ratio_to_t,0.0002609957880194715
RUT,cryst_time,0.0002250864859384238
RUT,f_ratio_to_t,0.00021770837403770125
RUT,cryst_temp,0.0001941235699900027
RUT,osda_getaway_mean_233,7.539025075314142e-05
RUT,k_ratio_to_t,7.020305996225964e-05
RUT,p_ratio_to_t,6.459631846402406e-05
RUT,osda_getaway_mean_191,6.304953508478804e-05
RUT,osda_getaway_mean_143,6.0773789306137345e-05
RUT,osda_getaway_mean_64,5.685851720887164e-05
RUT,osda_getaway_mean_25,5.666183911077839e-05
RUT,ge_ratio_to_t,5.65242137393295e-05
RUT,osda_getaway_mean_230,5.026651631638955e-05
RUT,osda_whim_mean_52,4.85570253890085e-05
RUT,osda_whim_mean_20,4.499394553929486e-05
RUT,osda_box_mean_3,4.146413394699298e-05
RUT,osda_getaway_mean_36,3.981172202558616e-05
RUT,osda_getaway_mean_242,3.7991736884333015e-05
RUT/RTH,cryst_temp,0.0005717233556194851
RUT/RTH,si_ratio_to_t,0.00036203407340649275
RUT/RTH,al_ratio_to_t,0.0003186211330364303
RUT/RTH,cryst_time,0.00020072786380069557
RUT/RTH,p_ratio_to_t,0.00018781582658402803
RUT/RTH,li_ratio_to_t,0.00014002032787442903
RUT/RTH,osda_getaway_mean_233,0.00013829975909872082
RUT/RTH,osda_getaway_mean_191,0.00011969805849559287
RUT/RTH,osda_getaway_mean_214,7.213994471193584e-05
RUT/RTH,mg_ratio_to_t,7.19410082723793e-05
RUT/RTH,sr_ratio_to_t,6.409044548315322e-05
RUT/RTH,osda_getaway_mean_64,5.943544610223583e-05
RUT/RTH,osda_getaway_mean_76,5.8694182838034986e-05
RUT/RTH,osda_getaway_mean_219,5.8407986142984856e-05
RUT/RTH,osda_whim_mean_87,5.838010793426516e-05
RUT/RTH,osda_whim_mean_12,5.709433132300467e-05
RUT/RTH,osda_getaway_mean_175,5.660352737942247e-05
RUT/RTH,osda_whim_mean_41,5.635117892020021e-05
RUT/RTH,osda_getaway_mean_27,5.2371788987648825e-05
RUT/RTH,osda_getaway_mean_254,5.179583341607442e-05
RWY,cryst_temp,0.00014744533914679906
RWY,osda_getaway_mean_94,4.201021985412252e-05
RWY,osda_getaway_mean_57,3.7169815468298827e-05
RWY,cryst_time,3.376896181858337e-05
RWY,osda_getaway_mean_141,3.1746278701469743e-05
RWY,osda_getaway_mean_191,2.3191194165678268e-05
RWY,si_ratio_to_t,2.0721108284546833e-05
RWY,osda_whim_mean_69,2.01403975505435e-05
RWY,osda_axes_std_1,1.8308685806616935e-05
RWY,osda_getaway_mean_19,1.8186078868439393e-05
RWY,osda_spherocity_index_std_0,1.8165039606507574e-05
RWY,osda_mol_weight,1.793053766605053e-05
RWY,osda_whim_mean_48,1.7916112386210536e-05
RWY,al_ratio_to_t,1.7911050810285573e-05
RWY,osda_box_std_11,1.7271768747748938e-05
RWY,osda_getaway_mean_30,1.680204694916119e-05
RWY,osda_getaway_mean_62,1.6223340794339235e-05
RWY,osda_getaway_mean_89,1.5611070302026306e-05
RWY,osda_whim_mean_85,1.1617288458715196e-05
RWY,osda_box_mean_5,1.1456137278573302e-05
SAF,p_ratio_to_t,0.00018956442561876354
SAF,cryst_temp,0.00012564767322651091
SAF,al_ratio_to_t,0.00011258215505531891
SAF,si_ratio_to_t,8.670731315845762e-05
SAF,na_ratio_to_t,7.150603403485732e-05
SAF,cryst_time,5.140044355525953e-05
SAF,osda_whim_mean_35,2.1931620968626495e-05
SAF,osda_box_std_9,2.04561617772419e-05
SAF,osda_getaway_mean_36,1.976210986523021e-05
SAF,osda_getaway_mean_230,1.963604318819342e-05
SAF,osda_getaway_mean_98,1.651912434231699e-05
SAF,osda_whim_mean_43,1.634639906102227e-05
SAF,f_ratio_to_t,1.5675447997234007e-05
SAF,osda_getaway_mean_97,1.3636720780400559e-05
SAF,osda_getaway_mean_138,1.2612211504732826e-05
SAF,osda_getaway_mean_37,1.1412067134201612e-05
SAF,osda_whim_mean_10,1.0729761359779404e-05
SAF,co_ratio_to_t,9.36891221530657e-06
SAF,osda_spherocity_index_std_0,8.862098743155445e-06
SAF,osda_box_std_8,8.55569908728799e-06
SAO,al_ratio_to_t,9.134586280870983e-05
SAO,zn_ratio_to_t,8.364492735807629e-05
SAO,cryst_temp,4.39924138484234e-05
SAO,si_ratio_to_t,4.2484710706566937e-05
SAO,osda_whim_mean_87,3.480065657771048e-05
SAO,p_ratio_to_t,3.4002916052756434e-05
SAO,cryst_time,3.3158338686726075e-05
SAO,osda_getaway_mean_52,3.1067693545633486e-05
SAO,osda_asphericity_std_0,2.642671997140268e-05
SAO,osda_getaway_mean_218,2.0831183241077e-05
SAO,osda_getaway_mean_89,1.6802002772754424e-05
SAO,osda_axes_std_1,1.580424045212483e-05
SAO,osda_whim_mean_20,1.5458007532719735e-05
SAO,osda_getaway_mean_22,1.4299733596367443e-05
SAO,osda_getaway_mean_86,1.3661188463494422e-05
SAO,osda_getaway_mean_143,1.3469443994133242e-05
SAO,osda_getaway_mean_76,1.323677443071227e-05
SAO,osda_whim_mean_52,1.2315253740387432e-05
SAO,osda_getaway_mean_191,1.1606122825672051e-05
SAO,osda_getaway_mean_221,1.1525944994912709e-05
SAS,osda_getaway_mean_141,0.00015986644571876473
SAS,al_ratio_to_t,0.00011408297548312224
SAS,osda_whim_mean_2,8.330209851373318e-05
SAS,p_ratio_to_t,8.005510060873058e-05
SAS,osda_getaway_mean_255,7.859150927262337e-05
SAS,osda_whim_mean_109,6.876021486820688e-05
SAS,osda_whim_mean_69,6.875196506479423e-05
SAS,osda_spherocity_index_std_0,6.829519158364173e-05
SAS,mn_ratio_to_t,6.520750745532307e-05
SAS,mg_ratio_to_t,6.079076010927529e-05
SAS,co_ratio_to_t,5.8434596870217954e-05
SAS,si_ratio_to_t,5.7979467278531666e-05
SAS,osda_whim_mean_94,5.7642783761292264e-05
SAS,osda_getaway_mean_125,5.660007350156944e-05
SAS,osda_getaway_mean_228,5.5572381384482205e-05
SAS,osda_whim_mean_25,5.532150355027666e-05
SAS,osda_getaway_mean_233,5.434644008422575e-05
SAS,osda_whim_mean_104,5.3169818053745667e-05
SAS,osda_whim_mean_107,5.028890966092845e-05
SAS,osda_getaway_mean_236,5.01199301056384e-05
SAT,p_ratio_to_t,8.212978674037223e-05
SAT,mg_ratio_to_t,4.6096167585845145e-05
SAT,al_ratio_to_t,2.8268111788906576e-05
SAT,osda_getaway_mean_92,2.5451945781885213e-05
SAT,osda_axes_std_1,2.15498563511252e-05
SAT,si_ratio_to_t,2.0566850507220318e-05
SAT,osda_getaway_mean_14,1.985107687143948e-05
SAT,osda_getaway_mean_34,1.978983127131766e-05
SAT,osda_getaway_mean_96,1.92382847099709e-05
SAT,osda_getaway_mean_137,1.8788906343521966e-05
SAT,osda_getaway_mean_220,1.848358098580069e-05
SAT,osda_getaway_mean_221,1.8444514645498497e-05
SAT,osda_getaway_mean_195,1.5688206805755087e-05
SAT,osda_getaway_mean_165,1.5289348438826307e-05
SAT,cryst_temp,1.4710813814075228e-05
SAT,osda_getaway_mean_82,1.4503124559822212e-05
SAT,osda_getaway_mean_98,1.3173692322279076e-05
SAT,osda_getaway_mean_217,1.2805217111092908e-05
SAT,osda_whim_mean_52,1.186951919558371e-05
SAT,osda_getaway_mean_56,1.1774602967914498e-05
SAV,p_ratio_to_t,0.0002974499621700386
SAV,al_ratio_to_t,0.0002434214041439109
SAV,si_ratio_to_t,0.00016420294323421156
SAV,osda_whim_mean_10,0.00013142773320731776
SAV,osda_getaway_mean_52,0.00012201511948277565
SAV,osda_whim_mean_52,0.00011247104590028721
SAV,cryst_temp,0.00011126543897961748
SAV,osda_whim_mean_94,0.00010431605185866527
SAV,co_ratio_to_t,9.539593356309275e-05
SAV,f_ratio_to_t,9.242006611720527e-05
SAV,osda_whim_mean_31,8.628357431801186e-05
SAV,osda_whim_mean_66,8.405167666368144e-05
SAV,osda_getaway_mean_238,8.049168152032468e-05
SAV,osda_getaway_mean_230,7.807454057816146e-05
SAV,osda_getaway_mean_148,7.476092376330834e-05
SAV,osda_getaway_mean_138,6.387538515207886e-05
SAV,osda_getaway_mean_191,6.041854227591403e-05
SAV,osda_getaway_mean_143,5.850422712199149e-05
SAV,osda_whim_mean_15,5.5250036831574094e-05
SAV,osda_getaway_mean_21,5.362138786707612e-05
SBE,al_ratio_to_t,7.711841871328139e-05
SBE,cryst_time,7.234818287258099e-05
SBE,osda_box_std_1,7.093485909036636e-05
SBE,si_ratio_to_t,6.709557500530186e-05
SBE,osda_getaway_mean_201,5.984229747216333e-05
SBE,osda_getaway_mean_224,5.416588110948833e-05
SBE,osda_getaway_mean_34,5.283491286026906e-05
SBE,osda_getaway_mean_52,5.015597412608563e-05
SBE,osda_getaway_mean_41,4.821841875071368e-05
SBE,osda_getaway_mean_61,4.213485035446424e-05
SBE,osda_getaway_mean_98,4.0479355194315634e-05
SBE,osda_getaway_mean_202,3.918315381865263e-05
SBE,osda_getaway_mean_50,3.7630583491772095e-05
SBE,osda_getaway_mean_188,3.698185539792747e-05
SBE,osda_whim_mean_86,3.4307563937967e-05
SBE,osda_whim_mean_110,3.4175532463577154e-05
SBE,osda_getaway_mean_191,3.186824540162919e-05
SBE,osda_whim_mean_32,3.0151677961371704e-05
SBE,osda_box_mean_2,2.9697185458817496e-05
SBE,osda_getaway_mean_267,2.886164921171242e-05
SBN,cryst_temp,3.14099548234007e-05
SBN,al_ratio_to_t,3.0824487511142724e-05
SBN,p_ratio_to_t,2.352145235201173e-05
SBN,cryst_time,2.3442858890319354e-05
SBN,si_ratio_to_t,2.2571106996244307e-05
SBN,osda_getaway_mean_200,1.6468336082779406e-05
SBN,osda_getaway_mean_5,1.619736125472253e-05
SBN,osda_whim_mean_100,1.411751630695123e-05
SBN,osda_getaway_mean_98,1.392600665108043e-05
SBN,f_ratio_to_t,1.310634909696607e-05
SBN,osda_getaway_mean_126,1.0729685884062414e-05
SBN,osda_getaway_mean_191,1.0431363693396816e-05
SBN,osda_getaway_mean_63,7.867536443059013e-06
SBN,osda_getaway_mean_138,7.609628722466557e-06
SBN,osda_whim_mean_52,7.252085789489229e-06
SBN,osda_getaway_mean_24,6.85588471844828e-06
SBN,osda_whim_mean_85,6.818754854345894e-06
SBN,na_ratio_to_t,6.4846991206792155e-06
SBN,osda_box_mean_5,6.448924561253661e-06
SBN,ge_ratio_to_t,6.427036523377795e-06
SFE,b_ratio_to_t,0.00025936174370055887
SFE,al_ratio_to_t,0.00021832165326234073
SFE,cryst_time,0.00013906065701879027
SFE,si_ratio_to_t,0.00013079095001802157
SFE,ge_ratio_to_t,0.00012461056454902668
SFE,osda_getaway_mean_191,9.64266776216382e-05
SFE,f_ratio_to_t,8.440214342725581e-05
SFE,na_ratio_to_t,7.612967657132246e-05
SFE,cryst_temp,6.354237836597991e-05
SFE,osda_whim_mean_33,5.471346013832149e-05
SFE,p_ratio_to_t,5.2482676358808516e-05
SFE,osda_whim_mean_104,3.82325670255158e-05
SFE,osda_getaway_mean_157,3.6860854600663764e-05
SFE,osda_getaway_mean_190,3.6609302291560356e-05
SFE,osda_getaway_mean_98,3.3974158473209365e-05
SFE,osda_getaway_mean_40,3.365433493798705e-05
SFE,osda_getaway_mean_172,3.13886464553253e-05
SFE,osda_box_mean_0,2.946598869167321e-05
SFE,osda_getaway_mean_218,2.8364228680908883e-05
SFE,osda_getaway_mean_233,2.8094462340062206e-05
SFF,cryst_temp,7.707847627134162e-05
SFF,osda_whim_mean_94,6.95371087261159e-05
SFF,osda_getaway_mean_251,6.491153181351583e-05
SFF,osda_getaway_mean_191,5.68900629832273e-05
SFF,osda_getaway_mean_143,4.9451524407760805e-05
SFF,si_ratio_to_t,4.629825698723893e-05
SFF,cryst_time,4.424572332451949e-05
SFF,osda_getaway_mean_113,4.404566086129421e-05
SFF,k_ratio_to_t,4.247505552014257e-05
SFF,osda_whim_mean_1,4.158066937606879e-05
SFF,osda_getaway_mean_99,3.981592336766621e-05
SFF,osda_getaway_mean_58,3.9186981262814805e-05
SFF,osda_getaway_mean_146,3.431349629474504e-05
SFF,osda_whim_mean_21,3.4282639653168115e-05
SFF,osda_whim_mean_89,3.103489504439739e-05
SFF,osda_getaway_mean_269,3.014765639964492e-05
SFF,osda_whim_mean_43,2.8855343210943936e-05
SFF,osda_getaway_mean_40,2.8100309891128138e-05
SFF,na_ratio_to_t,2.8063557167770284e-05
SFF,f_ratio_to_t,2.7863146225866262e-05
SFG,osda_getaway_mean_206,0.00010259778542403875
SFG,osda_getaway_mean_138,5.750067970782925e-05
SFG,osda_getaway_mean_234,4.3772587771127776e-05
SFG,osda_getaway_mean_21,3.9410883176116336e-05
SFG,osda_getaway_mean_238,3.167626569233964e-05
SFG,osda_getaway_mean_98,2.986548519681943e-05
SFG,osda_getaway_mean_57,2.8712893017724915e-05
SFG,osda_getaway_mean_185,2.8124517138390345e-05
SFG,osda_box_std_2,2.783143245497342e-05
SFG,osda_getaway_mean_166,2.7791335628880477e-05
SFG,osda_box_mean_5,2.7634109682679958e-05
SFG,osda_getaway_mean_236,2.714047201502338e-05
SFG,osda_getaway_mean_106,2.6904702414875832e-05
SFG,al_ratio_to_t,2.6108123428632534e-05
SFG,osda_whim_mean_52,2.539528051677648e-05
SFG,osda_getaway_mean_181,2.4812622916779314e-05
SFG,osda_whim_mean_88,2.4812053373972518e-05
SFG,osda_getaway_mean_118,2.440749198334294e-05
SFG,osda_getaway_mean_149,2.3965996006853184e-05
SFG,osda_whim_mean_10,2.3810004076997905e-05
SFH,osda_npr2_std_0,0.00015950888581583775
SFH,osda_getaway_mean_50,9.982227222621456e-05
SFH,osda_getaway_mean_141,9.043932521405789e-05
SFH,osda_getaway_mean_121,7.374186417546752e-05
SFH,osda_whim_mean_25,7.268900173575987e-05
SFH,osda_getaway_mean_64,6.021956823860355e-05
SFH,osda_getaway_mean_177,5.719122041929616e-05
SFH,osda_getaway_mean_99,4.981689625344327e-05
SFH,osda_whim_mean_31,4.7615260525025514e-05
SFH,si_ratio_to_t,4.6203889814885204e-05
SFH,osda_getaway_mean_92,4.50129457279466e-05
SFH,osda_getaway_mean_30,4.466061226869013e-05
SFH,osda_whim_mean_44,4.39032116133873e-05
SFH,osda_getaway_mean_59,4.3559480603571826e-05
SFH,osda_whim_mean_104,4.289323880297456e-05
SFH,osda_whim_mean_52,4.254462406636604e-05
SFH,al_ratio_to_t,4.210701806168355e-05
SFH,osda_whim_mean_95,4.0766589526670985e-05
SFH,osda_getaway_mean_178,4.034563869558424e-05
SFH,osda_whim_mean_0,3.9778796389747644e-05
SFN,osda_box_std_7,0.00019782314184752824
SFN,osda_getaway_mean_98,0.00018760171309733855
SFN,osda_getaway_mean_30,0.00011683818776489621
SFN,osda_getaway_mean_106,9.556391456514185e-05
SFN,osda_getaway_mean_178,7.977212146471138e-05
SFN,osda_getaway_mean_59,7.212500170978735e-05
SFN,osda_npr1_mean_0,6.88286967178805e-05
SFN,osda_getaway_mean_34,6.487059870268596e-05
SFN,osda_getaway_mean_252,5.9372552853751636e-05
SFN,osda_getaway_mean_236,5.822496529295957e-05
SFN,osda_whim_mean_20,5.596940849810207e-05
SFN,osda_getaway_mean_270,5.3686086980235074e-05
SFN,osda_whim_mean_88,5.263635527575554e-05
SFN,osda_whim_mean_52,4.71574092378263e-05
SFN,si_ratio_to_t,4.6981743679069115e-05
SFN,osda_whim_mean_65,4.461483280499388e-05
SFN,osda_getaway_mean_202,4.2699458832905093e-05
SFN,osda_whim_mean_43,4.2398224701213646e-05
SFN,cryst_temp,3.461641642233382e-05
SFN,osda_getaway_mean_55,3.3971113189737636e-05
SFO,cryst_time,0.00022067408687711758
SFO,al_ratio_to_t,0.00018961050762682767
SFO,cryst_temp,0.0001561997726687538
SFO,p_ratio_to_t,0.00014440691727353398
SFO,si_ratio_to_t,0.00014103528027583056
SFO,osda_getaway_mean_191,8.453697362460583e-05
SFO,osda_getaway_mean_59,7.543154944507943e-05
SFO,osda_npr1_mean_0,7.221694582309227e-05
SFO,b_ratio_to_t,6.73411619775884e-05
SFO,f_ratio_to_t,6.14478041794084e-05
SFO,osda_getaway_mean_27,5.385698752634881e-05
SFO,osda_getaway_mean_233,4.6053585953191466e-05
SFO,osda_whim_mean_8,4.257070168375605e-05
SFO,osda_getaway_mean_85,4.0612472596537164e-05
SFO,osda_getaway_mean_76,3.9902677794723774e-05
SFO,osda_getaway_mean_254,3.970371444806618e-05
SFO,na_ratio_to_t,3.9381589369945305e-05
SFO,osda_getaway_mean_190,3.524724771454238e-05
SFO,osda_getaway_mean_63,3.487045262698559e-05
SFO,osda_whim_mean_33,3.481514605028342e-05
SFS,cryst_time,0.00013810628655442346
SFS,osda_getaway_mean_230,0.00010840138336178937
SFS,osda_getaway_mean_200,4.371462504285667e-05
SFS,osda_getaway_mean_233,3.880548004913766e-05
SFS,osda_getaway_mean_202,3.853789175461738e-05
SFS,osda_getaway_mean_226,3.6711545358496455e-05
SFS,osda_whim_mean_73,3.6132318569307184e-05
SFS,osda_getaway_mean_168,3.395084764001065e-05
SFS,osda_getaway_mean_104,3.028088628725051e-05
SFS,osda_whim_mean_94,2.7947648712636575e-05
SFS,osda_whim_mean_84,2.6993886998895805e-05
SFS,osda_getaway_mean_10,2.621510945556158e-05
SFS,osda_whim_mean_11,2.5973539949648117e-05
SFS,osda_whim_mean_64,2.5868599436661353e-05
SFS,osda_whim_mean_52,2.5595583094179513e-05
SFS,osda_getaway_mean_206,2.4047881252686684e-05
SFS,osda_box_std_8,2.2855372460495216e-05
SFS,osda_getaway_mean_191,2.2218516330638994e-05
SFS,osda_getaway_mean_139,2.1434031649483647e-05
SFS,osda_getaway_mean_94,2.1221500922016705e-05
SFW,na_ratio_to_t,5.0235834760511924e-05
SFW,cryst_temp,4.928088523485914e-05
SFW,al_ratio_to_t,4.3789530808548005e-05
SFW,si_ratio_to_t,3.849811291192129e-05
SFW,osda_getaway_mean_3,3.0138970923092e-05
SFW,osda_axes_mean_1,2.694760135512905e-05
SFW,cryst_time,1.914106076555093e-05
SFW,osda_whim_mean_98,1.6358982804223168e-05
SFW,osda_getaway_mean_37,1.4366373259484308e-05
SFW,osda_getaway_mean_148,1.399867303599813e-05
SFW,osda_getaway_mean_257,1.328135776304757e-05
SFW,osda_getaway_mean_266,1.3149312744501817e-05
SFW,osda_getaway_mean_9,1.3130378976474695e-05
SFW,osda_pmi2_std_0,1.1601563604803925e-05
SFW,osda_getaway_mean_256,1.10269611401045e-05
SFW,b_ratio_to_t,1.0948208274580053e-05
SFW,osda_whim_mean_0,1.0939453818458025e-05
SFW,k_ratio_to_t,1.0461535993933452e-05
SFW,osda_getaway_mean_137,1.0079334908040732e-05
SFW,osda_getaway_mean_33,9.827922420345216e-06
SGT,al_ratio_to_t,0.00021737744107690687
SGT,si_ratio_to_t,0.00018378127353197376
SGT,na_ratio_to_t,0.00014857234879974348
SGT,osda_getaway_mean_52,0.00013664062534946077
SGT,cryst_time,0.000127164633230286
SGT,cryst_temp,0.00011158130251127879
SGT,osda_getaway_mean_191,5.32670677901303e-05
SGT,f_ratio_to_t,5.045529091715042e-05
SGT,osda_getaway_mean_233,4.86768614407397e-05
SGT,osda_getaway_mean_149,4.3409581076406654e-05
SGT,osda_whim_mean_0,3.653200967899803e-05
SGT,osda_getaway_mean_24,3.6233217772577176e-05
SGT,osda_whim_mean_52,3.298165656427872e-05
SGT,osda_getaway_mean_57,3.261185648113797e-05
SGT,osda_getaway_mean_25,2.9239603495231662e-05
SGT,osda_mol_weight,2.8708436797277334e-05
SGT,osda_whim_mean_30,2.8460435796921555e-05
SGT,osda_getaway_mean_201,2.83752259836992e-05
SGT,osda_whim_mean_94,2.755762336358459e-05
SGT,osda_getaway_mean_231,2.7179308495293918e-05
SOD,na_ratio_to_t,0.0016881822247610512
SOD,f_ratio_to_t,0.0008219998174218546
SOD,cryst_time,0.0007308947101526367
SOD,si_ratio_to_t,0.0007149366844930878
SOD,al_ratio_to_t,0.000710039948780107
SOD,cryst_temp,0.0006136774486272597
SOD,k_ratio_to_t,0.0003167079847443493
SOD,osda_getaway_mean_191,0.00018481734348997286
SOD,osda_getaway_mean_233,0.0001639019591012447
SOD,p_ratio_to_t,0.00015639157251269247
SOD,osda_whim_mean_33,0.00014529582147639354
SOD,osda_getaway_mean_41,0.0001426795483588941
SOD,ge_ratio_to_t,0.0001415004135162367
SOD,osda_getaway_mean_76,0.00013155299966629414
SOD,osda_whim_mean_44,0.00010229977585202135
SOD,ga_ratio_to_t,0.00010018787894619047
SOD,osda_getaway_mean_24,9.900350472244037e-05
SOD,cs_ratio_to_t,9.221421683579501e-05
SOD,ti_ratio_to_t,8.967389896545026e-05
SOD,fe_ratio_to_t,8.101442455139688e-05
SOR,osda_box_mean_0,3.3120108591349666e-05
SOR,osda_getaway_mean_63,3.2915239737696755e-05
SOR,osda_getaway_mean_156,3.259049376912074e-05
SOR,cryst_time,2.939681917173979e-05
SOR,osda_getaway_mean_119,2.8796397039123157e-05
SOR,osda_whim_mean_33,2.700677374171449e-05
SOR,osda_getaway_mean_228,2.5672727695303085e-05
SOR,si_ratio_to_t,2.561466529876345e-05
SOR,osda_getaway_mean_52,2.537276044862503e-05
SOR,osda_getaway_mean_216,2.4812167780695057e-05
SOR,osda_getaway_mean_78,2.3250449889531136e-05
SOR,osda_getaway_mean_24,2.308716193513653e-05
SOR,osda_getaway_mean_125,2.2948227024255865e-05
SOR,osda_whim_mean_52,2.2925477225427675e-05
SOR,osda_getaway_mean_254,2.2662743460515452e-05
SOR,osda_pmi3_mean_0,2.1287612065428425e-05
SOR,osda_whim_mean_53,2.0274178231508314e-05
SOR,ge_ratio_to_t,1.9453508305144298e-05
SOR,osda_whim_mean_7,1.874165251316614e-05
SOR,osda_whim_mean_55,1.87160275148832e-05
SOS,ge_ratio_to_t,2.0391725098517682e-05
SOS,osda_getaway_mean_80,1.8535312477444227e-05
SOS,si_ratio_to_t,1.4017966121196261e-05
SOS,al_ratio_to_t,1.3319592077911405e-05
SOS,cryst_time,1.047883998947914e-05
SOS,osda_getaway_mean_130,9.475147156420773e-06
SOS,b_ratio_to_t,9.42146893261452e-06
SOS,osda_getaway_mean_24,9.289839023821899e-06
SOS,cryst_temp,9.082537912811387e-06
SOS,osda_eccentricity_std_0,8.779027872411786e-06
SOS,p_ratio_to_t,8.574216398778133e-06
SOS,osda_whim_mean_85,8.248306837538125e-06
SOS,f_ratio_to_t,7.779374293102811e-06
SOS,osda_whim_mean_52,6.541232805584813e-06
SOS,osda_whim_mean_94,6.414972263504911e-06
SOS,na_ratio_to_t,6.386634894390279e-06
SOS,osda_getaway_mean_191,6.264255298114981e-06
SOS,osda_whim_mean_49,6.0814158971317215e-06
SOS,osda_box_std_3,6.070112894971759e-06
SOS,osda_whim_mean_97,5.783563634854476e-06
SOV,osda_getaway_mean_69,6.0381477127808505e-05
SOV,osda_whim_mean_8,5.902291332010057e-05
SOV,osda_getaway_mean_39,4.339020361597312e-05
SOV,osda_box_std_1,4.0834456212312335e-05
SOV,osda_getaway_mean_10,3.836111738984309e-05
SOV,osda_whim_mean_20,3.6296985393563336e-05
SOV,osda_whim_mean_86,3.510484549408858e-05
SOV,osda_whim_mean_74,3.318923196969759e-05
SOV,si_ratio_to_t,3.077955134248326e-05
SOV,osda_num_rot_bonds_mean_0,2.830911955970133e-05
SOV,osda_getaway_mean_204,2.8129898896396185e-05
SOV,osda_whim_mean_44,2.6849199218596396e-05
SOV,osda_getaway_mean_142,2.5298492632662976e-05
SOV,osda_getaway_mean_126,2.4611595599363833e-05
SOV,osda_getaway_mean_87,2.3590337033899395e-05
SOV,f_ratio_to_t,2.3390478703606406e-05
SOV,cryst_time,2.208035763801524e-05
SOV,osda_getaway_mean_119,2.1303391035545957e-05
SOV,osda_getaway_mean_72,2.0882217222887926e-05
SOV,osda_whim_mean_5,2.0573491550185932e-05
SSF,osda_getaway_mean_178,8.519897221295931e-05
SSF,osda_getaway_mean_54,4.4153114189457785e-05
SSF,si_ratio_to_t,4.1930792250328505e-05
SSF,osda_getaway_mean_202,3.490520143945043e-05
SSF,osda_whim_mean_94,3.047186440570087e-05
SSF,osda_getaway_mean_12,2.7743706178909957e-05
SSF,osda_getaway_mean_212,2.679074678500473e-05
SSF,osda_box_std_6,2.491737896898234e-05
SSF,osda_getaway_mean_265,2.1004680592455048e-05
SSF,osda_getaway_mean_88,2.0196933748720025e-05
SSF,osda_box_std_8,1.9695115341916496e-05
SSF,osda_getaway_mean_239,1.943378723739763e-05
SSF,osda_getaway_mean_141,1.933488836766085e-05
SSF,osda_pmi3_std_0,1.8784564440703478e-05
SSF,osda_whim_mean_19,1.8589378846403763e-05
SSF,osda_getaway_mean_117,1.8113897386613716e-05
SSF,osda_getaway_mean_248,1.7957284812818408e-05
SSF,osda_getaway_mean_233,1.752334607263819e-05
SSF,osda_getaway_mean_220,1.669338133074162e-05
SSF,ge_ratio_to_t,1.5711936671658814e-05
SSY,osda_box_std_9,0.00015769130329045742
SSY,osda_getaway_mean_3,0.00014064185291472964
SSY,al_ratio_to_t,0.00012271702939580136
SSY,cryst_time,0.00011761651845194923
SSY,b_ratio_to_t,8.382711959683608e-05
SSY,cryst_temp,8.207459368141158e-05
SSY,si_ratio_to_t,7.62655160148628e-05
SSY,osda_getaway_mean_92,5.3965187430412325e-05
SSY,na_ratio_to_t,5.11618599146382e-05
SSY,osda_pmi3_std_0,4.981286671415772e-05
SSY,osda_getaway_mean_81,4.439739197966183e-05
SSY,osda_whim_mean_99,3.896072111247817e-05
SSY,osda_whim_mean_15,3.19848616993695e-05
SSY,osda_getaway_mean_148,2.815594651418413e-05
SSY,osda_getaway_mean_59,2.6768475637915774e-05
SSY,osda_whim_mean_43,2.6711207952046664e-05
SSY,osda_whim_mean_31,2.620570594672076e-05
SSY,osda_getaway_mean_60,2.6086294046172696e-05
SSY,osda_whim_mean_41,2.569408735519063e-05
SSY,osda_whim_mean_97,2.5625323218995557e-05
STF,si_ratio_to_t,0.0011386475726506984
STF,al_ratio_to_t,0.0009345380346509504
STF,cryst_temp,0.000871907294476062
STF,na_ratio_to_t,0.0005858861719791339
STF,osda_getaway_mean_171,0.0005408165902905295
STF,osda_getaway_mean_191,0.0005276272398838529
STF,cryst_time,0.0004877185105267507
STF,osda_whim_mean_87,0.0004001571774405535
STF,osda_whim_mean_33,0.0003710004175449101
STF,osda_whim_mean_100,0.0003415187596085553
STF,osda_getaway_mean_40,0.00033695502880086637
STF,osda_getaway_mean_113,0.00031285681426122255
STF,osda_whim_mean_104,0.0002728045321610898
STF,osda_whim_mean_94,0.00027190824361435754
STF,osda_getaway_mean_34,0.00026529157490968054
STF,osda_getaway_mean_50,0.0002636939183995605
STF,osda_whim_mean_52,0.0002636095915645968
STF,osda_getaway_mean_251,0.00025807845480156546
STF,osda_getaway_mean_222,0.00024903009767188904
STF,osda_whim_mean_24,0.00023399494361905953
STF/SFF,cryst_time,2.8197762075013074e-05
STF/SFF,f_ratio_to_t,2.1218810076989916e-05
STF/SFF,cryst_temp,6.1768857893968274e-06
STF/SFF,osda_whim_mean_48,5.688092883997311e-06
STF/SFF,osda_getaway_mean_191,5.020351198979309e-06
STF/SFF,osda_whim_mean_11,4.892152217116796e-06
STF/SFF,si_ratio_to_t,4.431769828413196e-06
STF/SFF,osda_asphericity_mean_0,4.013785963249559e-06
STF/SFF,osda_whim_mean_8,3.710281218965983e-06
STF/SFF,osda_whim_mean_94,3.6125519177696636e-06
STF/SFF,osda_getaway_mean_40,3.547013837211576e-06
STF/SFF,osda_whim_mean_99,3.5065362468064344e-06
STF/SFF,osda_whim_mean_91,3.280612871980108e-06
STF/SFF,osda_getaway_mean_61,2.968292039342636e-06
STF/SFF,osda_getaway_mean_6,2.9175241173619687e-06
STF/SFF,osda_getaway_mean_94,2.7835359856922047e-06
STF/SFF,osda_getaway_mean_17,2.739418303052072e-06
STF/SFF,osda_whim_mean_54,2.6487633531537063e-06
STF/SFF,osda_whim_mean_104,2.635010144565508e-06
STF/SFF,osda_whim_mean_31,2.6258690470429625e-06
STI,cryst_temp,0.00016524851212382978
STI,f_ratio_to_t,0.00015294646209532286
STI,si_ratio_to_t,0.00010832634870878867
STI,osda_getaway_mean_233,5.5084727455154494e-05
STI,cryst_time,5.1771245808735647e-05
STI,al_ratio_to_t,4.254209285634042e-05
STI,osda_whim_mean_106,3.9329803221962686e-05
STI,na_ratio_to_t,3.418384250441132e-05
STI,osda_whim_mean_76,3.3401109539920836e-05
STI,osda_getaway_mean_185,3.283834815730234e-05
STI,ge_ratio_to_t,3.14009181637993e-05
STI,osda_getaway_mean_138,3.088046933826962e-05
STI,osda_getaway_mean_184,3.0310182175041467e-05
STI,osda_getaway_mean_61,2.967131907345409e-05
STI,p_ratio_to_t,2.8665721552671986e-05
STI,osda_getaway_mean_60,2.6966256191624595e-05
STI,osda_getaway_mean_80,2.683351559059863e-05
STI,osda_whim_mean_100,2.461947762201843e-05
STI,osda_whim_mean_20,2.4261558024682134e-05
STI,osda_getaway_mean_40,2.3739875164858715e-05
STT,f_ratio_to_t,0.0006613490177031159
STT,cryst_time,0.00022103106338580223
STT,si_ratio_to_t,0.00017776276284136536
STT,cryst_temp,0.00012922233532678277
STT,al_ratio_to_t,0.00012205297067388749
STT,na_ratio_to_t,0.0001211499543099566
STT,rb_ratio_to_t,6.35028878385913e-05
STT,osda_getaway_mean_191,6.2699113079476e-05
STT,osda_whim_mean_102,5.992279483713156e-05
STT,osda_getaway_mean_255,4.51922881422039e-05
STT,osda_whim_mean_52,4.1157495538520366e-05
STT,b_ratio_to_t,3.570639689209389e-05
STT,osda_getaway_mean_182,3.552047496790106e-05
STT,osda_getaway_mean_217,3.5142085711566584e-05
STT,osda_whim_mean_100,3.264084341114769e-05
STT,osda_whim_mean_33,3.187260648913751e-05
STT,osda_getaway_mean_248,3.178491817714211e-05
STT,osda_getaway_mean_69,3.0817308400554877e-05
STT,osda_whim_mean_21,2.761287456270247e-05
STT,k_ratio_to_t,2.747857276097185e-05
STW,f_ratio_to_t,0.0021407599363916455
STW,ge_ratio_to_t,0.001647319701711016
STW,al_ratio_to_t,0.0012426557703022838
STW,si_ratio_to_t,0.0011713201896345511
STW,cryst_time,0.0008689688625740288
STW,cryst_temp,0.0007616102490123068
STW,na_ratio_to_t,0.00044202358463141456
STW,osda_getaway_mean_40,0.00022500424702606427
STW,b_ratio_to_t,0.00019136046186818553
STW,p_ratio_to_t,0.00016365022622422224
STW,k_ratio_to_t,0.00014237522901605667
STW,osda_whim_mean_14,0.0001322973313465523
STW,osda_whim_mean_94,0.00012214363197234169
STW,osda_getaway_mean_97,0.0001200860504238905
STW,osda_getaway_mean_191,0.00011568474621721225
STW,ti_ratio_to_t,8.902374127041945e-05
STW,osda_getaway_mean_36,7.242979671526363e-05
STW,osda_getaway_mean_19,6.895032755223579e-05
STW,osda_whim_mean_38,6.81340099191446e-05
STW,osda_getaway_mean_238,6.519174171745657e-05
SU-65,f_ratio_to_t,2.1390130668309706e-05
SU-65,ge_ratio_to_t,1.3898205881580637e-05
SU-65,al_ratio_to_t,1.1108264860336608e-05
SU-65,cryst_temp,9.640593174269102e-06
SU-65,si_ratio_to_t,8.239890775902339e-06
SU-65,cryst_time,7.732997197781794e-06
SU-65,osda_getaway_mean_191,5.768387195041779e-06
SU-65,osda_getaway_mean_19,5.122814279119123e-06
SU-65,p_ratio_to_t,4.586147062187722e-06
SU-65,k_ratio_to_t,4.018695422078469e-06
SU-65,osda_whim_mean_53,2.869303460624422e-06
SU-65,na_ratio_to_t,2.746995519927054e-06
SU-65,osda_axes_std_0,2.139516223145421e-06
SU-65,osda_getaway_mean_249,2.1381630835293686e-06
SU-65,osda_getaway_mean_44,1.957375290907825e-06
SU-65,osda_getaway_mean_95,1.903895442937807e-06
SU-65,osda_getaway_mean_105,1.8106991714191699e-06
SU-65,osda_getaway_mean_224,1.7821977383763485e-06
SU-65,osda_getaway_mean_115,1.7105516711618264e-06
SU-65,osda_box_mean_4,1.7024685883633864e-06
SU-67,si_ratio_to_t,1.754939424613377e-05
SU-67,f_ratio_to_t,1.713755992616224e-05
SU-67,ge_ratio_to_t,1.2096279543324026e-05
SU-67,al_ratio_to_t,1.1220278658824437e-05
SU-67,cryst_temp,1.1170283296241532e-05
SU-67,osda_getaway_mean_191,7.942222132645236e-06
SU-67,p_ratio_to_t,6.8211595371449876e-06
SU-67,osda_getaway_mean_233,6.281879766417975e-06
SU-67,osda_getaway_mean_175,5.071077659454635e-06
SU-67,osda_getaway_mean_40,4.833548378933553e-06
SU-67,osda_whim_mean_24,4.28357866629073e-06
SU-67,osda_getaway_mean_255,3.817625706284039e-06
SU-67,osda_getaway_mean_82,3.7911419814334832e-06
SU-67,osda_getaway_mean_262,3.5009232499919507e-06
SU-67,osda_whim_mean_102,3.265614449999851e-06
SU-67,osda_whim_mean_99,3.196293003882169e-06
SU-67,osda_axes_std_0,2.95878760634334e-06
SU-67,osda_getaway_mean_236,2.8893123207426974e-06
SU-67,cryst_time,2.8792709422276214e-06
SU-67,osda_whim_mean_57,2.8204726651012914e-06
SU-74,osda_getaway_mean_47,0.000208981622505277
SU-74,si_ratio_to_t,0.0001715271732989169
SU-74,al_ratio_to_t,0.00013025613928727785
SU-74,cryst_time,0.00011290838306015632
SU-74,ge_ratio_to_t,0.00011269098326699248
SU-74,osda_getaway_mean_63,6.725226780649238e-05
SU-74,f_ratio_to_t,5.555347700486504e-05
SU-74,cryst_temp,5.554485446952878e-05
SU-74,osda_getaway_mean_189,4.743120792009175e-05
SU-74,osda_getaway_mean_110,4.6724900184697076e-05
SU-74,osda_whim_mean_87,4.540110092578895e-05
SU-74,osda_getaway_mean_155,4.312474452481321e-05
SU-74,b_ratio_to_t,3.453477915565728e-05
SU-74,osda_getaway_mean_51,2.32421565367219e-05
SU-74,osda_whim_mean_8,2.2971066895083586e-05
SU-74,p_ratio_to_t,2.2627876672521404e-05
SU-74,osda_whim_mean_94,2.147112736948822e-05
SU-74,osda_whim_mean_44,2.016169143986347e-05
SU-74,osda_getaway_mean_120,1.9705513867773083e-05
SU-74,osda_getaway_mean_233,1.9250358746738432e-05
SU-77,f_ratio_to_t,2.1669781827219015e-05
SU-77,ge_ratio_to_t,1.040821543249742e-05
SU-77,si_ratio_to_t,9.408653717423887e-06
SU-77,cryst_temp,7.690555432897908e-06
SU-77,p_ratio_to_t,5.355576837391456e-06
SU-77,al_ratio_to_t,4.573611440542265e-06
SU-77,na_ratio_to_t,4.523072830305896e-06
SU-77,osda_getaway_mean_255,2.097375190878144e-06
SU-77,ni_ratio_to_t,2.0307176083520525e-06
SU-77,osda_getaway_mean_191,2.0216849962305372e-06
SU-77,cryst_time,1.8189585415712703e-06
SU-77,osda_getaway_mean_98,1.5619206367170034e-06
SU-77,osda_getaway_mean_258,1.301949642719506e-06
SU-77,osda_getaway_mean_99,1.2766510674468711e-06
SU-77,osda_whim_mean_41,1.2764196626040896e-06
SU-77,osda_getaway_mean_27,1.1733252252198959e-06
SU-77,osda_getaway_mean_190,1.1147211610607455e-06
SU-77,osda_getaway_mean_165,1.1120312590340652e-06
SU-77,osda_getaway_mean_233,1.0439993188837499e-06
SU-77,osda_getaway_mean_63,1.042575838152301e-06
SU-79,si_ratio_to_t,1.2304481594721124e-05
SU-79,cryst_temp,9.222296421859873e-06
SU-79,ni_ratio_to_t,8.09777612108167e-06
SU-79,al_ratio_to_t,7.89008128836575e-06
SU-79,cryst_time,7.615384800527636e-06
SU-79,ge_ratio_to_t,6.736101213269307e-06
SU-79,osda_box_mean_6,6.4090067366169795e-06
SU-79,p_ratio_to_t,4.608898869342096e-06
SU-79,na_ratio_to_t,4.148812552028378e-06
SU-79,osda_getaway_mean_27,3.5895479343626137e-06
SU-79,osda_whim_mean_94,3.072002340106682e-06
SU-79,osda_whim_mean_105,2.989832290790761e-06
SU-79,osda_getaway_mean_67,2.7804223372233644e-06
SU-79,osda_getaway_mean_142,2.7802944710135888e-06
SU-79,osda_getaway_mean_174,2.7293871710440193e-06
SU-79,osda_getaway_mean_13,2.5473916428112576e-06
SU-79,ga_ratio_to_t,2.513215826875125e-06
SU-79,osda_getaway_mean_169,2.2449759196237425e-06
SU-79,osda_getaway_mean_186,1.981396538567815e-06
SU-79,osda_whim_mean_77,1.934001836263063e-06
SU-M,ge_ratio_to_t,0.00019965427613923592
SU-M,cryst_temp,0.00011812305074955002
SU-M,si_ratio_to_t,0.00010584629429432796
SU-M,f_ratio_to_t,7.018172103112429e-05
SU-M,al_ratio_to_t,5.366854517559753e-05
SU-M,cryst_time,5.0853657354545345e-05
SU-M,na_ratio_to_t,1.7730224607667133e-05
SU-M,b_ratio_to_t,1.119652314548045e-05
SU-M,osda_getaway_mean_144,8.867253060202117e-06
SU-M,osda_whim_mean_33,7.381542210062258e-06
SU-M,p_ratio_to_t,6.951203871277867e-06
SU-M,osda_getaway_mean_112,6.403167272912145e-06
SU-M,cs_ratio_to_t,6.245816583255744e-06
SU-M,osda_getaway_mean_143,4.710543103973812e-06
SU-M,osda_getaway_mean_191,4.084682095720084e-06
SU-M,osda_getaway_mean_98,3.929498930690805e-06
SU-M,osda_getaway_mean_148,3.480624225888612e-06
SU-M,osda_getaway_mean_27,3.2468097887023173e-06
SU-M,k_ratio_to_t,3.0892129264879703e-06
SU-M,osda_getaway_mean_171,2.8102173060901282e-06
SU-MB,f_ratio_to_t,5.223892495180217e-05
SU-MB,ge_ratio_to_t,4.4967956224039754e-05
SU-MB,si_ratio_to_t,4.250175246188983e-05
SU-MB,cryst_time,2.2728055067727633e-05
SU-MB,al_ratio_to_t,2.2582914517521934e-05
SU-MB,cryst_temp,9.8740543512489e-06
SU-MB,na_ratio_to_t,4.990577901594531e-06
SU-MB,b_ratio_to_t,4.226552468602757e-06
SU-MB,p_ratio_to_t,3.164903725918661e-06
SU-MB,osda_getaway_mean_40,2.3739799436916315e-06
SU-MB,osda_getaway_mean_248,2.137636221065629e-06
SU-MB,osda_getaway_mean_238,2.0910762991834e-06
SU-MB,osda_getaway_mean_191,1.81160510130633e-06
SU-MB,osda_whim_mean_31,1.6593890694174009e-06
SU-MB,osda_whim_mean_20,1.615198003935139e-06
SU-MB,osda_getaway_mean_2,1.357487326270371e-06
SU-MB,k_ratio_to_t,1.2376408712138995e-06
SU-MB,osda_getaway_mean_233,1.2284684743275258e-06
SU-MB,osda_getaway_mean_97,1.2075843981225138e-06
SU-MB,osda_whim_mean_107,9.485642099765743e-07
SVV,osda_whim_mean_14,0.00016521386826357247
SVV,ge_ratio_to_t,0.0001312600319015673
SVV,si_ratio_to_t,8.39291447089726e-05
SVV,cryst_time,7.578841612078064e-05
SVV,al_ratio_to_t,5.479866010929283e-05
SVV,cryst_temp,4.409645433743076e-05
SVV,na_ratio_to_t,4.115439813002326e-05
SVV,osda_whim_mean_89,4.057439135453895e-05
SVV,osda_getaway_mean_191,3.482966970947664e-05
SVV,osda_getaway_mean_19,3.300246960289029e-05
SVV,osda_getaway_mean_207,2.988165144962234e-05
SVV,osda_getaway_mean_59,2.876272560554479e-05
SVV,k_ratio_to_t,2.6543741846506605e-05
SVV,osda_getaway_mean_101,2.497555323293233e-05
SVV,osda_getaway_mean_21,2.3133329627872568e-05
SVV,osda_whim_mean_33,2.2928024333085624e-05
SVV,osda_getaway_mean_248,2.220984027523901e-05
SVV,osda_whim_mean_104,2.078802755934731e-05
SVV,osda_getaway_mean_60,1.9569765672556494e-05
SVV,osda_getaway_mean_32,1.8700207674460833e-05
SWY,cryst_time,5.851321720007042e-05
SWY,osda_getaway_mean_98,2.0770661986687197e-05
SWY,cryst_temp,1.97300113890427e-05
SWY,osda_whim_mean_24,1.724014249713111e-05
SWY,osda_getaway_mean_36,1.650766921343127e-05
SWY,osda_getaway_mean_138,1.6417247479688163e-05
SWY,osda_getaway_mean_18,1.59244951616547e-05
SWY,osda_box_std_9,1.1625737654837793e-05
SWY,osda_getaway_mean_257,1.0960079733918324e-05
SWY,al_ratio_to_t,1.0741587167732664e-05
SWY,osda_getaway_mean_78,1.0468116525430625e-05
SWY,osda_getaway_mean_166,1.0045544572519347e-05
SWY,si_ratio_to_t,9.966751530043537e-06
SWY,osda_getaway_mean_245,9.928000256702697e-06
SWY,osda_getaway_mean_269,9.449314500436413e-06
SWY,osda_getaway_mean_57,9.093311955519573e-06
SWY,osda_getaway_mean_252,8.695089025095805e-06
SWY,osda_npr2_std_0,8.281054911024249e-06
SWY,osda_getaway_mean_3,8.240586075085888e-06
SWY,osda_getaway_mean_1,8.062242093360638e-06
SZR,k_ratio_to_t,0.0019049393484710708
SZR,cryst_temp,0.0006844170784804607
SZR,si_ratio_to_t,0.0006313691650588432
SZR,cryst_time,0.0006165847590737582
SZR,na_ratio_to_t,0.0006119735168574846
SZR,al_ratio_to_t,0.0005820651467850161
SZR,f_ratio_to_t,0.00024838186373139944
SZR,p_ratio_to_t,0.00017135612154358344
SZR,osda_getaway_mean_191,7.012408122424502e-05
SZR,osda_whim_mean_104,6.946418342906706e-05
SZR,osda_getaway_mean_175,6.59012272537251e-05
SZR,ge_ratio_to_t,5.6778358203471703e-05
SZR,b_ratio_to_t,4.546092521806694e-05
SZR,li_ratio_to_t,4.361711348735687e-05
SZR,zn_ratio_to_t,4.340511762633772e-05
SZR,osda_getaway_mean_233,4.183988876195074e-05
SZR,osda_whim_mean_57,4.0147418170463284e-05
SZR,osda_getaway_mean_3,3.9961574658819397e-05
SZR,osda_whim_mean_108,3.5541147045047956e-05
SZR,osda_whim_mean_100,3.4146057476530806e-05
THO,si_ratio_to_t,6.397346710296813e-05
THO,p_ratio_to_t,3.887006739041999e-05
THO,al_ratio_to_t,3.4379310096168454e-05
THO,osda_getaway_mean_58,2.8139826600456322e-05
THO,cryst_temp,2.0661249435340825e-05
THO,cryst_time,1.856131797548676e-05
THO,osda_box_std_9,1.8382171984667127e-05
THO,osda_box_mean_0,1.696113539538506e-05
THO,osda_box_std_0,1.6667288970387202e-05
THO,mn_ratio_to_t,1.6624622525146275e-05
THO,osda_whim_mean_29,1.64024312968232e-05
THO,osda_getaway_mean_13,1.4232503547070911e-05
THO,osda_getaway_mean_236,1.3635253020395809e-05
THO,osda_whim_mean_5,1.3286561552276274e-05
THO,osda_getaway_mean_191,1.2861655619457942e-05
THO,osda_whim_mean_42,1.2279646366315298e-05
THO,osda_getaway_mean_52,1.1878647676372117e-05
THO,na_ratio_to_t,1.1453920527890283e-05
THO,osda_whim_mean_111,1.0840375694271247e-05
THO,osda_getaway_mean_38,1.0417163921413939e-05
TON,cryst_temp,0.0025033156948715855
TON,si_ratio_to_t,0.0021770989127586414
TON,cryst_time,0.0017212775423624989
TON,al_ratio_to_t,0.001678121807197764
TON,k_ratio_to_t,0.0015205088950757532
TON,f_ratio_to_t,0.0012407485917776686
TON,osda_getaway_mean_191,0.0007872763899921001
TON,na_ratio_to_t,0.0006643917252602337
TON,p_ratio_to_t,0.0006123211695089725
TON,ge_ratio_to_t,0.000564640118680798
TON,osda_getaway_mean_136,0.00036909791110677887
TON,li_ratio_to_t,0.00033593442411387854
TON,osda_getaway_mean_201,0.00033470284673774647
TON,ti_ratio_to_t,0.0002953530872546089
TON,osda_whim_mean_41,0.00028838969665178916
TON,osda_getaway_mean_11,0.0002728530971939842
TON,osda_getaway_mean_98,0.0002587608922226669
TON,b_ratio_to_t,0.00025139223249315404
TON,osda_getaway_mean_9,0.00024658311799947085
TON,osda_whim_mean_8,0.00023390561906240837
TON/MTT,na_ratio_to_t,0.0011523640581219865
TON/MTT,cryst_time,0.00019452065726666877
TON/MTT,si_ratio_to_t,0.00013396523193095453
TON/MTT,al_ratio_to_t,0.00012898281658985412
TON/MTT,f_ratio_to_t,0.00012341756211911334
TON/MTT,osda_getaway_mean_191,9.8558496916054e-05
TON/MTT,cryst_temp,7.432814934220463e-05
TON/MTT,k_ratio_to_t,6.658453121134352e-05
TON/MTT,p_ratio_to_t,5.720518927941325e-05
TON/MTT,osda_getaway_mean_98,4.8360843271620715e-05
TON/MTT,osda_whim_mean_33,3.772327228686695e-05
TON/MTT,osda_getaway_mean_258,3.768502945566317e-05
TON/MTT,osda_getaway_mean_233,3.75905466174679e-05
TON/MTT,osda_getaway_mean_175,3.478783113570017e-05
TON/MTT,osda_whim_mean_68,3.206778701101762e-05
TON/MTT,osda_getaway_mean_222,2.7673325984065524e-05
TON/MTT,osda_getaway_mean_40,2.620490628272301e-05
TON/MTT,osda_getaway_mean_19,2.5371717501101737e-05
TON/MTT,osda_whim_mean_86,2.445434837590857e-05
TON/MTT,osda_getaway_mean_61,2.4402183927769148e-05
TUN,na_ratio_to_t,0.0002224453192119995
TUN,cryst_time,0.00013426175529407142
TUN,si_ratio_to_t,0.00013183855164420322
TUN,al_ratio_to_t,0.00012628577723084052
TUN,osda_getaway_mean_233,9.718947817531633e-05
TUN,osda_whim_mean_106,9.559003622723767e-05
TUN,osda_getaway_mean_27,9.456493063313145e-05
TUN,osda_getaway_mean_173,8.784239259743718e-05
TUN,osda_whim_mean_33,8.403970663490621e-05
TUN,osda_whim_mean_102,6.682994332405828e-05
TUN,osda_whim_mean_52,6.01119138108149e-05
TUN,osda_getaway_mean_231,5.825941956379957e-05
TUN,osda_num_rot_bonds_mean_0,5.746748646895034e-05
TUN,osda_whim_mean_16,5.675189581704028e-05
TUN,cryst_temp,5.482541001112573e-05
TUN,osda_getaway_mean_40,5.455112413109783e-05
TUN,osda_whim_mean_3,4.916285441912947e-05
TUN,osda_getaway_mean_255,4.553834717483802e-05
TUN,osda_whim_mean_76,4.348420044165583e-05
TUN,osda_getaway_mean_36,4.3440268059385565e-05
UFI,si_ratio_to_t,0.00026804382118984213
UFI,al_ratio_to_t,0.00017137130341144261
UFI,cryst_temp,9.845009956974032e-05
UFI,cryst_time,7.689260972700361e-05
UFI,p_ratio_to_t,6.822063306506317e-05
UFI,f_ratio_to_t,6.550979988359565e-05
UFI,na_ratio_to_t,6.315876906216518e-05
UFI,k_ratio_to_t,4.206297415453289e-05
UFI,li_ratio_to_t,3.2601685513431625e-05
UFI,osda_whim_mean_104,2.8172090670200342e-05
UFI,osda_getaway_mean_191,2.8062864583338923e-05
UFI,osda_getaway_mean_233,2.3683342705134836e-05
UFI,osda_whim_mean_52,2.282182560300072e-05
UFI,ge_ratio_to_t,2.2773699981232245e-05
UFI,osda_getaway_mean_175,2.2508179138078637e-05
UFI,osda_whim_mean_33,1.8902958218495473e-05
UFI,zn_ratio_to_t,1.7646112552513347e-05
UFI,osda_getaway_mean_255,1.6944360330617184e-05
UFI,osda_getaway_mean_3,1.5827344698111745e-05
UFI,osda_getaway_mean_151,1.5339982351447366e-05
UOS,osda_getaway_mean_102,0.00015116297912822773
UOS,osda_getaway_mean_52,3.605526995080291e-05
UOS,osda_whim_mean_13,3.332976673576888e-05
UOS,osda_getaway_mean_160,3.269996538910302e-05
UOS,osda_getaway_mean_143,3.2655685219603394e-05
UOS,osda_getaway_mean_255,3.11623639000445e-05
UOS,osda_whim_mean_96,3.038315179626747e-05
UOS,osda_getaway_mean_247,2.8518330915799727e-05
UOS,osda_box_std_4,2.8007423312727205e-05
UOS,osda_whim_mean_97,2.732766450401322e-05
UOS,osda_getaway_mean_191,2.6458031749602513e-05
UOS,osda_box_std_7,2.6083460659504314e-05
UOS,si_ratio_to_t,2.592370064807394e-05
UOS,al_ratio_to_t,2.5246495090723533e-05
UOS,osda_getaway_mean_76,2.482287550704654e-05
UOS,osda_whim_mean_33,2.3456784065758273e-05
UOS,osda_getaway_mean_251,2.315495046622309e-05
UOS,osda_getaway_mean_3,2.1865825898330037e-05
UOS,osda_whim_mean_86,2.1018256567224668e-05
UOS,osda_getaway_mean_62,2.065156281912953e-05
UOV,si_ratio_to_t,0.00017200091323455442
UOV,ge_ratio_to_t,6.257974208725082e-05
UOV,osda_getaway_mean_25,3.296627358101845e-05
UOV,f_ratio_to_t,2.750876907693931e-05
UOV,cryst_temp,2.6272376844526767e-05
UOV,al_ratio_to_t,2.571772458276835e-05
UOV,osda_getaway_mean_189,1.8396464289670927e-05
UOV,osda_getaway_mean_113,1.771399680284358e-05
UOV,osda_getaway_mean_233,1.6884556316445804e-05
UOV,na_ratio_to_t,1.5692073504875314e-05
UOV,cryst_time,1.4476160627970306e-05
UOV,osda_getaway_mean_38,1.113244467715192e-05
UOV,osda_getaway_mean_37,1.0852482584599039e-05
UOV,osda_box_std_1,1.02539241192197e-05
UOV,osda_getaway_mean_191,9.95670773581939e-06
UOV,osda_getaway_mean_19,8.961556081759208e-06
UOV,osda_asphericity_std_0,8.660936128644568e-06
UOV,osda_whim_mean_52,8.60334222082376e-06
UOV,osda_getaway_mean_258,8.597927440915526e-06
UOV,osda_getaway_mean_98,8.531994276771027e-06
UOZ,ge_ratio_to_t,0.00035571415340735857
UOZ,al_ratio_to_t,0.0003407534301104472
UOZ,si_ratio_to_t,0.0002203821762380434
UOZ,f_ratio_to_t,0.00019081275140953415
UOZ,cryst_time,0.00018040018409259595
UOZ,cryst_temp,0.00014509595663085283
UOZ,b_ratio_to_t,5.4936393170798094e-05
UOZ,na_ratio_to_t,2.9303676678747694e-05
UOZ,osda_getaway_mean_98,2.9042321304003742e-05
UOZ,k_ratio_to_t,2.6740159458162774e-05
UOZ,osda_getaway_mean_143,1.3735434662179034e-05
UOZ,osda_getaway_mean_217,1.1680483452379741e-05
UOZ,osda_getaway_mean_34,1.0210145474742079e-05
UOZ,osda_getaway_mean_191,9.779358670134768e-06
UOZ,osda_getaway_mean_27,9.753332027857795e-06
UOZ,osda_axes_std_0,9.530272045225714e-06
UOZ,p_ratio_to_t,9.470775332200382e-06
UOZ,osda_getaway_mean_190,8.405402367931039e-06
UOZ,osda_whim_mean_33,8.217600755020963e-06
UOZ,osda_getaway_mean_46,7.687456920225881e-06
USI,osda_getaway_mean_191,9.369054292812572e-05
USI,al_ratio_to_t,9.313890222865159e-05
USI,osda_whim_mean_0,9.031790131695833e-05
USI,osda_getaway_mean_63,8.41593170862449e-05
USI,cryst_time,7.961250251670207e-05
USI,ga_ratio_to_t,7.96003548101596e-05
USI,si_ratio_to_t,6.990588692629779e-05
USI,cryst_temp,6.408950812780286e-05
USI,osda_getaway_mean_34,6.147497430701208e-05
USI,osda_getaway_mean_255,5.090659618485712e-05
USI,f_ratio_to_t,4.934267421928321e-05
USI,osda_getaway_mean_80,4.8267517996237453e-05
USI,osda_getaway_mean_205,4.691154544558683e-05
USI,osda_getaway_mean_233,4.36848130295277e-05
USI,osda_getaway_mean_186,4.274206124920743e-05
USI,osda_getaway_mean_223,3.9291792767068185e-05
USI,osda_whim_mean_85,3.926522146751494e-05
USI,osda_getaway_mean_61,3.552942867317284e-05
USI,osda_getaway_mean_247,3.436562559950209e-05
USI,osda_getaway_mean_244,3.3881529823068715e-05
UTL,f_ratio_to_t,0.0017569808998655835
UTL,ge_ratio_to_t,0.001532833629852076
UTL,cryst_temp,0.0010871701044871099
UTL,al_ratio_to_t,0.0008539200981470807
UTL,si_ratio_to_t,0.0008340673235146468
UTL,na_ratio_to_t,0.0006491473745533579
UTL,osda_getaway_mean_54,0.0004469126497286837
UTL,cryst_time,0.0004328087830424296
UTL,osda_getaway_mean_242,0.00040429189353775874
UTL,osda_getaway_mean_233,0.0003931081802150385
UTL,osda_getaway_mean_255,0.0003651346735582806
UTL,osda_getaway_mean_191,0.0003417674197163108
UTL,osda_getaway_mean_55,0.00030856629507589907
UTL,osda_getaway_mean_98,0.0002808833992105911
UTL,osda_getaway_mean_113,0.000267261288267842
UTL,k_ratio_to_t,0.00026457248128986454
UTL,osda_getaway_mean_212,0.00025939227361818025
UTL,osda_whim_mean_94,0.00024406245682865617
UTL,osda_getaway_mean_182,0.00024345706125189785
UTL,osda_getaway_mean_72,0.00023549301411627337
UWY,osda_getaway_mean_191,8.616786790559946e-05
UWY,na_ratio_to_t,4.1693122820664516e-05
UWY,si_ratio_to_t,3.7864418722031246e-05
UWY,osda_getaway_mean_233,2.9123864981021683e-05
UWY,ge_ratio_to_t,2.767215276170061e-05
UWY,osda_getaway_mean_61,2.6576400397086656e-05
UWY,cryst_time,2.5797374671025495e-05
UWY,osda_getaway_mean_98,2.4533336262549473e-05
UWY,osda_pmi3_std_0,2.0093808759399626e-05
UWY,osda_getaway_mean_251,1.90368623928676e-05
UWY,osda_free_sasa_mean_0,1.865029618256872e-05
UWY,al_ratio_to_t,1.8213938416083894e-05
UWY,osda_whim_mean_86,1.5556631931425866e-05
UWY,osda_axes_std_0,1.5518934249992255e-05
UWY,osda_getaway_mean_42,1.495300100908585e-05
UWY,osda_whim_mean_70,1.4791904839749596e-05
UWY,osda_getaway_mean_35,1.4651531485508826e-05
UWY,osda_whim_mean_50,1.3660797660557255e-05
UWY,f_ratio_to_t,1.2930001960904299e-05
UWY,osda_getaway_mean_173,1.266553273592331e-05
VET,li_ratio_to_t,0.0023726794102542368
VET,zn_ratio_to_t,0.0017509057089423465
VET,si_ratio_to_t,0.0011171550029542192
VET,al_ratio_to_t,0.0010661697207251409
VET,cryst_temp,0.0008875843211670453
VET,cryst_time,0.0005813031872156104
VET,f_ratio_to_t,0.00029389389620857565
VET,na_ratio_to_t,0.00025730199302297817
VET,k_ratio_to_t,0.0002298175589057501
VET,ge_ratio_to_t,0.00018253268528778304
VET,osda_getaway_mean_251,0.00015993053153409646
VET,osda_getaway_mean_89,0.00014994469828412307
VET,b_ratio_to_t,0.0001333545172240299
VET,osda_whim_mean_1,0.00011561338106620877
VET,osda_getaway_mean_202,0.00011287520671013549
VET,osda_getaway_mean_191,0.00010610132566890414
VET,osda_getaway_mean_137,0.00010381920794537361
VET,osda_getaway_mean_233,9.925802807124031e-05
VET,osda_getaway_mean_238,9.818488002813196e-05
VET,osda_getaway_mean_98,9.77493603151353e-05
VFI,cryst_temp,0.00039984872786319936
VFI,si_ratio_to_t,0.00025849205985361347
VFI,cryst_time,0.000216025884539366
VFI,al_ratio_to_t,0.00019615923658451273
VFI,na_ratio_to_t,0.0001761475890734058
VFI,p_ratio_to_t,0.0001711022170253487
VFI,osda_getaway_mean_191,9.368246192290939e-05
VFI,osda_getaway_mean_141,8.244081569123846e-05
VFI,osda_box_mean_3,7.643770714740567e-05
VFI,osda_getaway_mean_2,7.30253104036402e-05
VFI,osda_whim_mean_9,7.048423184538279e-05
VFI,f_ratio_to_t,6.771202611354783e-05
VFI,osda_getaway_mean_98,6.477028600585591e-05
VFI,osda_getaway_mean_64,5.471866287258742e-05
VFI,osda_getaway_mean_152,5.312459440611584e-05
VFI,osda_getaway_mean_139,5.1500576464855016e-05
VFI,osda_whim_mean_85,5.0862012187688706e-05
VFI,osda_getaway_mean_233,5.07304795596346e-05
VFI,osda_box_std_9,5.058142001671205e-05
VFI,osda_getaway_mean_143,4.962580010131744e-05
VSV,cryst_temp,0.00010847931249151484
VSV,na_ratio_to_t,0.00010483228945257298
VSV,cryst_time,9.801052769596369e-05
VSV,zn_ratio_to_t,6.410462606271685e-05
VSV,al_ratio_to_t,5.497911750560351e-05
VSV,f_ratio_to_t,4.569048538641729e-05
VSV,osda_getaway_mean_119,3.28646658383883e-05
VSV,si_ratio_to_t,3.065567893142281e-05
VSV,k_ratio_to_t,2.7758672265534687e-05
VSV,osda_getaway_mean_190,2.5372459311394762e-05
VSV,li_ratio_to_t,2.515793986259429e-05
VSV,p_ratio_to_t,1.8140559321121834e-05
VSV,osda_whim_mean_99,1.5797170422752636e-05
VSV,osda_getaway_mean_191,1.2787200582164374e-05
VSV,osda_whim_mean_102,1.2325899763856618e-05
VSV,osda_getaway_mean_175,9.122796792624442e-06
VSV,osda_whim_mean_31,7.960772075793979e-06
VSV,ga_ratio_to_t,7.935340837332226e-06
VSV,osda_getaway_mean_3,7.791170640434461e-06
VSV,osda_getaway_mean_255,7.47264492001206e-06
YFI,osda_getaway_mean_191,0.00019556501142661644
YFI,osda_getaway_mean_27,0.00013953085964917122
YFI,cryst_temp,0.00013847726866156
YFI,al_ratio_to_t,0.00013236604648471915
YFI,osda_getaway_mean_136,0.00013080993117333791
YFI,osda_whim_mean_113,0.00011483026655302651
YFI,si_ratio_to_t,0.00010165391743495392
YFI,osda_getaway_mean_212,9.877631659126359e-05
YFI,na_ratio_to_t,9.143983898354945e-05
YFI,osda_getaway_mean_143,8.449214444698518e-05
YFI,osda_getaway_mean_201,7.991076757838955e-05
YFI,cryst_time,7.850425238266463e-05
YFI,osda_getaway_mean_34,5.3004658186144546e-05
YFI,osda_inertial_shape_factor_std_0,4.2344509759347655e-05
YFI,osda_axes_mean_1,3.8289330112673524e-05
YFI,osda_getaway_mean_251,3.709454373988014e-05
YFI,osda_getaway_mean_148,3.402612761714986e-05
YFI,osda_getaway_mean_9,3.402188364567662e-05
YFI,osda_getaway_mean_72,3.350416682420341e-05
YFI,osda_getaway_mean_110,2.90988787175459e-05
ZON,f_ratio_to_t,0.0002423477123008504
ZON,p_ratio_to_t,0.00015188900121830852
ZON,si_ratio_to_t,0.000134073594840228
ZON,al_ratio_to_t,0.00011465608765748864
ZON,ce_ratio_to_t,0.00010335335454665413
ZON,na_ratio_to_t,4.399473956484596e-05
ZON,cryst_time,4.386028821759058e-05
ZON,osda_getaway_mean_191,3.140946842986579e-05
ZON,cryst_temp,2.6726148330116454e-05
ZON,osda_whim_mean_33,2.156981719991878e-05
ZON,osda_getaway_mean_258,1.9828878480553754e-05
ZON,osda_getaway_mean_63,1.7317700086404034e-05
ZON,osda_getaway_mean_60,1.691120256225397e-05
ZON,osda_box_mean_3,1.6263782810394736e-05
ZON,osda_getaway_mean_175,1.5706353959074766e-05
ZON,osda_whim_mean_84,1.3842162005780883e-05
ZON,osda_whim_mean_0,1.3456800241853327e-05
ZON,osda_getaway_mean_233,1.3430199566160049e-05
ZON,osda_whim_mean_86,1.2897995793264997e-05
ZON,osda_whim_mean_52,1.2060963207467097e-05
